/*
 * image.c
 *
 * Created: 06/12/2020 15:04:16
 *  Author: jonso
 */ 

#include <stdint.h>

/* C:\Users\jonso\OneDrive\Documents\toyotune-hw\toyotune_lv_2p1\test code\production_test.bin (23/05/2020 15:47:23)
   StartOffset(h): 00000000, EndOffset(h): 00007FFF, Length(h): 00008000 */
/* C:\Users\jonso\OneDrive\Documents\toyotune-rom\trunk\3S-GTE\D151803-9651\output\toyotune\D151803-9651.bin (13/06/2020 22:09:25)
   StartOffset(h): 00000000, EndOffset(h): 00007FFF, Length(h): 00008000 */

const uint8_t /*__attribute__((section (".mcu_image")))*/ DMCU_Image[32768] =
{
	0xFF, 0xFF, 0xFF, 0xFF, 0xFF, 0xFF, 0xFF, 0xFF, 0xFF, 0xFF, 0xFF, 0xFF,
	0xFF, 0xFF, 0xFF, 0xFF, 0xFF, 0xFF, 0xFF, 0xFF, 0xFF, 0xFF, 0xFF, 0xFF,
	0xFF, 0xFF, 0xFF, 0xFF, 0xFF, 0xFF, 0xFF, 0xFF, 0xFF, 0xFF, 0xFF, 0xFF,
	0xFF, 0xFF, 0xFF, 0xFF, 0xFF, 0xFF, 0xFF, 0xFF, 0xFF, 0xFF, 0xFF, 0xFF,
	0xFF, 0xFF, 0xFF, 0xFF, 0xFF, 0xFF, 0xFF, 0xFF, 0xFF, 0xFF, 0xFF, 0xFF,
	0xFF, 0xFF, 0xFF, 0xFF, 0xFF, 0xFF, 0xFF, 0xFF, 0xFF, 0xFF, 0xFF, 0xFF,
	0xFF, 0xFF, 0xFF, 0xFF, 0xFF, 0xFF, 0xFF, 0xFF, 0xFF, 0xFF, 0xFF, 0xFF,
	0xFF, 0xFF, 0xFF, 0xFF, 0xFF, 0xFF, 0xFF, 0xFF, 0xFF, 0xFF, 0xFF, 0xFF,
	0xFF, 0xFF, 0xFF, 0xFF, 0xFF, 0xFF, 0xFF, 0xFF, 0xFF, 0xFF, 0xFF, 0xFF,
	0xFF, 0xFF, 0xFF, 0xFF, 0xFF, 0xFF, 0xFF, 0xFF, 0xFF, 0xFF, 0xFF, 0xFF,
	0xFF, 0xFF, 0xFF, 0xFF, 0xFF, 0xFF, 0xFF, 0xFF, 0xFF, 0xFF, 0xFF, 0xFF,
	0xFF, 0xFF, 0xFF, 0xFF, 0xFF, 0xFF, 0xFF, 0xFF, 0xFF, 0xFF, 0xFF, 0xFF,
	0xFF, 0xFF, 0xFF, 0xFF, 0xFF, 0xFF, 0xFF, 0xFF, 0xFF, 0xFF, 0xFF, 0xFF,
	0xFF, 0xFF, 0xFF, 0xFF, 0xFF, 0xFF, 0xFF, 0xFF, 0xFF, 0xFF, 0xFF, 0xFF,
	0xFF, 0xFF, 0xFF, 0xFF, 0xFF, 0xFF, 0xFF, 0xFF, 0xFF, 0xFF, 0xFF, 0xFF,
	0xFF, 0xFF, 0xFF, 0xFF, 0xFF, 0xFF, 0xFF, 0xFF, 0xFF, 0xFF, 0xFF, 0xFF,
	0xFF, 0xFF, 0xFF, 0xFF, 0xFF, 0xFF, 0xFF, 0xFF, 0xFF, 0xFF, 0xFF, 0xFF,
	0xFF, 0xFF, 0xFF, 0xFF, 0xFF, 0xFF, 0xFF, 0xFF, 0xFF, 0xFF, 0xFF, 0xFF,
	0xFF, 0xFF, 0xFF, 0xFF, 0xFF, 0xFF, 0xFF, 0xFF, 0xFF, 0xFF, 0xFF, 0xFF,
	0xFF, 0xFF, 0xFF, 0xFF, 0xFF, 0xFF, 0xFF, 0xFF, 0xFF, 0xFF, 0xFF, 0xFF,
	0xFF, 0xFF, 0xFF, 0xFF, 0xFF, 0xFF, 0xFF, 0xFF, 0xFF, 0xFF, 0xFF, 0xFF,
	0xFF, 0xFF, 0xFF, 0xFF, 0xFF, 0xFF, 0xFF, 0xFF, 0xFF, 0xFF, 0xFF, 0xFF,
	0xFF, 0xFF, 0xFF, 0xFF, 0xFF, 0xFF, 0xFF, 0xFF, 0xFF, 0xFF, 0xFF, 0xFF,
	0xFF, 0xFF, 0xFF, 0xFF, 0xFF, 0xFF, 0xFF, 0xFF, 0xFF, 0xFF, 0xFF, 0xFF,
	0xFF, 0xFF, 0xFF, 0xFF, 0xFF, 0xFF, 0xFF, 0xFF, 0xFF, 0xFF, 0xFF, 0xFF,
	0xFF, 0xFF, 0xFF, 0xFF, 0xFF, 0xFF, 0xFF, 0xFF, 0xFF, 0xFF, 0xFF, 0xFF,
	0xFF, 0xFF, 0xFF, 0xFF, 0xFF, 0xFF, 0xFF, 0xFF, 0xFF, 0xFF, 0xFF, 0xFF,
	0xFF, 0xFF, 0xFF, 0xFF, 0xFF, 0xFF, 0xFF, 0xFF, 0xFF, 0xFF, 0xFF, 0xFF,
	0xFF, 0xFF, 0xFF, 0xFF, 0xFF, 0xFF, 0xFF, 0xFF, 0xFF, 0xFF, 0xFF, 0xFF,
	0xFF, 0xFF, 0xFF, 0xFF, 0xFF, 0xFF, 0xFF, 0xFF, 0xFF, 0xFF, 0xFF, 0xFF,
	0xFF, 0xFF, 0xFF, 0xFF, 0xFF, 0xFF, 0xFF, 0xFF, 0xFF, 0xFF, 0xFF, 0xFF,
	0xFF, 0xFF, 0xFF, 0xFF, 0xFF, 0xFF, 0xFF, 0xFF, 0xFF, 0xFF, 0xFF, 0xFF,
	0xFF, 0xFF, 0xFF, 0xFF, 0xFF, 0xFF, 0xFF, 0xFF, 0xFF, 0xFF, 0xFF, 0xFF,
	0xFF, 0xFF, 0xFF, 0xFF, 0xFF, 0xFF, 0xFF, 0xFF, 0xFF, 0xFF, 0xFF, 0xFF,
	0xFF, 0xFF, 0xFF, 0xFF, 0xFF, 0xFF, 0xFF, 0xFF, 0xFF, 0xFF, 0xFF, 0xFF,
	0xFF, 0xFF, 0xFF, 0xFF, 0xFF, 0xFF, 0xFF, 0xFF, 0xFF, 0xFF, 0xFF, 0xFF,
	0xFF, 0xFF, 0xFF, 0xFF, 0xFF, 0xFF, 0xFF, 0xFF, 0xFF, 0xFF, 0xFF, 0xFF,
	0xFF, 0xFF, 0xFF, 0xFF, 0xFF, 0xFF, 0xFF, 0xFF, 0xFF, 0xFF, 0xFF, 0xFF,
	0xFF, 0xFF, 0xFF, 0xFF, 0xFF, 0xFF, 0xFF, 0xFF, 0xFF, 0xFF, 0xFF, 0xFF,
	0xFF, 0xFF, 0xFF, 0xFF, 0xFF, 0xFF, 0xFF, 0xFF, 0xFF, 0xFF, 0xFF, 0xFF,
	0xFF, 0xFF, 0xFF, 0xFF, 0xFF, 0xFF, 0xFF, 0xFF, 0xFF, 0xFF, 0xFF, 0xFF,
	0xFF, 0xFF, 0xFF, 0xFF, 0xFF, 0xFF, 0xFF, 0xFF, 0xFF, 0xFF, 0xFF, 0xFF,
	0xFF, 0xFF, 0xFF, 0xFF, 0xFF, 0xFF, 0xFF, 0xFF, 0xFF, 0xFF, 0xFF, 0xFF,
	0xFF, 0xFF, 0xFF, 0xFF, 0xFF, 0xFF, 0xFF, 0xFF, 0xFF, 0xFF, 0xFF, 0xFF,
	0xFF, 0xFF, 0xFF, 0xFF, 0xFF, 0xFF, 0xFF, 0xFF, 0xFF, 0xFF, 0xFF, 0xFF,
	0xFF, 0xFF, 0xFF, 0xFF, 0xFF, 0xFF, 0xFF, 0xFF, 0xFF, 0xFF, 0xFF, 0xFF,
	0xFF, 0xFF, 0xFF, 0xFF, 0xFF, 0xFF, 0xFF, 0xFF, 0xFF, 0xFF, 0xFF, 0xFF,
	0xFF, 0xFF, 0xFF, 0xFF, 0xFF, 0xFF, 0xFF, 0xFF, 0xFF, 0xFF, 0xFF, 0xFF,
	0xFF, 0xFF, 0xFF, 0xFF, 0xFF, 0xFF, 0xFF, 0xFF, 0xFF, 0xFF, 0xFF, 0xFF,
	0xFF, 0xFF, 0xFF, 0xFF, 0xFF, 0xFF, 0xFF, 0xFF, 0xFF, 0xFF, 0xFF, 0xFF,
	0xFF, 0xFF, 0xFF, 0xFF, 0xFF, 0xFF, 0xFF, 0xFF, 0xFF, 0xFF, 0xFF, 0xFF,
	0xFF, 0xFF, 0xFF, 0xFF, 0xFF, 0xFF, 0xFF, 0xFF, 0xFF, 0xFF, 0xFF, 0xFF,
	0xFF, 0xFF, 0xFF, 0xFF, 0xFF, 0xFF, 0xFF, 0xFF, 0xFF, 0xFF, 0xFF, 0xFF,
	0xFF, 0xFF, 0xFF, 0xFF, 0xFF, 0xFF, 0xFF, 0xFF, 0xFF, 0xFF, 0xFF, 0xFF,
	0xFF, 0xFF, 0xFF, 0xFF, 0xFF, 0xFF, 0xFF, 0xFF, 0xFF, 0xFF, 0xFF, 0xFF,
	0xFF, 0xFF, 0xFF, 0xFF, 0xFF, 0xFF, 0xFF, 0xFF, 0xFF, 0xFF, 0xFF, 0xFF,
	0xFF, 0xFF, 0xFF, 0xFF, 0xFF, 0xFF, 0xFF, 0xFF, 0xFF, 0xFF, 0xFF, 0xFF,
	0xFF, 0xFF, 0xFF, 0xFF, 0xFF, 0xFF, 0xFF, 0xFF, 0xFF, 0xFF, 0xFF, 0xFF,
	0xFF, 0xFF, 0xFF, 0xFF, 0xFF, 0xFF, 0xFF, 0xFF, 0xFF, 0xFF, 0xFF, 0xFF,
	0xFF, 0xFF, 0xFF, 0xFF, 0xFF, 0xFF, 0xFF, 0xFF, 0xFF, 0xFF, 0xFF, 0xFF,
	0xFF, 0xFF, 0xFF, 0xFF, 0xFF, 0xFF, 0xFF, 0xFF, 0xFF, 0xFF, 0xFF, 0xFF,
	0xFF, 0xFF, 0xFF, 0xFF, 0xFF, 0xFF, 0xFF, 0xFF, 0xFF, 0xFF, 0xFF, 0xFF,
	0xFF, 0xFF, 0xFF, 0xFF, 0xFF, 0xFF, 0xFF, 0xFF, 0xFF, 0xFF, 0xFF, 0xFF,
	0xFF, 0xFF, 0xFF, 0xFF, 0xFF, 0xFF, 0xFF, 0xFF, 0xFF, 0xFF, 0xFF, 0xFF,
	0xFF, 0xFF, 0xFF, 0xFF, 0xFF, 0xFF, 0xFF, 0xFF, 0xFF, 0xFF, 0xFF, 0xFF,
	0xFF, 0xFF, 0xFF, 0xFF, 0xFF, 0xFF, 0xFF, 0xFF, 0xFF, 0xFF, 0xFF, 0xFF,
	0xFF, 0xFF, 0xFF, 0xFF, 0xFF, 0xFF, 0xFF, 0xFF, 0xFF, 0xFF, 0xFF, 0xFF,
	0xFF, 0xFF, 0xFF, 0xFF, 0xFF, 0xFF, 0xFF, 0xFF, 0xFF, 0xFF, 0xFF, 0xFF,
	0xFF, 0xFF, 0xFF, 0xFF, 0xFF, 0xFF, 0xFF, 0xFF, 0xFF, 0xFF, 0xFF, 0xFF,
	0xFF, 0xFF, 0xFF, 0xFF, 0xFF, 0xFF, 0xFF, 0xFF, 0xFF, 0xFF, 0xFF, 0xFF,
	0xFF, 0xFF, 0xFF, 0xFF, 0xFF, 0xFF, 0xFF, 0xFF, 0xFF, 0xFF, 0xFF, 0xFF,
	0xFF, 0xFF, 0xFF, 0xFF, 0xFF, 0xFF, 0xFF, 0xFF, 0xFF, 0xFF, 0xFF, 0xFF,
	0xFF, 0xFF, 0xFF, 0xFF, 0xFF, 0xFF, 0xFF, 0xFF, 0xFF, 0xFF, 0xFF, 0xFF,
	0xFF, 0xFF, 0xFF, 0xFF, 0xFF, 0xFF, 0xFF, 0xFF, 0xFF, 0xFF, 0xFF, 0xFF,
	0xFF, 0xFF, 0xFF, 0xFF, 0xFF, 0xFF, 0xFF, 0xFF, 0xFF, 0xFF, 0xFF, 0xFF,
	0xFF, 0xFF, 0xFF, 0xFF, 0xFF, 0xFF, 0xFF, 0xFF, 0xFF, 0xFF, 0xFF, 0xFF,
	0xFF, 0xFF, 0xFF, 0xFF, 0xFF, 0xFF, 0xFF, 0xFF, 0xFF, 0xFF, 0xFF, 0xFF,
	0xFF, 0xFF, 0xFF, 0xFF, 0xFF, 0xFF, 0xFF, 0xFF, 0xFF, 0xFF, 0xFF, 0xFF,
	0xFF, 0xFF, 0xFF, 0xFF, 0xFF, 0xFF, 0xFF, 0xFF, 0xFF, 0xFF, 0xFF, 0xFF,
	0xFF, 0xFF, 0xFF, 0xFF, 0xFF, 0xFF, 0xFF, 0xFF, 0xFF, 0xFF, 0xFF, 0xFF,
	0xFF, 0xFF, 0xFF, 0xFF, 0xFF, 0xFF, 0xFF, 0xFF, 0xFF, 0xFF, 0xFF, 0xFF,
	0xFF, 0xFF, 0xFF, 0xFF, 0xFF, 0xFF, 0xFF, 0xFF, 0xFF, 0xFF, 0xFF, 0xFF,
	0xFF, 0xFF, 0xFF, 0xFF, 0xFF, 0xFF, 0xFF, 0xFF, 0xFF, 0xFF, 0xFF, 0xFF,
	0xFF, 0xFF, 0xFF, 0xFF, 0xFF, 0xFF, 0xFF, 0xFF, 0xFF, 0xFF, 0xFF, 0xFF,
	0xFF, 0xFF, 0xFF, 0xFF, 0xFF, 0xFF, 0xFF, 0xFF, 0xFF, 0xFF, 0xFF, 0xFF,
	0xFF, 0xFF, 0xFF, 0xFF, 0xFF, 0xFF, 0xFF, 0xFF, 0xFF, 0xFF, 0xFF, 0xFF,
	0xFF, 0xFF, 0xFF, 0xFF, 0xFF, 0xFF, 0xFF, 0xFF, 0xFF, 0xFF, 0xFF, 0xFF,
	0xFF, 0xFF, 0xFF, 0xFF, 0xFF, 0xFF, 0xFF, 0xFF, 0xFF, 0xFF, 0xFF, 0xFF,
	0xFF, 0xFF, 0xFF, 0xFF, 0xFF, 0xFF, 0xFF, 0xFF, 0xFF, 0xFF, 0xFF, 0xFF,
	0xFF, 0xFF, 0xFF, 0xFF, 0xFF, 0xFF, 0xFF, 0xFF, 0xFF, 0xFF, 0xFF, 0xFF,
	0xFF, 0xFF, 0xFF, 0xFF, 0xFF, 0xFF, 0xFF, 0xFF, 0xFF, 0xFF, 0xFF, 0xFF,
	0xFF, 0xFF, 0xFF, 0xFF, 0xFF, 0xFF, 0xFF, 0xFF, 0xFF, 0xFF, 0xFF, 0xFF,
	0xFF, 0xFF, 0xFF, 0xFF, 0xFF, 0xFF, 0xFF, 0xFF, 0xFF, 0xFF, 0xFF, 0xFF,
	0xFF, 0xFF, 0xFF, 0xFF, 0xFF, 0xFF, 0xFF, 0xFF, 0xFF, 0xFF, 0xFF, 0xFF,
	0xFF, 0xFF, 0xFF, 0xFF, 0xFF, 0xFF, 0xFF, 0xFF, 0xFF, 0xFF, 0xFF, 0xFF,
	0xFF, 0xFF, 0xFF, 0xFF, 0xFF, 0xFF, 0xFF, 0xFF, 0xFF, 0xFF, 0xFF, 0xFF,
	0xFF, 0xFF, 0xFF, 0xFF, 0xFF, 0xFF, 0xFF, 0xFF, 0xFF, 0xFF, 0xFF, 0xFF,
	0xFF, 0xFF, 0xFF, 0xFF, 0xFF, 0xFF, 0xFF, 0xFF, 0xFF, 0xFF, 0xFF, 0xFF,
	0xFF, 0xFF, 0xFF, 0xFF, 0xFF, 0xFF, 0xFF, 0xFF, 0xFF, 0xFF, 0xFF, 0xFF,
	0xFF, 0xFF, 0xFF, 0xFF, 0xFF, 0xFF, 0xFF, 0xFF, 0xFF, 0xFF, 0xFF, 0xFF,
	0xFF, 0xFF, 0xFF, 0xFF, 0xFF, 0xFF, 0xFF, 0xFF, 0xFF, 0xFF, 0xFF, 0xFF,
	0xFF, 0xFF, 0xFF, 0xFF, 0xFF, 0xFF, 0xFF, 0xFF, 0xFF, 0xFF, 0xFF, 0xFF,
	0xFF, 0xFF, 0xFF, 0xFF, 0xFF, 0xFF, 0xFF, 0xFF, 0xFF, 0xFF, 0xFF, 0xFF,
	0xFF, 0xFF, 0xFF, 0xFF, 0xFF, 0xFF, 0xFF, 0xFF, 0xFF, 0xFF, 0xFF, 0xFF,
	0xFF, 0xFF, 0xFF, 0xFF, 0xFF, 0xFF, 0xFF, 0xFF, 0xFF, 0xFF, 0xFF, 0xFF,
	0xFF, 0xFF, 0xFF, 0xFF, 0xFF, 0xFF, 0xFF, 0xFF, 0xFF, 0xFF, 0xFF, 0xFF,
	0xFF, 0xFF, 0xFF, 0xFF, 0xFF, 0xFF, 0xFF, 0xFF, 0xFF, 0xFF, 0xFF, 0xFF,
	0xFF, 0xFF, 0xFF, 0xFF, 0xFF, 0xFF, 0xFF, 0xFF, 0xFF, 0xFF, 0xFF, 0xFF,
	0xFF, 0xFF, 0xFF, 0xFF, 0xFF, 0xFF, 0xFF, 0xFF, 0xFF, 0xFF, 0xFF, 0xFF,
	0xFF, 0xFF, 0xFF, 0xFF, 0xFF, 0xFF, 0xFF, 0xFF, 0xFF, 0xFF, 0xFF, 0xFF,
	0xFF, 0xFF, 0xFF, 0xFF, 0xFF, 0xFF, 0xFF, 0xFF, 0xFF, 0xFF, 0xFF, 0xFF,
	0xFF, 0xFF, 0xFF, 0xFF, 0xFF, 0xFF, 0xFF, 0xFF, 0xFF, 0xFF, 0xFF, 0xFF,
	0xFF, 0xFF, 0xFF, 0xFF, 0xFF, 0xFF, 0xFF, 0xFF, 0xFF, 0xFF, 0xFF, 0xFF,
	0xFF, 0xFF, 0xFF, 0xFF, 0xFF, 0xFF, 0xFF, 0xFF, 0xFF, 0xFF, 0xFF, 0xFF,
	0xFF, 0xFF, 0xFF, 0xFF, 0xFF, 0xFF, 0xFF, 0xFF, 0xFF, 0xFF, 0xFF, 0xFF,
	0xFF, 0xFF, 0xFF, 0xFF, 0xFF, 0xFF, 0xFF, 0xFF, 0xFF, 0xFF, 0xFF, 0xFF,
	0xFF, 0xFF, 0xFF, 0xFF, 0xFF, 0xFF, 0xFF, 0xFF, 0xFF, 0xFF, 0xFF, 0xFF,
	0xFF, 0xFF, 0xFF, 0xFF, 0xFF, 0xFF, 0xFF, 0xFF, 0xFF, 0xFF, 0xFF, 0xFF,
	0xFF, 0xFF, 0xFF, 0xFF, 0xFF, 0xFF, 0xFF, 0xFF, 0xFF, 0xFF, 0xFF, 0xFF,
	0xFF, 0xFF, 0xFF, 0xFF, 0xFF, 0xFF, 0xFF, 0xFF, 0xFF, 0xFF, 0xFF, 0xFF,
	0xFF, 0xFF, 0xFF, 0xFF, 0xFF, 0xFF, 0xFF, 0xFF, 0xFF, 0xFF, 0xFF, 0xFF,
	0xFF, 0xFF, 0xFF, 0xFF, 0xFF, 0xFF, 0xFF, 0xFF, 0xFF, 0xFF, 0xFF, 0xFF,
	0xFF, 0xFF, 0xFF, 0xFF, 0xFF, 0xFF, 0xFF, 0xFF, 0xFF, 0xFF, 0xFF, 0xFF,
	0xFF, 0xFF, 0xFF, 0xFF, 0xFF, 0xFF, 0xFF, 0xFF, 0xFF, 0xFF, 0xFF, 0xFF,
	0xFF, 0xFF, 0xFF, 0xFF, 0xFF, 0xFF, 0xFF, 0xFF, 0xFF, 0xFF, 0xFF, 0xFF,
	0xFF, 0xFF, 0xFF, 0xFF, 0xFF, 0xFF, 0xFF, 0xFF, 0xFF, 0xFF, 0xFF, 0xFF,
	0xFF, 0xFF, 0xFF, 0xFF, 0xFF, 0xFF, 0xFF, 0xFF, 0xFF, 0xFF, 0xFF, 0xFF,
	0xFF, 0xFF, 0xFF, 0xFF, 0xFF, 0xFF, 0xFF, 0xFF, 0xFF, 0xFF, 0xFF, 0xFF,
	0xFF, 0xFF, 0xFF, 0xFF, 0xFF, 0xFF, 0xFF, 0xFF, 0xFF, 0xFF, 0xFF, 0xFF,
	0xFF, 0xFF, 0xFF, 0xFF, 0xFF, 0xFF, 0xFF, 0xFF, 0xFF, 0xFF, 0xFF, 0xFF,
	0xFF, 0xFF, 0xFF, 0xFF, 0xFF, 0xFF, 0xFF, 0xFF, 0xFF, 0xFF, 0xFF, 0xFF,
	0xFF, 0xFF, 0xFF, 0xFF, 0xFF, 0xFF, 0xFF, 0xFF, 0xFF, 0xFF, 0xFF, 0xFF,
	0xFF, 0xFF, 0xFF, 0xFF, 0xFF, 0xFF, 0xFF, 0xFF, 0xFF, 0xFF, 0xFF, 0xFF,
	0xFF, 0xFF, 0xFF, 0xFF, 0xFF, 0xFF, 0xFF, 0xFF, 0xFF, 0xFF, 0xFF, 0xFF,
	0xFF, 0xFF, 0xFF, 0xFF, 0xFF, 0xFF, 0xFF, 0xFF, 0xFF, 0xFF, 0xFF, 0xFF,
	0xFF, 0xFF, 0xFF, 0xFF, 0xFF, 0xFF, 0xFF, 0xFF, 0xFF, 0xFF, 0xFF, 0xFF,
	0xFF, 0xFF, 0xFF, 0xFF, 0xFF, 0xFF, 0xFF, 0xFF, 0xFF, 0xFF, 0xFF, 0xFF,
	0xFF, 0xFF, 0xFF, 0xFF, 0xFF, 0xFF, 0xFF, 0xFF, 0xFF, 0xFF, 0xFF, 0xFF,
	0xFF, 0xFF, 0xFF, 0xFF, 0xFF, 0xFF, 0xFF, 0xFF, 0xFF, 0xFF, 0xFF, 0xFF,
	0xFF, 0xFF, 0xFF, 0xFF, 0xFF, 0xFF, 0xFF, 0xFF, 0xFF, 0xFF, 0xFF, 0xFF,
	0xFF, 0xFF, 0xFF, 0xFF, 0xFF, 0xFF, 0xFF, 0xFF, 0xFF, 0xFF, 0xFF, 0xFF,
	0xFF, 0xFF, 0xFF, 0xFF, 0xFF, 0xFF, 0xFF, 0xFF, 0xFF, 0xFF, 0xFF, 0xFF,
	0xFF, 0xFF, 0xFF, 0xFF, 0xFF, 0xFF, 0xFF, 0xFF, 0xFF, 0xFF, 0xFF, 0xFF,
	0xFF, 0xFF, 0xFF, 0xFF, 0xFF, 0xFF, 0xFF, 0xFF, 0xFF, 0xFF, 0xFF, 0xFF,
	0xFF, 0xFF, 0xFF, 0xFF, 0xFF, 0xFF, 0xFF, 0xFF, 0xFF, 0xFF, 0xFF, 0xFF,
	0xFF, 0xFF, 0xFF, 0xFF, 0xFF, 0xFF, 0xFF, 0xFF, 0xFF, 0xFF, 0xFF, 0xFF,
	0xFF, 0xFF, 0xFF, 0xFF, 0xFF, 0xFF, 0xFF, 0xFF, 0xFF, 0xFF, 0xFF, 0xFF,
	0xFF, 0xFF, 0xFF, 0xFF, 0xFF, 0xFF, 0xFF, 0xFF, 0xFF, 0xFF, 0xFF, 0xFF,
	0xFF, 0xFF, 0xFF, 0xFF, 0xFF, 0xFF, 0xFF, 0xFF, 0xFF, 0xFF, 0xFF, 0xFF,
	0xFF, 0xFF, 0xFF, 0xFF, 0xFF, 0xFF, 0xFF, 0xFF, 0xFF, 0xFF, 0xFF, 0xFF,
	0xFF, 0xFF, 0xFF, 0xFF, 0xFF, 0xFF, 0xFF, 0xFF, 0xFF, 0xFF, 0xFF, 0xFF,
	0xFF, 0xFF, 0xFF, 0xFF, 0xFF, 0xFF, 0xFF, 0xFF, 0xFF, 0xFF, 0xFF, 0xFF,
	0xFF, 0xFF, 0xFF, 0xFF, 0xFF, 0xFF, 0xFF, 0xFF, 0xFF, 0xFF, 0xFF, 0xFF,
	0xFF, 0xFF, 0xFF, 0xFF, 0xFF, 0xFF, 0xFF, 0xFF, 0xFF, 0xFF, 0xFF, 0xFF,
	0xFF, 0xFF, 0xFF, 0xFF, 0xFF, 0xFF, 0xFF, 0xFF, 0xFF, 0xFF, 0xFF, 0xFF,
	0xFF, 0xFF, 0xFF, 0xFF, 0xFF, 0xFF, 0xFF, 0xFF, 0xFF, 0xFF, 0xFF, 0xFF,
	0xFF, 0xFF, 0xFF, 0xFF, 0xFF, 0xFF, 0xFF, 0xFF, 0xFF, 0xFF, 0xFF, 0xFF,
	0xFF, 0xFF, 0xFF, 0xFF, 0xFF, 0xFF, 0xFF, 0xFF, 0xFF, 0xFF, 0xFF, 0xFF,
	0xFF, 0xFF, 0xFF, 0xFF, 0xFF, 0xFF, 0xFF, 0xFF, 0xFF, 0xFF, 0xFF, 0xFF,
	0xFF, 0xFF, 0xFF, 0xFF, 0xFF, 0xFF, 0xFF, 0xFF, 0xFF, 0xFF, 0xFF, 0xFF,
	0xFF, 0xFF, 0xFF, 0xFF, 0xFF, 0xFF, 0xFF, 0xFF, 0xFF, 0xFF, 0xFF, 0xFF,
	0xFF, 0xFF, 0xFF, 0xFF, 0xFF, 0xFF, 0xFF, 0xFF, 0xFF, 0xFF, 0xFF, 0xFF,
	0xFF, 0xFF, 0xFF, 0xFF, 0xFF, 0xFF, 0xFF, 0xFF, 0xFF, 0xFF, 0xFF, 0xFF,
	0xFF, 0xFF, 0xFF, 0xFF, 0xFF, 0xFF, 0xFF, 0xFF, 0xFF, 0xFF, 0xFF, 0xFF,
	0xFF, 0xFF, 0xFF, 0xFF, 0xFF, 0xFF, 0xFF, 0xFF, 0xFF, 0xFF, 0xFF, 0xFF,
	0xFF, 0xFF, 0xFF, 0xFF, 0xFF, 0xFF, 0xFF, 0xFF, 0xFF, 0xFF, 0xFF, 0xFF,
	0xFF, 0xFF, 0xFF, 0xFF, 0xFF, 0xFF, 0xFF, 0xFF, 0xFF, 0xFF, 0xFF, 0xFF,
	0xFF, 0xFF, 0xFF, 0xFF, 0xFF, 0xFF, 0xFF, 0xFF, 0xFF, 0xFF, 0xFF, 0xFF,
	0xFF, 0xFF, 0xFF, 0xFF, 0xFF, 0xFF, 0xFF, 0xFF, 0xFF, 0xFF, 0xFF, 0xFF,
	0xFF, 0xFF, 0xFF, 0xFF, 0xFF, 0xFF, 0xFF, 0xFF, 0xFF, 0xFF, 0xFF, 0xFF,
	0xFF, 0xFF, 0xFF, 0xFF, 0xFF, 0xFF, 0xFF, 0xFF, 0xFF, 0xFF, 0xFF, 0xFF,
	0xFF, 0xFF, 0xFF, 0xFF, 0xFF, 0xFF, 0xFF, 0xFF, 0xFF, 0xFF, 0xFF, 0xFF,
	0xFF, 0xFF, 0xFF, 0xFF, 0xFF, 0xFF, 0xFF, 0xFF, 0xFF, 0xFF, 0xFF, 0xFF,
	0xFF, 0xFF, 0xFF, 0xFF, 0xFF, 0xFF, 0xFF, 0xFF, 0xFF, 0xFF, 0xFF, 0xFF,
	0xFF, 0xFF, 0xFF, 0xFF, 0xFF, 0xFF, 0xFF, 0xFF, 0xFF, 0xFF, 0xFF, 0xFF,
	0xFF, 0xFF, 0xFF, 0xFF, 0xFF, 0xFF, 0xFF, 0xFF, 0xFF, 0xFF, 0xFF, 0xFF,
	0xFF, 0xFF, 0xFF, 0xFF, 0xFF, 0xFF, 0xFF, 0xFF, 0xFF, 0xFF, 0xFF, 0xFF,
	0xFF, 0xFF, 0xFF, 0xFF, 0xFF, 0xFF, 0xFF, 0xFF, 0xFF, 0xFF, 0xFF, 0xFF,
	0xFF, 0xFF, 0xFF, 0xFF, 0xFF, 0xFF, 0xFF, 0xFF, 0xFF, 0xFF, 0xFF, 0xFF,
	0xFF, 0xFF, 0xFF, 0xFF, 0xFF, 0xFF, 0xFF, 0xFF, 0xFF, 0xFF, 0xFF, 0xFF,
	0xFF, 0xFF, 0xFF, 0xFF, 0xFF, 0xFF, 0xFF, 0xFF, 0xFF, 0xFF, 0xFF, 0xFF,
	0xFF, 0xFF, 0xFF, 0xFF, 0xFF, 0xFF, 0xFF, 0xFF, 0xFF, 0xFF, 0xFF, 0xFF,
	0xFF, 0xFF, 0xFF, 0xFF, 0xFF, 0xFF, 0xFF, 0xFF, 0xFF, 0xFF, 0xFF, 0xFF,
	0xFF, 0xFF, 0xFF, 0xFF, 0xFF, 0xFF, 0xFF, 0xFF, 0xFF, 0xFF, 0xFF, 0xFF,
	0xFF, 0xFF, 0xFF, 0xFF, 0xFF, 0xFF, 0xFF, 0xFF, 0xFF, 0xFF, 0xFF, 0xFF,
	0xFF, 0xFF, 0xFF, 0xFF, 0xFF, 0xFF, 0xFF, 0xFF, 0xFF, 0xFF, 0xFF, 0xFF,
	0xFF, 0xFF, 0xFF, 0xFF, 0xFF, 0xFF, 0xFF, 0xFF, 0xFF, 0xFF, 0xFF, 0xFF,
	0xFF, 0xFF, 0xFF, 0xFF, 0xFF, 0xFF, 0xFF, 0xFF, 0xFF, 0xFF, 0xFF, 0xFF,
	0xFF, 0xFF, 0xFF, 0xFF, 0xFF, 0xFF, 0xFF, 0xFF, 0xFF, 0xFF, 0xFF, 0xFF,
	0xFF, 0xFF, 0xFF, 0xFF, 0xFF, 0xFF, 0xFF, 0xFF, 0xFF, 0xFF, 0xFF, 0xFF,
	0xFF, 0xFF, 0xFF, 0xFF, 0xFF, 0xFF, 0xFF, 0xFF, 0xFF, 0xFF, 0xFF, 0xFF,
	0xFF, 0xFF, 0xFF, 0xFF, 0xFF, 0xFF, 0xFF, 0xFF, 0xFF, 0xFF, 0xFF, 0xFF,
	0xFF, 0xFF, 0xFF, 0xFF, 0xFF, 0xFF, 0xFF, 0xFF, 0xFF, 0xFF, 0xFF, 0xFF,
	0xFF, 0xFF, 0xFF, 0xFF, 0xFF, 0xFF, 0xFF, 0xFF, 0xFF, 0xFF, 0xFF, 0xFF,
	0xFF, 0xFF, 0xFF, 0xFF, 0xFF, 0xFF, 0xFF, 0xFF, 0xFF, 0xFF, 0xFF, 0xFF,
	0xFF, 0xFF, 0xFF, 0xFF, 0xFF, 0xFF, 0xFF, 0xFF, 0xFF, 0xFF, 0xFF, 0xFF,
	0xFF, 0xFF, 0xFF, 0xFF, 0xFF, 0xFF, 0xFF, 0xFF, 0xFF, 0xFF, 0xFF, 0xFF,
	0xFF, 0xFF, 0xFF, 0xFF, 0xFF, 0xFF, 0xFF, 0xFF, 0xFF, 0xFF, 0xFF, 0xFF,
	0xFF, 0xFF, 0xFF, 0xFF, 0xFF, 0xFF, 0xFF, 0xFF, 0xFF, 0xFF, 0xFF, 0xFF,
	0xFF, 0xFF, 0xFF, 0xFF, 0xFF, 0xFF, 0xFF, 0xFF, 0xFF, 0xFF, 0xFF, 0xFF,
	0xFF, 0xFF, 0xFF, 0xFF, 0xFF, 0xFF, 0xFF, 0xFF, 0xFF, 0xFF, 0xFF, 0xFF,
	0xFF, 0xFF, 0xFF, 0xFF, 0xFF, 0xFF, 0xFF, 0xFF, 0xFF, 0xFF, 0xFF, 0xFF,
	0xFF, 0xFF, 0xFF, 0xFF, 0xFF, 0xFF, 0xFF, 0xFF, 0xFF, 0xFF, 0xFF, 0xFF,
	0xFF, 0xFF, 0xFF, 0xFF, 0xFF, 0xFF, 0xFF, 0xFF, 0xFF, 0xFF, 0xFF, 0xFF,
	0xFF, 0xFF, 0xFF, 0xFF, 0xFF, 0xFF, 0xFF, 0xFF, 0xFF, 0xFF, 0xFF, 0xFF,
	0xFF, 0xFF, 0xFF, 0xFF, 0xFF, 0xFF, 0xFF, 0xFF, 0xFF, 0xFF, 0xFF, 0xFF,
	0xFF, 0xFF, 0xFF, 0xFF, 0xFF, 0xFF, 0xFF, 0xFF, 0xFF, 0xFF, 0xFF, 0xFF,
	0xFF, 0xFF, 0xFF, 0xFF, 0xFF, 0xFF, 0xFF, 0xFF, 0xFF, 0xFF, 0xFF, 0xFF,
	0xFF, 0xFF, 0xFF, 0xFF, 0xFF, 0xFF, 0xFF, 0xFF, 0xFF, 0xFF, 0xFF, 0xFF,
	0xFF, 0xFF, 0xFF, 0xFF, 0xFF, 0xFF, 0xFF, 0xFF, 0xFF, 0xFF, 0xFF, 0xFF,
	0xFF, 0xFF, 0xFF, 0xFF, 0xFF, 0xFF, 0xFF, 0xFF, 0xFF, 0xFF, 0xFF, 0xFF,
	0xFF, 0xFF, 0xFF, 0xFF, 0xFF, 0xFF, 0xFF, 0xFF, 0xFF, 0xFF, 0xFF, 0xFF,
	0xFF, 0xFF, 0xFF, 0xFF, 0xFF, 0xFF, 0xFF, 0xFF, 0xFF, 0xFF, 0xFF, 0xFF,
	0xFF, 0xFF, 0xFF, 0xFF, 0xFF, 0xFF, 0xFF, 0xFF, 0xFF, 0xFF, 0xFF, 0xFF,
	0xFF, 0xFF, 0xFF, 0xFF, 0xFF, 0xFF, 0xFF, 0xFF, 0xFF, 0xFF, 0xFF, 0xFF,
	0xFF, 0xFF, 0xFF, 0xFF, 0xFF, 0xFF, 0xFF, 0xFF, 0xFF, 0xFF, 0xFF, 0xFF,
	0xFF, 0xFF, 0xFF, 0xFF, 0xFF, 0xFF, 0xFF, 0xFF, 0xFF, 0xFF, 0xFF, 0xFF,
	0xFF, 0xFF, 0xFF, 0xFF, 0xFF, 0xFF, 0xFF, 0xFF, 0xFF, 0xFF, 0xFF, 0xFF,
	0xFF, 0xFF, 0xFF, 0xFF, 0xFF, 0xFF, 0xFF, 0xFF, 0xFF, 0xFF, 0xFF, 0xFF,
	0xFF, 0xFF, 0xFF, 0xFF, 0xFF, 0xFF, 0xFF, 0xFF, 0xFF, 0xFF, 0xFF, 0xFF,
	0xFF, 0xFF, 0xFF, 0xFF, 0xFF, 0xFF, 0xFF, 0xFF, 0xFF, 0xFF, 0xFF, 0xFF,
	0xFF, 0xFF, 0xFF, 0xFF, 0xFF, 0xFF, 0xFF, 0xFF, 0xFF, 0xFF, 0xFF, 0xFF,
	0xFF, 0xFF, 0xFF, 0xFF, 0xFF, 0xFF, 0xFF, 0xFF, 0xFF, 0xFF, 0xFF, 0xFF,
	0xFF, 0xFF, 0xFF, 0xFF, 0xFF, 0xFF, 0xFF, 0xFF, 0xFF, 0xFF, 0xFF, 0xFF,
	0xFF, 0xFF, 0xFF, 0xFF, 0xFF, 0xFF, 0xFF, 0xFF, 0xFF, 0xFF, 0xFF, 0xFF,
	0xFF, 0xFF, 0xFF, 0xFF, 0xFF, 0xFF, 0xFF, 0xFF, 0xFF, 0xFF, 0xFF, 0xFF,
	0xFF, 0xFF, 0xFF, 0xFF, 0xFF, 0xFF, 0xFF, 0xFF, 0xFF, 0xFF, 0xFF, 0xFF,
	0xFF, 0xFF, 0xFF, 0xFF, 0xFF, 0xFF, 0xFF, 0xFF, 0xFF, 0xFF, 0xFF, 0xFF,
	0xFF, 0xFF, 0xFF, 0xFF, 0xFF, 0xFF, 0xFF, 0xFF, 0xFF, 0xFF, 0xFF, 0xFF,
	0xFF, 0xFF, 0xFF, 0xFF, 0xFF, 0xFF, 0xFF, 0xFF, 0xFF, 0xFF, 0xFF, 0xFF,
	0xFF, 0xFF, 0xFF, 0xFF, 0xFF, 0xFF, 0xFF, 0xFF, 0xFF, 0xFF, 0xFF, 0xFF,
	0xFF, 0xFF, 0xFF, 0xFF, 0xFF, 0xFF, 0xFF, 0xFF, 0xFF, 0xFF, 0xFF, 0xFF,
	0xFF, 0xFF, 0xFF, 0xFF, 0xFF, 0xFF, 0xFF, 0xFF, 0xFF, 0xFF, 0xFF, 0xFF,
	0xFF, 0xFF, 0xFF, 0xFF, 0xFF, 0xFF, 0xFF, 0xFF, 0xFF, 0xFF, 0xFF, 0xFF,
	0xFF, 0xFF, 0xFF, 0xFF, 0xFF, 0xFF, 0xFF, 0xFF, 0xFF, 0xFF, 0xFF, 0xFF,
	0xFF, 0xFF, 0xFF, 0xFF, 0xFF, 0xFF, 0xFF, 0xFF, 0xFF, 0xFF, 0xFF, 0xFF,
	0xFF, 0xFF, 0xFF, 0xFF, 0xFF, 0xFF, 0xFF, 0xFF, 0xFF, 0xFF, 0xFF, 0xFF,
	0xFF, 0xFF, 0xFF, 0xFF, 0xFF, 0xFF, 0xFF, 0xFF, 0xFF, 0xFF, 0xFF, 0xFF,
	0xFF, 0xFF, 0xFF, 0xFF, 0xFF, 0xFF, 0xFF, 0xFF, 0xFF, 0xFF, 0xFF, 0xFF,
	0xFF, 0xFF, 0xFF, 0xFF, 0xFF, 0xFF, 0xFF, 0xFF, 0xFF, 0xFF, 0xFF, 0xFF,
	0xFF, 0xFF, 0xFF, 0xFF, 0xFF, 0xFF, 0xFF, 0xFF, 0xFF, 0xFF, 0xFF, 0xFF,
	0xFF, 0xFF, 0xFF, 0xFF, 0xFF, 0xFF, 0xFF, 0xFF, 0xFF, 0xFF, 0xFF, 0xFF,
	0xFF, 0xFF, 0xFF, 0xFF, 0xFF, 0xFF, 0xFF, 0xFF, 0xFF, 0xFF, 0xFF, 0xFF,
	0xFF, 0xFF, 0xFF, 0xFF, 0xFF, 0xFF, 0xFF, 0xFF, 0xFF, 0xFF, 0xFF, 0xFF,
	0xFF, 0xFF, 0xFF, 0xFF, 0xFF, 0xFF, 0xFF, 0xFF, 0xFF, 0xFF, 0xFF, 0xFF,
	0xFF, 0xFF, 0xFF, 0xFF, 0xFF, 0xFF, 0xFF, 0xFF, 0xFF, 0xFF, 0xFF, 0xFF,
	0xFF, 0xFF, 0xFF, 0xFF, 0xFF, 0xFF, 0xFF, 0xFF, 0xFF, 0xFF, 0xFF, 0xFF,
	0xFF, 0xFF, 0xFF, 0xFF, 0xFF, 0xFF, 0xFF, 0xFF, 0xFF, 0xFF, 0xFF, 0xFF,
	0xFF, 0xFF, 0xFF, 0xFF, 0xFF, 0xFF, 0xFF, 0xFF, 0xFF, 0xFF, 0xFF, 0xFF,
	0xFF, 0xFF, 0xFF, 0xFF, 0xFF, 0xFF, 0xFF, 0xFF, 0xFF, 0xFF, 0xFF, 0xFF,
	0xFF, 0xFF, 0xFF, 0xFF, 0xFF, 0xFF, 0xFF, 0xFF, 0xFF, 0xFF, 0xFF, 0xFF,
	0xFF, 0xFF, 0xFF, 0xFF, 0xFF, 0xFF, 0xFF, 0xFF, 0xFF, 0xFF, 0xFF, 0xFF,
	0xFF, 0xFF, 0xFF, 0xFF, 0xFF, 0xFF, 0xFF, 0xFF, 0xFF, 0xFF, 0xFF, 0xFF,
	0xFF, 0xFF, 0xFF, 0xFF, 0xFF, 0xFF, 0xFF, 0xFF, 0xFF, 0xFF, 0xFF, 0xFF,
	0xFF, 0xFF, 0xFF, 0xFF, 0xFF, 0xFF, 0xFF, 0xFF, 0xFF, 0xFF, 0xFF, 0xFF,
	0xFF, 0xFF, 0xFF, 0xFF, 0xFF, 0xFF, 0xFF, 0xFF, 0xFF, 0xFF, 0xFF, 0xFF,
	0xFF, 0xFF, 0xFF, 0xFF, 0xFF, 0xFF, 0xFF, 0xFF, 0xFF, 0xFF, 0xFF, 0xFF,
	0xFF, 0xFF, 0xFF, 0xFF, 0xFF, 0xFF, 0xFF, 0xFF, 0xFF, 0xFF, 0xFF, 0xFF,
	0xFF, 0xFF, 0xFF, 0xFF, 0xFF, 0xFF, 0xFF, 0xFF, 0xFF, 0xFF, 0xFF, 0xFF,
	0xFF, 0xFF, 0xFF, 0xFF, 0xFF, 0xFF, 0xFF, 0xFF, 0xFF, 0xFF, 0xFF, 0xFF,
	0xFF, 0xFF, 0xFF, 0xFF, 0xFF, 0xFF, 0xFF, 0xFF, 0xFF, 0xFF, 0xFF, 0xFF,
	0xFF, 0xFF, 0xFF, 0xFF, 0xFF, 0xFF, 0xFF, 0xFF, 0xFF, 0xFF, 0xFF, 0xFF,
	0xFF, 0xFF, 0xFF, 0xFF, 0xFF, 0xFF, 0xFF, 0xFF, 0xFF, 0xFF, 0xFF, 0xFF,
	0xFF, 0xFF, 0xFF, 0xFF, 0xFF, 0xFF, 0xFF, 0xFF, 0xFF, 0xFF, 0xFF, 0xFF,
	0xFF, 0xFF, 0xFF, 0xFF, 0xFF, 0xFF, 0xFF, 0xFF, 0xFF, 0xFF, 0xFF, 0xFF,
	0xFF, 0xFF, 0xFF, 0xFF, 0xFF, 0xFF, 0xFF, 0xFF, 0xFF, 0xFF, 0xFF, 0xFF,
	0xFF, 0xFF, 0xFF, 0xFF, 0xFF, 0xFF, 0xFF, 0xFF, 0xFF, 0xFF, 0xFF, 0xFF,
	0xFF, 0xFF, 0xFF, 0xFF, 0xFF, 0xFF, 0xFF, 0xFF, 0xFF, 0xFF, 0xFF, 0xFF,
	0xFF, 0xFF, 0xFF, 0xFF, 0xFF, 0xFF, 0xFF, 0xFF, 0xFF, 0xFF, 0xFF, 0xFF,
	0xFF, 0xFF, 0xFF, 0xFF, 0xFF, 0xFF, 0xFF, 0xFF, 0xFF, 0xFF, 0xFF, 0xFF,
	0xFF, 0xFF, 0xFF, 0xFF, 0xFF, 0xFF, 0xFF, 0xFF, 0xFF, 0xFF, 0xFF, 0xFF,
	0xFF, 0xFF, 0xFF, 0xFF, 0xFF, 0xFF, 0xFF, 0xFF, 0xFF, 0xFF, 0xFF, 0xFF,
	0xFF, 0xFF, 0xFF, 0xFF, 0xFF, 0xFF, 0xFF, 0xFF, 0xFF, 0xFF, 0xFF, 0xFF,
	0xFF, 0xFF, 0xFF, 0xFF, 0xFF, 0xFF, 0xFF, 0xFF, 0xFF, 0xFF, 0xFF, 0xFF,
	0xFF, 0xFF, 0xFF, 0xFF, 0xFF, 0xFF, 0xFF, 0xFF, 0xFF, 0xFF, 0xFF, 0xFF,
	0xFF, 0xFF, 0xFF, 0xFF, 0xFF, 0xFF, 0xFF, 0xFF, 0xFF, 0xFF, 0xFF, 0xFF,
	0xFF, 0xFF, 0xFF, 0xFF, 0xFF, 0xFF, 0xFF, 0xFF, 0xFF, 0xFF, 0xFF, 0xFF,
	0xFF, 0xFF, 0xFF, 0xFF, 0xFF, 0xFF, 0xFF, 0xFF, 0xFF, 0xFF, 0xFF, 0xFF,
	0xFF, 0xFF, 0xFF, 0xFF, 0xFF, 0xFF, 0xFF, 0xFF, 0xFF, 0xFF, 0xFF, 0xFF,
	0xFF, 0xFF, 0xFF, 0xFF, 0xFF, 0xFF, 0xFF, 0xFF, 0xFF, 0xFF, 0xFF, 0xFF,
	0xFF, 0xFF, 0xFF, 0xFF, 0xFF, 0xFF, 0xFF, 0xFF, 0xFF, 0xFF, 0xFF, 0xFF,
	0xFF, 0xFF, 0xFF, 0xFF, 0xFF, 0xFF, 0xFF, 0xFF, 0xFF, 0xFF, 0xFF, 0xFF,
	0xFF, 0xFF, 0xFF, 0xFF, 0xFF, 0xFF, 0xFF, 0xFF, 0xFF, 0xFF, 0xFF, 0xFF,
	0xFF, 0xFF, 0xFF, 0xFF, 0xFF, 0xFF, 0xFF, 0xFF, 0xFF, 0xFF, 0xFF, 0xFF,
	0xFF, 0xFF, 0xFF, 0xFF, 0xFF, 0xFF, 0xFF, 0xFF, 0xFF, 0xFF, 0xFF, 0xFF,
	0xFF, 0xFF, 0xFF, 0xFF, 0xFF, 0xFF, 0xFF, 0xFF, 0xFF, 0xFF, 0xFF, 0xFF,
	0xFF, 0xFF, 0xFF, 0xFF, 0xFF, 0xFF, 0xFF, 0xFF, 0xFF, 0xFF, 0xFF, 0xFF,
	0xFF, 0xFF, 0xFF, 0xFF, 0xFF, 0xFF, 0xFF, 0xFF, 0xFF, 0xFF, 0xFF, 0xFF,
	0xFF, 0xFF, 0xFF, 0xFF, 0xFF, 0xFF, 0xFF, 0xFF, 0xFF, 0xFF, 0xFF, 0xFF,
	0xFF, 0xFF, 0xFF, 0xFF, 0xFF, 0xFF, 0xFF, 0xFF, 0xFF, 0xFF, 0xFF, 0xFF,
	0xFF, 0xFF, 0xFF, 0xFF, 0xFF, 0xFF, 0xFF, 0xFF, 0xFF, 0xFF, 0xFF, 0xFF,
	0xFF, 0xFF, 0xFF, 0xFF, 0xFF, 0xFF, 0xFF, 0xFF, 0xFF, 0xFF, 0xFF, 0xFF,
	0xFF, 0xFF, 0xFF, 0xFF, 0xFF, 0xFF, 0xFF, 0xFF, 0xFF, 0xFF, 0xFF, 0xFF,
	0xFF, 0xFF, 0xFF, 0xFF, 0xFF, 0xFF, 0xFF, 0xFF, 0xFF, 0xFF, 0xFF, 0xFF,
	0xFF, 0xFF, 0xFF, 0xFF, 0xFF, 0xFF, 0xFF, 0xFF, 0xFF, 0xFF, 0xFF, 0xFF,
	0xFF, 0xFF, 0xFF, 0xFF, 0xFF, 0xFF, 0xFF, 0xFF, 0xFF, 0xFF, 0xFF, 0xFF,
	0xFF, 0xFF, 0xFF, 0xFF, 0xFF, 0xFF, 0xFF, 0xFF, 0xFF, 0xFF, 0xFF, 0xFF,
	0xFF, 0xFF, 0xFF, 0xFF, 0xFF, 0xFF, 0xFF, 0xFF, 0xFF, 0xFF, 0xFF, 0xFF,
	0xFF, 0xFF, 0xFF, 0xFF, 0xFF, 0xFF, 0xFF, 0xFF, 0xFF, 0xFF, 0xFF, 0xFF,
	0xFF, 0xFF, 0xFF, 0xFF, 0xFF, 0xFF, 0xFF, 0xFF, 0xFF, 0xFF, 0xFF, 0xFF,
	0xFF, 0xFF, 0xFF, 0xFF, 0xFF, 0xFF, 0xFF, 0xFF, 0xFF, 0xFF, 0xFF, 0xFF,
	0xFF, 0xFF, 0xFF, 0xFF, 0xFF, 0xFF, 0xFF, 0xFF, 0xFF, 0xFF, 0xFF, 0xFF,
	0xFF, 0xFF, 0xFF, 0xFF, 0xFF, 0xFF, 0xFF, 0xFF, 0xFF, 0xFF, 0xFF, 0xFF,
	0xFF, 0xFF, 0xFF, 0xFF, 0xFF, 0xFF, 0xFF, 0xFF, 0xFF, 0xFF, 0xFF, 0xFF,
	0xFF, 0xFF, 0xFF, 0xFF, 0xFF, 0xFF, 0xFF, 0xFF, 0xFF, 0xFF, 0xFF, 0xFF,
	0xFF, 0xFF, 0xFF, 0xFF, 0xFF, 0xFF, 0xFF, 0xFF, 0xFF, 0xFF, 0xFF, 0xFF,
	0xFF, 0xFF, 0xFF, 0xFF, 0xFF, 0xFF, 0xFF, 0xFF, 0xFF, 0xFF, 0xFF, 0xFF,
	0xFF, 0xFF, 0xFF, 0xFF, 0xFF, 0xFF, 0xFF, 0xFF, 0xFF, 0xFF, 0xFF, 0xFF,
	0xFF, 0xFF, 0xFF, 0xFF, 0xFF, 0xFF, 0xFF, 0xFF, 0xFF, 0xFF, 0xFF, 0xFF,
	0xFF, 0xFF, 0xFF, 0xFF, 0xFF, 0xFF, 0xFF, 0xFF, 0xFF, 0xFF, 0xFF, 0xFF,
	0xFF, 0xFF, 0xFF, 0xFF, 0xFF, 0xFF, 0xFF, 0xFF, 0xFF, 0xFF, 0xFF, 0xFF,
	0xFF, 0xFF, 0xFF, 0xFF, 0xFF, 0xFF, 0xFF, 0xFF, 0xFF, 0xFF, 0xFF, 0xFF,
	0xFF, 0xFF, 0xFF, 0xFF, 0xFF, 0xFF, 0xFF, 0xFF, 0xFF, 0xFF, 0xFF, 0xFF,
	0xFF, 0xFF, 0xFF, 0xFF, 0xFF, 0xFF, 0xFF, 0xFF, 0xFF, 0xFF, 0xFF, 0xFF,
	0xFF, 0xFF, 0xFF, 0xFF, 0xFF, 0xFF, 0xFF, 0xFF, 0xFF, 0xFF, 0xFF, 0xFF,
	0xFF, 0xFF, 0xFF, 0xFF, 0xFF, 0xFF, 0xFF, 0xFF, 0xFF, 0xFF, 0xFF, 0xFF,
	0xFF, 0xFF, 0xFF, 0xFF, 0xFF, 0xFF, 0xFF, 0xFF, 0xFF, 0xFF, 0xFF, 0xFF,
	0xFF, 0xFF, 0xFF, 0xFF, 0xFF, 0xFF, 0xFF, 0xFF, 0xFF, 0xFF, 0xFF, 0xFF,
	0xFF, 0xFF, 0xFF, 0xFF, 0xFF, 0xFF, 0xFF, 0xFF, 0xFF, 0xFF, 0xFF, 0xFF,
	0xFF, 0xFF, 0xFF, 0xFF, 0xFF, 0xFF, 0xFF, 0xFF, 0xFF, 0xFF, 0xFF, 0xFF,
	0xFF, 0xFF, 0xFF, 0xFF, 0xFF, 0xFF, 0xFF, 0xFF, 0xFF, 0xFF, 0xFF, 0xFF,
	0xFF, 0xFF, 0xFF, 0xFF, 0xFF, 0xFF, 0xFF, 0xFF, 0xFF, 0xFF, 0xFF, 0xFF,
	0xFF, 0xFF, 0xFF, 0xFF, 0xFF, 0xFF, 0xFF, 0xFF, 0xFF, 0xFF, 0xFF, 0xFF,
	0xFF, 0xFF, 0xFF, 0xFF, 0xFF, 0xFF, 0xFF, 0xFF, 0xFF, 0xFF, 0xFF, 0xFF,
	0xFF, 0xFF, 0xFF, 0xFF, 0xFF, 0xFF, 0xFF, 0xFF, 0xFF, 0xFF, 0xFF, 0xFF,
	0xFF, 0xFF, 0xFF, 0xFF, 0xFF, 0xFF, 0xFF, 0xFF, 0xFF, 0xFF, 0xFF, 0xFF,
	0xFF, 0xFF, 0xFF, 0xFF, 0xFF, 0xFF, 0xFF, 0xFF, 0xFF, 0xFF, 0xFF, 0xFF,
	0xFF, 0xFF, 0xFF, 0xFF, 0xFF, 0xFF, 0xFF, 0xFF, 0xFF, 0xFF, 0xFF, 0xFF,
	0xFF, 0xFF, 0xFF, 0xFF, 0xFF, 0xFF, 0xFF, 0xFF, 0xFF, 0xFF, 0xFF, 0xFF,
	0xFF, 0xFF, 0xFF, 0xFF, 0xFF, 0xFF, 0xFF, 0xFF, 0xFF, 0xFF, 0xFF, 0xFF,
	0xFF, 0xFF, 0xFF, 0xFF, 0xFF, 0xFF, 0xFF, 0xFF, 0xFF, 0xFF, 0xFF, 0xFF,
	0xFF, 0xFF, 0xFF, 0xFF, 0xFF, 0xFF, 0xFF, 0xFF, 0xFF, 0xFF, 0xFF, 0xFF,
	0xFF, 0xFF, 0xFF, 0xFF, 0xFF, 0xFF, 0xFF, 0xFF, 0xFF, 0xFF, 0xFF, 0xFF,
	0xFF, 0xFF, 0xFF, 0xFF, 0xFF, 0xFF, 0xFF, 0xFF, 0xFF, 0xFF, 0xFF, 0xFF,
	0xFF, 0xFF, 0xFF, 0xFF, 0xFF, 0xFF, 0xFF, 0xFF, 0xFF, 0xFF, 0xFF, 0xFF,
	0xFF, 0xFF, 0xFF, 0xFF, 0xFF, 0xFF, 0xFF, 0xFF, 0xFF, 0xFF, 0xFF, 0xFF,
	0xFF, 0xFF, 0xFF, 0xFF, 0xFF, 0xFF, 0xFF, 0xFF, 0xFF, 0xFF, 0xFF, 0xFF,
	0xFF, 0xFF, 0xFF, 0xFF, 0xFF, 0xFF, 0xFF, 0xFF, 0xFF, 0xFF, 0xFF, 0xFF,
	0xFF, 0xFF, 0xFF, 0xFF, 0xFF, 0xFF, 0xFF, 0xFF, 0xFF, 0xFF, 0xFF, 0xFF,
	0xFF, 0xFF, 0xFF, 0xFF, 0xFF, 0xFF, 0xFF, 0xFF, 0xFF, 0xFF, 0xFF, 0xFF,
	0xFF, 0xFF, 0xFF, 0xFF, 0xFF, 0xFF, 0xFF, 0xFF, 0xFF, 0xFF, 0xFF, 0xFF,
	0xFF, 0xFF, 0xFF, 0xFF, 0xFF, 0xFF, 0xFF, 0xFF, 0xFF, 0xFF, 0xFF, 0xFF,
	0xFF, 0xFF, 0xFF, 0xFF, 0xFF, 0xFF, 0xFF, 0xFF, 0xFF, 0xFF, 0xFF, 0xFF,
	0xFF, 0xFF, 0xFF, 0xFF, 0xFF, 0xFF, 0xFF, 0xFF, 0xFF, 0xFF, 0xFF, 0xFF,
	0xFF, 0xFF, 0xFF, 0xFF, 0xFF, 0xFF, 0xFF, 0xFF, 0xFF, 0xFF, 0xFF, 0xFF,
	0xFF, 0xFF, 0xFF, 0xFF, 0xFF, 0xFF, 0xFF, 0xFF, 0xFF, 0xFF, 0xFF, 0xFF,
	0xFF, 0xFF, 0xFF, 0xFF, 0xFF, 0xFF, 0xFF, 0xFF, 0xFF, 0xFF, 0xFF, 0xFF,
	0xFF, 0xFF, 0xFF, 0xFF, 0xFF, 0xFF, 0xFF, 0xFF, 0xFF, 0xFF, 0xFF, 0xFF,
	0xFF, 0xFF, 0xFF, 0xFF, 0xFF, 0xFF, 0xFF, 0xFF, 0xFF, 0xFF, 0xFF, 0xFF,
	0xFF, 0xFF, 0xFF, 0xFF, 0xFF, 0xFF, 0xFF, 0xFF, 0xFF, 0xFF, 0xFF, 0xFF,
	0xFF, 0xFF, 0xFF, 0xFF, 0xFF, 0xFF, 0xFF, 0xFF, 0xFF, 0xFF, 0xFF, 0xFF,
	0xFF, 0xFF, 0xFF, 0xFF, 0xFF, 0xFF, 0xFF, 0xFF, 0xFF, 0xFF, 0xFF, 0xFF,
	0xFF, 0xFF, 0xFF, 0xFF, 0xFF, 0xFF, 0xFF, 0xFF, 0xFF, 0xFF, 0xFF, 0xFF,
	0xFF, 0xFF, 0xFF, 0xFF, 0xFF, 0xFF, 0xFF, 0xFF, 0xFF, 0xFF, 0xFF, 0xFF,
	0xFF, 0xFF, 0xFF, 0xFF, 0xFF, 0xFF, 0xFF, 0xFF, 0xFF, 0xFF, 0xFF, 0xFF,
	0xFF, 0xFF, 0xFF, 0xFF, 0xFF, 0xFF, 0xFF, 0xFF, 0xFF, 0xFF, 0xFF, 0xFF,
	0xFF, 0xFF, 0xFF, 0xFF, 0xFF, 0xFF, 0xFF, 0xFF, 0xFF, 0xFF, 0xFF, 0xFF,
	0xFF, 0xFF, 0xFF, 0xFF, 0xFF, 0xFF, 0xFF, 0xFF, 0xFF, 0xFF, 0xFF, 0xFF,
	0xFF, 0xFF, 0xFF, 0xFF, 0xFF, 0xFF, 0xFF, 0xFF, 0xFF, 0xFF, 0xFF, 0xFF,
	0xFF, 0xFF, 0xFF, 0xFF, 0xFF, 0xFF, 0xFF, 0xFF, 0xFF, 0xFF, 0xFF, 0xFF,
	0xFF, 0xFF, 0xFF, 0xFF, 0xFF, 0xFF, 0xFF, 0xFF, 0xFF, 0xFF, 0xFF, 0xFF,
	0xFF, 0xFF, 0xFF, 0xFF, 0xFF, 0xFF, 0xFF, 0xFF, 0xFF, 0xFF, 0xFF, 0xFF,
	0xFF, 0xFF, 0xFF, 0xFF, 0xFF, 0xFF, 0xFF, 0xFF, 0xFF, 0xFF, 0xFF, 0xFF,
	0xFF, 0xFF, 0xFF, 0xFF, 0xFF, 0xFF, 0xFF, 0xFF, 0xFF, 0xFF, 0xFF, 0xFF,
	0xFF, 0xFF, 0xFF, 0xFF, 0xFF, 0xFF, 0xFF, 0xFF, 0xFF, 0xFF, 0xFF, 0xFF,
	0xFF, 0xFF, 0xFF, 0xFF, 0xFF, 0xFF, 0xFF, 0xFF, 0xFF, 0xFF, 0xFF, 0xFF,
	0xFF, 0xFF, 0xFF, 0xFF, 0xFF, 0xFF, 0xFF, 0xFF, 0xFF, 0xFF, 0xFF, 0xFF,
	0xFF, 0xFF, 0xFF, 0xFF, 0xFF, 0xFF, 0xFF, 0xFF, 0xFF, 0xFF, 0xFF, 0xFF,
	0xFF, 0xFF, 0xFF, 0xFF, 0xFF, 0xFF, 0xFF, 0xFF, 0xFF, 0xFF, 0xFF, 0xFF,
	0xFF, 0xFF, 0xFF, 0xFF, 0xFF, 0xFF, 0xFF, 0xFF, 0xFF, 0xFF, 0xFF, 0xFF,
	0xFF, 0xFF, 0xFF, 0xFF, 0xFF, 0xFF, 0xFF, 0xFF, 0xFF, 0xFF, 0xFF, 0xFF,
	0xFF, 0xFF, 0xFF, 0xFF, 0xFF, 0xFF, 0xFF, 0xFF, 0xFF, 0xFF, 0xFF, 0xFF,
	0xFF, 0xFF, 0xFF, 0xFF, 0xFF, 0xFF, 0xFF, 0xFF, 0xFF, 0xFF, 0xFF, 0xFF,
	0xFF, 0xFF, 0xFF, 0xFF, 0xFF, 0xFF, 0xFF, 0xFF, 0xFF, 0xFF, 0xFF, 0xFF,
	0xFF, 0xFF, 0xFF, 0xFF, 0xFF, 0xFF, 0xFF, 0xFF, 0xFF, 0xFF, 0xFF, 0xFF,
	0xFF, 0xFF, 0xFF, 0xFF, 0xFF, 0xFF, 0xFF, 0xFF, 0xFF, 0xFF, 0xFF, 0xFF,
	0xFF, 0xFF, 0xFF, 0xFF, 0xFF, 0xFF, 0xFF, 0xFF, 0xFF, 0xFF, 0xFF, 0xFF,
	0xFF, 0xFF, 0xFF, 0xFF, 0xFF, 0xFF, 0xFF, 0xFF, 0xFF, 0xFF, 0xFF, 0xFF,
	0xFF, 0xFF, 0xFF, 0xFF, 0xFF, 0xFF, 0xFF, 0xFF, 0xFF, 0xFF, 0xFF, 0xFF,
	0xFF, 0xFF, 0xFF, 0xFF, 0xFF, 0xFF, 0xFF, 0xFF, 0xFF, 0xFF, 0xFF, 0xFF,
	0xFF, 0xFF, 0xFF, 0xFF, 0xFF, 0xFF, 0xFF, 0xFF, 0xFF, 0xFF, 0xFF, 0xFF,
	0xFF, 0xFF, 0xFF, 0xFF, 0xFF, 0xFF, 0xFF, 0xFF, 0xFF, 0xFF, 0xFF, 0xFF,
	0xFF, 0xFF, 0xFF, 0xFF, 0xFF, 0xFF, 0xFF, 0xFF, 0xFF, 0xFF, 0xFF, 0xFF,
	0xFF, 0xFF, 0xFF, 0xFF, 0xFF, 0xFF, 0xFF, 0xFF, 0xFF, 0xFF, 0xFF, 0xFF,
	0xFF, 0xFF, 0xFF, 0xFF, 0xFF, 0xFF, 0xFF, 0xFF, 0xFF, 0xFF, 0xFF, 0xFF,
	0xFF, 0xFF, 0xFF, 0xFF, 0xFF, 0xFF, 0xFF, 0xFF, 0xFF, 0xFF, 0xFF, 0xFF,
	0xFF, 0xFF, 0xFF, 0xFF, 0xFF, 0xFF, 0xFF, 0xFF, 0xFF, 0xFF, 0xFF, 0xFF,
	0xFF, 0xFF, 0xFF, 0xFF, 0xFF, 0xFF, 0xFF, 0xFF, 0xFF, 0xFF, 0xFF, 0xFF,
	0xFF, 0xFF, 0xFF, 0xFF, 0xFF, 0xFF, 0xFF, 0xFF, 0xFF, 0xFF, 0xFF, 0xFF,
	0xFF, 0xFF, 0xFF, 0xFF, 0xFF, 0xFF, 0xFF, 0xFF, 0xFF, 0xFF, 0xFF, 0xFF,
	0xFF, 0xFF, 0xFF, 0xFF, 0xFF, 0xFF, 0xFF, 0xFF, 0xFF, 0xFF, 0xFF, 0xFF,
	0xFF, 0xFF, 0xFF, 0xFF, 0xFF, 0xFF, 0xFF, 0xFF, 0xFF, 0xFF, 0xFF, 0xFF,
	0xFF, 0xFF, 0xFF, 0xFF, 0xFF, 0xFF, 0xFF, 0xFF, 0xFF, 0xFF, 0xFF, 0xFF,
	0xFF, 0xFF, 0xFF, 0xFF, 0xFF, 0xFF, 0xFF, 0xFF, 0xFF, 0xFF, 0xFF, 0xFF,
	0xFF, 0xFF, 0xFF, 0xFF, 0xFF, 0xFF, 0xFF, 0xFF, 0xFF, 0xFF, 0xFF, 0xFF,
	0xFF, 0xFF, 0xFF, 0xFF, 0xFF, 0xFF, 0xFF, 0xFF, 0xFF, 0xFF, 0xFF, 0xFF,
	0xFF, 0xFF, 0xFF, 0xFF, 0xFF, 0xFF, 0xFF, 0xFF, 0xFF, 0xFF, 0xFF, 0xFF,
	0xFF, 0xFF, 0xFF, 0xFF, 0xFF, 0xFF, 0xFF, 0xFF, 0xFF, 0xFF, 0xFF, 0xFF,
	0xFF, 0xFF, 0xFF, 0xFF, 0xFF, 0xFF, 0xFF, 0xFF, 0xFF, 0xFF, 0xFF, 0xFF,
	0xFF, 0xFF, 0xFF, 0xFF, 0xFF, 0xFF, 0xFF, 0xFF, 0xFF, 0xFF, 0xFF, 0xFF,
	0xFF, 0xFF, 0xFF, 0xFF, 0xFF, 0xFF, 0xFF, 0xFF, 0xFF, 0xFF, 0xFF, 0xFF,
	0xFF, 0xFF, 0xFF, 0xFF, 0xFF, 0xFF, 0xFF, 0xFF, 0xFF, 0xFF, 0xFF, 0xFF,
	0xFF, 0xFF, 0xFF, 0xFF, 0xFF, 0xFF, 0xFF, 0xFF, 0xFF, 0xFF, 0xFF, 0xFF,
	0xFF, 0xFF, 0xFF, 0xFF, 0xFF, 0xFF, 0xFF, 0xFF, 0xFF, 0xFF, 0xFF, 0xFF,
	0xFF, 0xFF, 0xFF, 0xFF, 0xFF, 0xFF, 0xFF, 0xFF, 0xFF, 0xFF, 0xFF, 0xFF,
	0xFF, 0xFF, 0xFF, 0xFF, 0xFF, 0xFF, 0xFF, 0xFF, 0xFF, 0xFF, 0xFF, 0xFF,
	0xFF, 0xFF, 0xFF, 0xFF, 0xFF, 0xFF, 0xFF, 0xFF, 0xFF, 0xFF, 0xFF, 0xFF,
	0xFF, 0xFF, 0xFF, 0xFF, 0xFF, 0xFF, 0xFF, 0xFF, 0xFF, 0xFF, 0xFF, 0xFF,
	0xFF, 0xFF, 0xFF, 0xFF, 0xFF, 0xFF, 0xFF, 0xFF, 0xFF, 0xFF, 0xFF, 0xFF,
	0xFF, 0xFF, 0xFF, 0xFF, 0xFF, 0xFF, 0xFF, 0xFF, 0xFF, 0xFF, 0xFF, 0xFF,
	0xFF, 0xFF, 0xFF, 0xFF, 0xFF, 0xFF, 0xFF, 0xFF, 0xFF, 0xFF, 0xFF, 0xFF,
	0xFF, 0xFF, 0xFF, 0xFF, 0xFF, 0xFF, 0xFF, 0xFF, 0xFF, 0xFF, 0xFF, 0xFF,
	0xFF, 0xFF, 0xFF, 0xFF, 0xFF, 0xFF, 0xFF, 0xFF, 0xFF, 0xFF, 0xFF, 0xFF,
	0xFF, 0xFF, 0xFF, 0xFF, 0xFF, 0xFF, 0xFF, 0xFF, 0xFF, 0xFF, 0xFF, 0xFF,
	0xFF, 0xFF, 0xFF, 0xFF, 0xFF, 0xFF, 0xFF, 0xFF, 0xFF, 0xFF, 0xFF, 0xFF,
	0xFF, 0xFF, 0xFF, 0xFF, 0xFF, 0xFF, 0xFF, 0xFF, 0xFF, 0xFF, 0xFF, 0xFF,
	0xFF, 0xFF, 0xFF, 0xFF, 0xFF, 0xFF, 0xFF, 0xFF, 0xFF, 0xFF, 0xFF, 0xFF,
	0xFF, 0xFF, 0xFF, 0xFF, 0xFF, 0xFF, 0xFF, 0xFF, 0xFF, 0xFF, 0xFF, 0xFF,
	0xFF, 0xFF, 0xFF, 0xFF, 0xFF, 0xFF, 0xFF, 0xFF, 0xFF, 0xFF, 0xFF, 0xFF,
	0xFF, 0xFF, 0xFF, 0xFF, 0xFF, 0xFF, 0xFF, 0xFF, 0xFF, 0xFF, 0xFF, 0xFF,
	0xFF, 0xFF, 0xFF, 0xFF, 0xFF, 0xFF, 0xFF, 0xFF, 0xFF, 0xFF, 0xFF, 0xFF,
	0xFF, 0xFF, 0xFF, 0xFF, 0xFF, 0xFF, 0xFF, 0xFF, 0xFF, 0xFF, 0xFF, 0xFF,
	0xFF, 0xFF, 0xFF, 0xFF, 0xFF, 0xFF, 0xFF, 0xFF, 0xFF, 0xFF, 0xFF, 0xFF,
	0xFF, 0xFF, 0xFF, 0xFF, 0xFF, 0xFF, 0xFF, 0xFF, 0xFF, 0xFF, 0xFF, 0xFF,
	0xFF, 0xFF, 0xFF, 0xFF, 0xFF, 0xFF, 0xFF, 0xFF, 0xFF, 0xFF, 0xFF, 0xFF,
	0xFF, 0xFF, 0xFF, 0xFF, 0xFF, 0xFF, 0xFF, 0xFF, 0xFF, 0xFF, 0xFF, 0xFF,
	0xFF, 0xFF, 0xFF, 0xFF, 0xFF, 0xFF, 0xFF, 0xFF, 0xFF, 0xFF, 0xFF, 0xFF,
	0xFF, 0xFF, 0xFF, 0xFF, 0xFF, 0xFF, 0xFF, 0xFF, 0xFF, 0xFF, 0xFF, 0xFF,
	0xFF, 0xFF, 0xFF, 0xFF, 0xFF, 0xFF, 0xFF, 0xFF, 0xFF, 0xFF, 0xFF, 0xFF,
	0xFF, 0xFF, 0xFF, 0xFF, 0xFF, 0xFF, 0xFF, 0xFF, 0xFF, 0xFF, 0xFF, 0xFF,
	0xFF, 0xFF, 0xFF, 0xFF, 0xFF, 0xFF, 0xFF, 0xFF, 0xFF, 0xFF, 0xFF, 0xFF,
	0xFF, 0xFF, 0xFF, 0xFF, 0xFF, 0xFF, 0xFF, 0xFF, 0xFF, 0xFF, 0xFF, 0xFF,
	0xFF, 0xFF, 0xFF, 0xFF, 0xFF, 0xFF, 0xFF, 0xFF, 0xFF, 0xFF, 0xFF, 0xFF,
	0xFF, 0xFF, 0xFF, 0xFF, 0xFF, 0xFF, 0xFF, 0xFF, 0xFF, 0xFF, 0xFF, 0xFF,
	0xFF, 0xFF, 0xFF, 0xFF, 0xFF, 0xFF, 0xFF, 0xFF, 0xFF, 0xFF, 0xFF, 0xFF,
	0xFF, 0xFF, 0xFF, 0xFF, 0xFF, 0xFF, 0xFF, 0xFF, 0xFF, 0xFF, 0xFF, 0xFF,
	0xFF, 0xFF, 0xFF, 0xFF, 0xFF, 0xFF, 0xFF, 0xFF, 0xFF, 0xFF, 0xFF, 0xFF,
	0xFF, 0xFF, 0xFF, 0xFF, 0xFF, 0xFF, 0xFF, 0xFF, 0xFF, 0xFF, 0xFF, 0xFF,
	0xFF, 0xFF, 0xFF, 0xFF, 0xFF, 0xFF, 0xFF, 0xFF, 0xFF, 0xFF, 0xFF, 0xFF,
	0xFF, 0xFF, 0xFF, 0xFF, 0xFF, 0xFF, 0xFF, 0xFF, 0xFF, 0xFF, 0xFF, 0xFF,
	0xFF, 0xFF, 0xFF, 0xFF, 0xFF, 0xFF, 0xFF, 0xFF, 0xFF, 0xFF, 0xFF, 0xFF,
	0xFF, 0xFF, 0xFF, 0xFF, 0xFF, 0xFF, 0xFF, 0xFF, 0xFF, 0xFF, 0xFF, 0xFF,
	0xFF, 0xFF, 0xFF, 0xFF, 0xFF, 0xFF, 0xFF, 0xFF, 0xFF, 0xFF, 0xFF, 0xFF,
	0xFF, 0xFF, 0xFF, 0xFF, 0xFF, 0xFF, 0xFF, 0xFF, 0xFF, 0xFF, 0xFF, 0xFF,
	0xFF, 0xFF, 0xFF, 0xFF, 0xFF, 0xFF, 0xFF, 0xFF, 0xFF, 0xFF, 0xFF, 0xFF,
	0xFF, 0xFF, 0xFF, 0xFF, 0xFF, 0xFF, 0xFF, 0xFF, 0xFF, 0xFF, 0xFF, 0xFF,
	0xFF, 0xFF, 0xFF, 0xFF, 0xFF, 0xFF, 0xFF, 0xFF, 0xFF, 0xFF, 0xFF, 0xFF,
	0xFF, 0xFF, 0xFF, 0xFF, 0xFF, 0xFF, 0xFF, 0xFF, 0xFF, 0xFF, 0xFF, 0xFF,
	0xFF, 0xFF, 0xFF, 0xFF, 0xFF, 0xFF, 0xFF, 0xFF, 0xFF, 0xFF, 0xFF, 0xFF,
	0xFF, 0xFF, 0xFF, 0xFF, 0xFF, 0xFF, 0xFF, 0xFF, 0xFF, 0xFF, 0xFF, 0xFF,
	0xFF, 0xFF, 0xFF, 0xFF, 0xFF, 0xFF, 0xFF, 0xFF, 0xFF, 0xFF, 0xFF, 0xFF,
	0xFF, 0xFF, 0xFF, 0xFF, 0xFF, 0xFF, 0xFF, 0xFF, 0xFF, 0xFF, 0xFF, 0xFF,
	0xFF, 0xFF, 0xFF, 0xFF, 0xFF, 0xFF, 0xFF, 0xFF, 0xFF, 0xFF, 0xFF, 0xFF,
	0xFF, 0xFF, 0xFF, 0xFF, 0xFF, 0xFF, 0xFF, 0xFF, 0xFF, 0xFF, 0xFF, 0xFF,
	0xFF, 0xFF, 0xFF, 0xFF, 0xFF, 0xFF, 0xFF, 0xFF, 0xFF, 0xFF, 0xFF, 0xFF,
	0xFF, 0xFF, 0xFF, 0xFF, 0xFF, 0xFF, 0xFF, 0xFF, 0xFF, 0xFF, 0xFF, 0xFF,
	0xFF, 0xFF, 0xFF, 0xFF, 0xFF, 0xFF, 0xFF, 0xFF, 0xFF, 0xFF, 0xFF, 0xFF,
	0xFF, 0xFF, 0xFF, 0xFF, 0xFF, 0xFF, 0xFF, 0xFF, 0xFF, 0xFF, 0xFF, 0xFF,
	0xFF, 0xFF, 0xFF, 0xFF, 0xFF, 0xFF, 0xFF, 0xFF, 0xFF, 0xFF, 0xFF, 0xFF,
	0xFF, 0xFF, 0xFF, 0xFF, 0xFF, 0xFF, 0xFF, 0xFF, 0xFF, 0xFF, 0xFF, 0xFF,
	0xFF, 0xFF, 0xFF, 0xFF, 0xFF, 0xFF, 0xFF, 0xFF, 0xFF, 0xFF, 0xFF, 0xFF,
	0xFF, 0xFF, 0xFF, 0xFF, 0xFF, 0xFF, 0xFF, 0xFF, 0xFF, 0xFF, 0xFF, 0xFF,
	0xFF, 0xFF, 0xFF, 0xFF, 0xFF, 0xFF, 0xFF, 0xFF, 0xFF, 0xFF, 0xFF, 0xFF,
	0xFF, 0xFF, 0xFF, 0xFF, 0xFF, 0xFF, 0xFF, 0xFF, 0xFF, 0xFF, 0xFF, 0xFF,
	0xFF, 0xFF, 0xFF, 0xFF, 0xFF, 0xFF, 0xFF, 0xFF, 0xFF, 0xFF, 0xFF, 0xFF,
	0xFF, 0xFF, 0xFF, 0xFF, 0xFF, 0xFF, 0xFF, 0xFF, 0xFF, 0xFF, 0xFF, 0xFF,
	0xFF, 0xFF, 0xFF, 0xFF, 0xFF, 0xFF, 0xFF, 0xFF, 0xFF, 0xFF, 0xFF, 0xFF,
	0xFF, 0xFF, 0xFF, 0xFF, 0xFF, 0xFF, 0xFF, 0xFF, 0xFF, 0xFF, 0xFF, 0xFF,
	0xFF, 0xFF, 0xFF, 0xFF, 0xFF, 0xFF, 0xFF, 0xFF, 0xFF, 0xFF, 0xFF, 0xFF,
	0xFF, 0xFF, 0xFF, 0xFF, 0xFF, 0xFF, 0xFF, 0xFF, 0xFF, 0xFF, 0xFF, 0xFF,
	0xFF, 0xFF, 0xFF, 0xFF, 0xFF, 0xFF, 0xFF, 0xFF, 0xFF, 0xFF, 0xFF, 0xFF,
	0xFF, 0xFF, 0xFF, 0xFF, 0xFF, 0xFF, 0xFF, 0xFF, 0xFF, 0xFF, 0xFF, 0xFF,
	0xFF, 0xFF, 0xFF, 0xFF, 0xFF, 0xFF, 0xFF, 0xFF, 0xFF, 0xFF, 0xFF, 0xFF,
	0xFF, 0xFF, 0xFF, 0xFF, 0xFF, 0xFF, 0xFF, 0xFF, 0xFF, 0xFF, 0xFF, 0xFF,
	0xFF, 0xFF, 0xFF, 0xFF, 0xFF, 0xFF, 0xFF, 0xFF, 0xFF, 0xFF, 0xFF, 0xFF,
	0xFF, 0xFF, 0xFF, 0xFF, 0xFF, 0xFF, 0xFF, 0xFF, 0xFF, 0xFF, 0xFF, 0xFF,
	0xFF, 0xFF, 0xFF, 0xFF, 0xFF, 0xFF, 0xFF, 0xFF, 0xFF, 0xFF, 0xFF, 0xFF,
	0xFF, 0xFF, 0xFF, 0xFF, 0xFF, 0xFF, 0xFF, 0xFF, 0xFF, 0xFF, 0xFF, 0xFF,
	0xFF, 0xFF, 0xFF, 0xFF, 0xFF, 0xFF, 0xFF, 0xFF, 0xFF, 0xFF, 0xFF, 0xFF,
	0xFF, 0xFF, 0xFF, 0xFF, 0xFF, 0xFF, 0xFF, 0xFF, 0xFF, 0xFF, 0xFF, 0xFF,
	0xFF, 0xFF, 0xFF, 0xFF, 0xFF, 0xFF, 0xFF, 0xFF, 0xFF, 0xFF, 0xFF, 0xFF,
	0xFF, 0xFF, 0xFF, 0xFF, 0xFF, 0xFF, 0xFF, 0xFF, 0xFF, 0xFF, 0xFF, 0xFF,
	0xFF, 0xFF, 0xFF, 0xFF, 0xFF, 0xFF, 0xFF, 0xFF, 0xFF, 0xFF, 0xFF, 0xFF,
	0xFF, 0xFF, 0xFF, 0xFF, 0xFF, 0xFF, 0xFF, 0xFF, 0xFF, 0xFF, 0xFF, 0xFF,
	0xFF, 0xFF, 0xFF, 0xFF, 0xFF, 0xFF, 0xFF, 0xFF, 0xFF, 0xFF, 0xFF, 0xFF,
	0xFF, 0xFF, 0xFF, 0xFF, 0xFF, 0xFF, 0xFF, 0xFF, 0xFF, 0xFF, 0xFF, 0xFF,
	0xFF, 0xFF, 0xFF, 0xFF, 0xFF, 0xFF, 0xFF, 0xFF, 0xFF, 0xFF, 0xFF, 0xFF,
	0xFF, 0xFF, 0xFF, 0xFF, 0xFF, 0xFF, 0xFF, 0xFF, 0xFF, 0xFF, 0xFF, 0xFF,
	0xFF, 0xFF, 0xFF, 0xFF, 0xFF, 0xFF, 0xFF, 0xFF, 0xFF, 0xFF, 0xFF, 0xFF,
	0xFF, 0xFF, 0xFF, 0xFF, 0xFF, 0xFF, 0xFF, 0xFF, 0xFF, 0xFF, 0xFF, 0xFF,
	0xFF, 0xFF, 0xFF, 0xFF, 0xFF, 0xFF, 0xFF, 0xFF, 0xFF, 0xFF, 0xFF, 0xFF,
	0xFF, 0xFF, 0xFF, 0xFF, 0xFF, 0xFF, 0xFF, 0xFF, 0xFF, 0xFF, 0xFF, 0xFF,
	0xFF, 0xFF, 0xFF, 0xFF, 0xFF, 0xFF, 0xFF, 0xFF, 0xFF, 0xFF, 0xFF, 0xFF,
	0xFF, 0xFF, 0xFF, 0xFF, 0xFF, 0xFF, 0xFF, 0xFF, 0xFF, 0xFF, 0xFF, 0xFF,
	0xFF, 0xFF, 0xFF, 0xFF, 0xFF, 0xFF, 0xFF, 0xFF, 0xFF, 0xFF, 0xFF, 0xFF,
	0xFF, 0xFF, 0xFF, 0xFF, 0xFF, 0xFF, 0xFF, 0xFF, 0xFF, 0xFF, 0xFF, 0xFF,
	0xFF, 0xFF, 0xFF, 0xFF, 0xFF, 0xFF, 0xFF, 0xFF, 0xFF, 0xFF, 0xFF, 0xFF,
	0xFF, 0xFF, 0xFF, 0xFF, 0xFF, 0xFF, 0xFF, 0xFF, 0xFF, 0xFF, 0xFF, 0xFF,
	0xFF, 0xFF, 0xFF, 0xFF, 0xFF, 0xFF, 0xFF, 0xFF, 0xFF, 0xFF, 0xFF, 0xFF,
	0xFF, 0xFF, 0xFF, 0xFF, 0xFF, 0xFF, 0xFF, 0xFF, 0xFF, 0xFF, 0xFF, 0xFF,
	0xFF, 0xFF, 0xFF, 0xFF, 0xFF, 0xFF, 0xFF, 0xFF, 0xFF, 0xFF, 0xFF, 0xFF,
	0xFF, 0xFF, 0xFF, 0xFF, 0xFF, 0xFF, 0xFF, 0xFF, 0xFF, 0xFF, 0xFF, 0xFF,
	0xFF, 0xFF, 0xFF, 0xFF, 0xFF, 0xFF, 0xFF, 0xFF, 0xFF, 0xFF, 0xFF, 0xFF,
	0xFF, 0xFF, 0xFF, 0xFF, 0xFF, 0xFF, 0xFF, 0xFF, 0xFF, 0xFF, 0xFF, 0xFF,
	0xFF, 0xFF, 0xFF, 0xFF, 0xFF, 0xFF, 0xFF, 0xFF, 0xFF, 0xFF, 0xFF, 0xFF,
	0xFF, 0xFF, 0xFF, 0xFF, 0xFF, 0xFF, 0xFF, 0xFF, 0xFF, 0xFF, 0xFF, 0xFF,
	0xFF, 0xFF, 0xFF, 0xFF, 0xFF, 0xFF, 0xFF, 0xFF, 0xFF, 0xFF, 0xFF, 0xFF,
	0xFF, 0xFF, 0xFF, 0xFF, 0xFF, 0xFF, 0xFF, 0xFF, 0xFF, 0xFF, 0xFF, 0xFF,
	0xFF, 0xFF, 0xFF, 0xFF, 0xFF, 0xFF, 0xFF, 0xFF, 0xFF, 0xFF, 0xFF, 0xFF,
	0xFF, 0xFF, 0xFF, 0xFF, 0xFF, 0xFF, 0xFF, 0xFF, 0xFF, 0xFF, 0xFF, 0xFF,
	0xFF, 0xFF, 0xFF, 0xFF, 0xFF, 0xFF, 0xFF, 0xFF, 0xFF, 0xFF, 0xFF, 0xFF,
	0xFF, 0xFF, 0xFF, 0xFF, 0xFF, 0xFF, 0xFF, 0xFF, 0xFF, 0xFF, 0xFF, 0xFF,
	0xFF, 0xFF, 0xFF, 0xFF, 0xFF, 0xFF, 0xFF, 0xFF, 0xFF, 0xFF, 0xFF, 0xFF,
	0xFF, 0xFF, 0xFF, 0xFF, 0xFF, 0xFF, 0xFF, 0xFF, 0xFF, 0xFF, 0xFF, 0xFF,
	0xFF, 0xFF, 0xFF, 0xFF, 0xFF, 0xFF, 0xFF, 0xFF, 0xFF, 0xFF, 0xFF, 0xFF,
	0xFF, 0xFF, 0xFF, 0xFF, 0xFF, 0xFF, 0xFF, 0xFF, 0xFF, 0xFF, 0xFF, 0xFF,
	0xFF, 0xFF, 0xFF, 0xFF, 0xFF, 0xFF, 0xFF, 0xFF, 0xFF, 0xFF, 0xFF, 0xFF,
	0xFF, 0xFF, 0xFF, 0xFF, 0xFF, 0xFF, 0xFF, 0xFF, 0xFF, 0xFF, 0xFF, 0xFF,
	0xFF, 0xFF, 0xFF, 0xFF, 0xFF, 0xFF, 0xFF, 0xFF, 0xFF, 0xFF, 0xFF, 0xFF,
	0xFF, 0xFF, 0xFF, 0xFF, 0xFF, 0xFF, 0xFF, 0xFF, 0xFF, 0xFF, 0xFF, 0xFF,
	0xFF, 0xFF, 0xFF, 0xFF, 0xFF, 0xFF, 0xFF, 0xFF, 0xFF, 0xFF, 0xFF, 0xFF,
	0xFF, 0xFF, 0xFF, 0xFF, 0xFF, 0xFF, 0xFF, 0xFF, 0xFF, 0xFF, 0xFF, 0xFF,
	0xFF, 0xFF, 0xFF, 0xFF, 0xFF, 0xFF, 0xFF, 0xFF, 0xFF, 0xFF, 0xFF, 0xFF,
	0xFF, 0xFF, 0xFF, 0xFF, 0xFF, 0xFF, 0xFF, 0xFF, 0xFF, 0xFF, 0xFF, 0xFF,
	0xFF, 0xFF, 0xFF, 0xFF, 0xFF, 0xFF, 0xFF, 0xFF, 0xFF, 0xFF, 0xFF, 0xFF,
	0xFF, 0xFF, 0xFF, 0xFF, 0xFF, 0xFF, 0xFF, 0xFF, 0xFF, 0xFF, 0xFF, 0xFF,
	0xFF, 0xFF, 0xFF, 0xFF, 0xFF, 0xFF, 0xFF, 0xFF, 0xFF, 0xFF, 0xFF, 0xFF,
	0xFF, 0xFF, 0xFF, 0xFF, 0xFF, 0xFF, 0xFF, 0xFF, 0xFF, 0xFF, 0xFF, 0xFF,
	0xFF, 0xFF, 0xFF, 0xFF, 0xFF, 0xFF, 0xFF, 0xFF, 0xFF, 0xFF, 0xFF, 0xFF,
	0xFF, 0xFF, 0xFF, 0xFF, 0xFF, 0xFF, 0xFF, 0xFF, 0xFF, 0xFF, 0xFF, 0xFF,
	0xFF, 0xFF, 0xFF, 0xFF, 0xFF, 0xFF, 0xFF, 0xFF, 0xFF, 0xFF, 0xFF, 0xFF,
	0xFF, 0xFF, 0xFF, 0xFF, 0xFF, 0xFF, 0xFF, 0xFF, 0xFF, 0xFF, 0xFF, 0xFF,
	0xFF, 0xFF, 0xFF, 0xFF, 0xFF, 0xFF, 0xFF, 0xFF, 0xFF, 0xFF, 0xFF, 0xFF,
	0xFF, 0xFF, 0xFF, 0xFF, 0xFF, 0xFF, 0xFF, 0xFF, 0xFF, 0xFF, 0xFF, 0xFF,
	0xFF, 0xFF, 0xFF, 0xFF, 0xFF, 0xFF, 0xFF, 0xFF, 0xFF, 0xFF, 0xFF, 0xFF,
	0xFF, 0xFF, 0xFF, 0xFF, 0xFF, 0xFF, 0xFF, 0xFF, 0xFF, 0xFF, 0xFF, 0xFF,
	0xFF, 0xFF, 0xFF, 0xFF, 0xFF, 0xFF, 0xFF, 0xFF, 0xFF, 0xFF, 0xFF, 0xFF,
	0xFF, 0xFF, 0xFF, 0xFF, 0xFF, 0xFF, 0xFF, 0xFF, 0xFF, 0xFF, 0xFF, 0xFF,
	0xFF, 0xFF, 0xFF, 0xFF, 0xFF, 0xFF, 0xFF, 0xFF, 0xFF, 0xFF, 0xFF, 0xFF,
	0xFF, 0xFF, 0xFF, 0xFF, 0xFF, 0xFF, 0xFF, 0xFF, 0xFF, 0xFF, 0xFF, 0xFF,
	0xFF, 0xFF, 0xFF, 0xFF, 0xFF, 0xFF, 0xFF, 0xFF, 0xFF, 0xFF, 0xFF, 0xFF,
	0xFF, 0xFF, 0xFF, 0xFF, 0xFF, 0xFF, 0xFF, 0xFF, 0xFF, 0xFF, 0xFF, 0xFF,
	0xFF, 0xFF, 0xFF, 0xFF, 0xFF, 0xFF, 0xFF, 0xFF, 0xFF, 0xFF, 0xFF, 0xFF,
	0xFF, 0xFF, 0xFF, 0xFF, 0xFF, 0xFF, 0xFF, 0xFF, 0xFF, 0xFF, 0xFF, 0xFF,
	0xFF, 0xFF, 0xFF, 0xFF, 0xFF, 0xFF, 0xFF, 0xFF, 0xFF, 0xFF, 0xFF, 0xFF,
	0xFF, 0xFF, 0xFF, 0xFF, 0xFF, 0xFF, 0xFF, 0xFF, 0xFF, 0xFF, 0xFF, 0xFF,
	0xFF, 0xFF, 0xFF, 0xFF, 0xFF, 0xFF, 0xFF, 0xFF, 0xFF, 0xFF, 0xFF, 0xFF,
	0xFF, 0xFF, 0xFF, 0xFF, 0xFF, 0xFF, 0xFF, 0xFF, 0xFF, 0xFF, 0xFF, 0xFF,
	0xFF, 0xFF, 0xFF, 0xFF, 0xFF, 0xFF, 0xFF, 0xFF, 0xFF, 0xFF, 0xFF, 0xFF,
	0xFF, 0xFF, 0xFF, 0xFF, 0xFF, 0xFF, 0xFF, 0xFF, 0xFF, 0xFF, 0xFF, 0xFF,
	0xFF, 0xFF, 0xFF, 0xFF, 0xFF, 0xFF, 0xFF, 0xFF, 0xFF, 0xFF, 0xFF, 0xFF,
	0xFF, 0xFF, 0xFF, 0xFF, 0xFF, 0xFF, 0xFF, 0xFF, 0xFF, 0xFF, 0xFF, 0xFF,
	0xFF, 0xFF, 0xFF, 0xFF, 0xFF, 0xFF, 0xFF, 0xFF, 0xFF, 0xFF, 0xFF, 0xFF,
	0xFF, 0xFF, 0xFF, 0xFF, 0xFF, 0xFF, 0xFF, 0xFF, 0xFF, 0xFF, 0xFF, 0xFF,
	0xFF, 0xFF, 0xFF, 0xFF, 0xFF, 0xFF, 0xFF, 0xFF, 0xFF, 0xFF, 0xFF, 0xFF,
	0xFF, 0xFF, 0xFF, 0xFF, 0xFF, 0xFF, 0xFF, 0xFF, 0xFF, 0xFF, 0xFF, 0xFF,
	0xFF, 0xFF, 0xFF, 0xFF, 0xFF, 0xFF, 0xFF, 0xFF, 0xFF, 0xFF, 0xFF, 0xFF,
	0xFF, 0xFF, 0xFF, 0xFF, 0xFF, 0xFF, 0xFF, 0xFF, 0xFF, 0xFF, 0xFF, 0xFF,
	0xFF, 0xFF, 0xFF, 0xFF, 0xFF, 0xFF, 0xFF, 0xFF, 0xFF, 0xFF, 0xFF, 0xFF,
	0xFF, 0xFF, 0xFF, 0xFF, 0xFF, 0xFF, 0xFF, 0xFF, 0xFF, 0xFF, 0xFF, 0xFF,
	0xFF, 0xFF, 0xFF, 0xFF, 0xFF, 0xFF, 0xFF, 0xFF, 0xFF, 0xFF, 0xFF, 0xFF,
	0xFF, 0xFF, 0xFF, 0xFF, 0xFF, 0xFF, 0xFF, 0xFF, 0xFF, 0xFF, 0xFF, 0xFF,
	0xFF, 0xFF, 0xFF, 0xFF, 0xFF, 0xFF, 0xFF, 0xFF, 0xFF, 0xFF, 0xFF, 0xFF,
	0xFF, 0xFF, 0xFF, 0xFF, 0xFF, 0xFF, 0xFF, 0xFF, 0xFF, 0xFF, 0xFF, 0xFF,
	0xFF, 0xFF, 0xFF, 0xFF, 0xFF, 0xFF, 0xFF, 0xFF, 0xFF, 0xFF, 0xFF, 0xFF,
	0xFF, 0xFF, 0xFF, 0xFF, 0xFF, 0xFF, 0xFF, 0xFF, 0xFF, 0xFF, 0xFF, 0xFF,
	0xFF, 0xFF, 0xFF, 0xFF, 0xFF, 0xFF, 0xFF, 0xFF, 0xFF, 0xFF, 0xFF, 0xFF,
	0xFF, 0xFF, 0xFF, 0xFF, 0xFF, 0xFF, 0xFF, 0xFF, 0xFF, 0xFF, 0xFF, 0xFF,
	0xFF, 0xFF, 0xFF, 0xFF, 0xFF, 0xFF, 0xFF, 0xFF, 0xFF, 0xFF, 0xFF, 0xFF,
	0xFF, 0xFF, 0xFF, 0xFF, 0xFF, 0xFF, 0xFF, 0xFF, 0xFF, 0xFF, 0xFF, 0xFF,
	0xFF, 0xFF, 0xFF, 0xFF, 0xFF, 0xFF, 0xFF, 0xFF, 0xFF, 0xFF, 0xFF, 0xFF,
	0xFF, 0xFF, 0xFF, 0xFF, 0xFF, 0xFF, 0xFF, 0xFF, 0xFF, 0xFF, 0xFF, 0xFF,
	0xFF, 0xFF, 0xFF, 0xFF, 0xFF, 0xFF, 0xFF, 0xFF, 0xFF, 0xFF, 0xFF, 0xFF,
	0xFF, 0xFF, 0xFF, 0xFF, 0xFF, 0xFF, 0xFF, 0xFF, 0xFF, 0xFF, 0xFF, 0xFF,
	0xFF, 0xFF, 0xFF, 0xFF, 0xFF, 0xFF, 0xFF, 0xFF, 0xFF, 0xFF, 0xFF, 0xFF,
	0xFF, 0xFF, 0xFF, 0xFF, 0xFF, 0xFF, 0xFF, 0xFF, 0xFF, 0xFF, 0xFF, 0xFF,
	0xFF, 0xFF, 0xFF, 0xFF, 0xFF, 0xFF, 0xFF, 0xFF, 0xFF, 0xFF, 0xFF, 0xFF,
	0xFF, 0xFF, 0xFF, 0xFF, 0xFF, 0xFF, 0xFF, 0xFF, 0xFF, 0xFF, 0xFF, 0xFF,
	0xFF, 0xFF, 0xFF, 0xFF, 0xFF, 0xFF, 0xFF, 0xFF, 0xFF, 0xFF, 0xFF, 0xFF,
	0xFF, 0xFF, 0xFF, 0xFF, 0xFF, 0xFF, 0xFF, 0xFF, 0xFF, 0xFF, 0xFF, 0xFF,
	0xFF, 0xFF, 0xFF, 0xFF, 0xFF, 0xFF, 0xFF, 0xFF, 0xFF, 0xFF, 0xFF, 0xFF,
	0xFF, 0xFF, 0xFF, 0xFF, 0xFF, 0xFF, 0xFF, 0xFF, 0xFF, 0xFF, 0xFF, 0xFF,
	0xFF, 0xFF, 0xFF, 0xFF, 0xFF, 0xFF, 0xFF, 0xFF, 0xFF, 0xFF, 0xFF, 0xFF,
	0xFF, 0xFF, 0xFF, 0xFF, 0xFF, 0xFF, 0xFF, 0xFF, 0xFF, 0xFF, 0xFF, 0xFF,
	0xFF, 0xFF, 0xFF, 0xFF, 0xFF, 0xFF, 0xFF, 0xFF, 0xFF, 0xFF, 0xFF, 0xFF,
	0xFF, 0xFF, 0xFF, 0xFF, 0xFF, 0xFF, 0xFF, 0xFF, 0xFF, 0xFF, 0xFF, 0xFF,
	0xFF, 0xFF, 0xFF, 0xFF, 0xFF, 0xFF, 0xFF, 0xFF, 0xFF, 0xFF, 0xFF, 0xFF,
	0xFF, 0xFF, 0xFF, 0xFF, 0xFF, 0xFF, 0xFF, 0xFF, 0xFF, 0xFF, 0xFF, 0xFF,
	0xFF, 0xFF, 0xFF, 0xFF, 0xFF, 0xFF, 0xFF, 0xFF, 0xFF, 0xFF, 0xFF, 0xFF,
	0xFF, 0xFF, 0xFF, 0xFF, 0xFF, 0xFF, 0xFF, 0xFF, 0xFF, 0xFF, 0xFF, 0xFF,
	0xFF, 0xFF, 0xFF, 0xFF, 0xFF, 0xFF, 0xFF, 0xFF, 0xFF, 0xFF, 0xFF, 0xFF,
	0xFF, 0xFF, 0xFF, 0xFF, 0xFF, 0xFF, 0xFF, 0xFF, 0xFF, 0xFF, 0xFF, 0xFF,
	0xFF, 0xFF, 0xFF, 0xFF, 0xFF, 0xFF, 0xFF, 0xFF, 0xFF, 0xFF, 0xFF, 0xFF,
	0xFF, 0xFF, 0xFF, 0xFF, 0xFF, 0xFF, 0xFF, 0xFF, 0xFF, 0xFF, 0xFF, 0xFF,
	0xFF, 0xFF, 0xFF, 0xFF, 0xFF, 0xFF, 0xFF, 0xFF, 0xFF, 0xFF, 0xFF, 0xFF,
	0xFF, 0xFF, 0xFF, 0xFF, 0xFF, 0xFF, 0xFF, 0xFF, 0xFF, 0xFF, 0xFF, 0xFF,
	0xFF, 0xFF, 0xFF, 0xFF, 0xFF, 0xFF, 0xFF, 0xFF, 0xFF, 0xFF, 0xFF, 0xFF,
	0xFF, 0xFF, 0xFF, 0xFF, 0xFF, 0xFF, 0xFF, 0xFF, 0xFF, 0xFF, 0xFF, 0xFF,
	0xFF, 0xFF, 0xFF, 0xFF, 0xFF, 0xFF, 0xFF, 0xFF, 0xFF, 0xFF, 0xFF, 0xFF,
	0xFF, 0xFF, 0xFF, 0xFF, 0xFF, 0xFF, 0xFF, 0xFF, 0xFF, 0xFF, 0xFF, 0xFF,
	0xFF, 0xFF, 0xFF, 0xFF, 0xFF, 0xFF, 0xFF, 0xFF, 0xFF, 0xFF, 0xFF, 0xFF,
	0xFF, 0xFF, 0xFF, 0xFF, 0xFF, 0xFF, 0xFF, 0xFF, 0xFF, 0xFF, 0xFF, 0xFF,
	0xFF, 0xFF, 0xFF, 0xFF, 0xFF, 0xFF, 0xFF, 0xFF, 0xFF, 0xFF, 0xFF, 0xFF,
	0xFF, 0xFF, 0xFF, 0xFF, 0xFF, 0xFF, 0xFF, 0xFF, 0xFF, 0xFF, 0xFF, 0xFF,
	0xFF, 0xFF, 0xFF, 0xFF, 0xFF, 0xFF, 0xFF, 0xFF, 0xFF, 0xFF, 0xFF, 0xFF,
	0xFF, 0xFF, 0xFF, 0xFF, 0xFF, 0xFF, 0xFF, 0xFF, 0xFF, 0xFF, 0xFF, 0xFF,
	0xFF, 0xFF, 0xFF, 0xFF, 0xFF, 0xFF, 0xFF, 0xFF, 0xFF, 0xFF, 0xFF, 0xFF,
	0xFF, 0xFF, 0xFF, 0xFF, 0xFF, 0xFF, 0xFF, 0xFF, 0xFF, 0xFF, 0xFF, 0xFF,
	0xFF, 0xFF, 0xFF, 0xFF, 0xFF, 0xFF, 0xFF, 0xFF, 0xFF, 0xFF, 0xFF, 0xFF,
	0xFF, 0xFF, 0xFF, 0xFF, 0xFF, 0xFF, 0xFF, 0xFF, 0xFF, 0xFF, 0xFF, 0xFF,
	0xFF, 0xFF, 0xFF, 0xFF, 0xFF, 0xFF, 0xFF, 0xFF, 0xFF, 0xFF, 0xFF, 0xFF,
	0xFF, 0xFF, 0xFF, 0xFF, 0xFF, 0xFF, 0xFF, 0xFF, 0xFF, 0xFF, 0xFF, 0xFF,
	0xFF, 0xFF, 0xFF, 0xFF, 0xFF, 0xFF, 0xFF, 0xFF, 0xFF, 0xFF, 0xFF, 0xFF,
	0xFF, 0xFF, 0xFF, 0xFF, 0xFF, 0xFF, 0xFF, 0xFF, 0xFF, 0xFF, 0xFF, 0xFF,
	0xFF, 0xFF, 0xFF, 0xFF, 0xFF, 0xFF, 0xFF, 0xFF, 0xFF, 0xFF, 0xFF, 0xFF,
	0xFF, 0xFF, 0xFF, 0xFF, 0xFF, 0xFF, 0xFF, 0xFF, 0xFF, 0xFF, 0xFF, 0xFF,
	0xFF, 0xFF, 0xFF, 0xFF, 0xFF, 0xFF, 0xFF, 0xFF, 0xFF, 0xFF, 0xFF, 0xFF,
	0xFF, 0xFF, 0xFF, 0xFF, 0xFF, 0xFF, 0xFF, 0xFF, 0xFF, 0xFF, 0xFF, 0xFF,
	0xFF, 0xFF, 0xFF, 0xFF, 0xFF, 0xFF, 0xFF, 0xFF, 0xFF, 0xFF, 0xFF, 0xFF,
	0xFF, 0xFF, 0xFF, 0xFF, 0xFF, 0xFF, 0xFF, 0xFF, 0xFF, 0xFF, 0xFF, 0xFF,
	0xFF, 0xFF, 0xFF, 0xFF, 0xFF, 0xFF, 0xFF, 0xFF, 0xFF, 0xFF, 0xFF, 0xFF,
	0xFF, 0xFF, 0xFF, 0xFF, 0xFF, 0xFF, 0xFF, 0xFF, 0xFF, 0xFF, 0xFF, 0xFF,
	0xFF, 0xFF, 0xFF, 0xFF, 0xFF, 0xFF, 0xFF, 0xFF, 0xFF, 0xFF, 0xFF, 0xFF,
	0xFF, 0xFF, 0xFF, 0xFF, 0xFF, 0xFF, 0xFF, 0xFF, 0xFF, 0xFF, 0xFF, 0xFF,
	0xFF, 0xFF, 0xFF, 0xFF, 0xFF, 0xFF, 0xFF, 0xFF, 0xFF, 0xFF, 0xFF, 0xFF,
	0xFF, 0xFF, 0xFF, 0xFF, 0xFF, 0xFF, 0xFF, 0xFF, 0xFF, 0xFF, 0xFF, 0xFF,
	0xFF, 0xFF, 0xFF, 0xFF, 0xFF, 0xFF, 0xFF, 0xFF, 0xFF, 0xFF, 0xFF, 0xFF,
	0xFF, 0xFF, 0xFF, 0xFF, 0xFF, 0xFF, 0xFF, 0xFF, 0xFF, 0xFF, 0xFF, 0xFF,
	0xFF, 0xFF, 0xFF, 0xFF, 0xFF, 0xFF, 0xFF, 0xFF, 0xFF, 0xFF, 0xFF, 0xFF,
	0xFF, 0xFF, 0xFF, 0xFF, 0xFF, 0xFF, 0xFF, 0xFF, 0xFF, 0xFF, 0xFF, 0xFF,
	0xFF, 0xFF, 0xFF, 0xFF, 0xFF, 0xFF, 0xFF, 0xFF, 0xFF, 0xFF, 0xFF, 0xFF,
	0xFF, 0xFF, 0xFF, 0xFF, 0xFF, 0xFF, 0xFF, 0xFF, 0xFF, 0xFF, 0xFF, 0xFF,
	0xFF, 0xFF, 0xFF, 0xFF, 0xFF, 0xFF, 0xFF, 0xFF, 0xFF, 0xFF, 0xFF, 0xFF,
	0xFF, 0xFF, 0xFF, 0xFF, 0xFF, 0xFF, 0xFF, 0xFF, 0xFF, 0xFF, 0xFF, 0xFF,
	0xFF, 0xFF, 0xFF, 0xFF, 0xFF, 0xFF, 0xFF, 0xFF, 0xFF, 0xFF, 0xFF, 0xFF,
	0xFF, 0xFF, 0xFF, 0xFF, 0xFF, 0xFF, 0xFF, 0xFF, 0xFF, 0xFF, 0xFF, 0xFF,
	0xFF, 0xFF, 0xFF, 0xFF, 0xFF, 0xFF, 0xFF, 0xFF, 0xFF, 0xFF, 0xFF, 0xFF,
	0xFF, 0xFF, 0xFF, 0xFF, 0xFF, 0xFF, 0xFF, 0xFF, 0xFF, 0xFF, 0xFF, 0xFF,
	0xFF, 0xFF, 0xFF, 0xFF, 0xFF, 0xFF, 0xFF, 0xFF, 0xFF, 0xFF, 0xFF, 0xFF,
	0xFF, 0xFF, 0xFF, 0xFF, 0xFF, 0xFF, 0xFF, 0xFF, 0xFF, 0xFF, 0xFF, 0xFF,
	0xFF, 0xFF, 0xFF, 0xFF, 0xFF, 0xFF, 0xFF, 0xFF, 0xFF, 0xFF, 0xFF, 0xFF,
	0xFF, 0xFF, 0xFF, 0xFF, 0xFF, 0xFF, 0xFF, 0xFF, 0xFF, 0xFF, 0xFF, 0xFF,
	0xFF, 0xFF, 0xFF, 0xFF, 0xFF, 0xFF, 0xFF, 0xFF, 0xFF, 0xFF, 0xFF, 0xFF,
	0xFF, 0xFF, 0xFF, 0xFF, 0xFF, 0xFF, 0xFF, 0xFF, 0xFF, 0xFF, 0xFF, 0xFF,
	0xFF, 0xFF, 0xFF, 0xFF, 0xFF, 0xFF, 0xFF, 0xFF, 0xFF, 0xFF, 0xFF, 0xFF,
	0xFF, 0xFF, 0xFF, 0xFF, 0xFF, 0xFF, 0xFF, 0xFF, 0xFF, 0xFF, 0xFF, 0xFF,
	0xFF, 0xFF, 0xFF, 0xFF, 0xFF, 0xFF, 0xFF, 0xFF, 0xFF, 0xFF, 0xFF, 0xFF,
	0xFF, 0xFF, 0xFF, 0xFF, 0xFF, 0xFF, 0xFF, 0xFF, 0xFF, 0xFF, 0xFF, 0xFF,
	0xFF, 0xFF, 0xFF, 0xFF, 0xFF, 0xFF, 0xFF, 0xFF, 0xFF, 0xFF, 0xFF, 0xFF,
	0xFF, 0xFF, 0xFF, 0xFF, 0xFF, 0xFF, 0xFF, 0xFF, 0xFF, 0xFF, 0xFF, 0xFF,
	0xFF, 0xFF, 0xFF, 0xFF, 0xFF, 0xFF, 0xFF, 0xFF, 0xFF, 0xFF, 0xFF, 0xFF,
	0xFF, 0xFF, 0xFF, 0xFF, 0xFF, 0xFF, 0xFF, 0xFF, 0xFF, 0xFF, 0xFF, 0xFF,
	0xFF, 0xFF, 0xFF, 0xFF, 0xFF, 0xFF, 0xFF, 0xFF, 0xFF, 0xFF, 0xFF, 0xFF,
	0xFF, 0xFF, 0xFF, 0xFF, 0xFF, 0xFF, 0xFF, 0xFF, 0xFF, 0xFF, 0xFF, 0xFF,
	0xFF, 0xFF, 0xFF, 0xFF, 0xFF, 0xFF, 0xFF, 0xFF, 0xFF, 0xFF, 0xFF, 0xFF,
	0xFF, 0xFF, 0xFF, 0xFF, 0xFF, 0xFF, 0xFF, 0xFF, 0xFF, 0xFF, 0xFF, 0xFF,
	0xFF, 0xFF, 0xFF, 0xFF, 0xFF, 0xFF, 0xFF, 0xFF, 0xFF, 0xFF, 0xFF, 0xFF,
	0xFF, 0xFF, 0xFF, 0xFF, 0xFF, 0xFF, 0xFF, 0xFF, 0xFF, 0xFF, 0xFF, 0xFF,
	0xFF, 0xFF, 0xFF, 0xFF, 0xFF, 0xFF, 0xFF, 0xFF, 0xFF, 0xFF, 0xFF, 0xFF,
	0xFF, 0xFF, 0xFF, 0xFF, 0xFF, 0xFF, 0xFF, 0xFF, 0xFF, 0xFF, 0xFF, 0xFF,
	0xFF, 0xFF, 0xFF, 0xFF, 0xFF, 0xFF, 0xFF, 0xFF, 0xFF, 0xFF, 0xFF, 0xFF,
	0xFF, 0xFF, 0xFF, 0xFF, 0xFF, 0xFF, 0xFF, 0xFF, 0xFF, 0xFF, 0xFF, 0xFF,
	0xFF, 0xFF, 0xFF, 0xFF, 0xFF, 0xFF, 0xFF, 0xFF, 0xFF, 0xFF, 0xFF, 0xFF,
	0xFF, 0xFF, 0xFF, 0xFF, 0xFF, 0xFF, 0xFF, 0xFF, 0xFF, 0xFF, 0xFF, 0xFF,
	0xFF, 0xFF, 0xFF, 0xFF, 0xFF, 0xFF, 0xFF, 0xFF, 0xFF, 0xFF, 0xFF, 0xFF,
	0xFF, 0xFF, 0xFF, 0xFF, 0xFF, 0xFF, 0xFF, 0xFF, 0xFF, 0xFF, 0xFF, 0xFF,
	0xFF, 0xFF, 0xFF, 0xFF, 0xFF, 0xFF, 0xFF, 0xFF, 0xFF, 0xFF, 0xFF, 0xFF,
	0xFF, 0xFF, 0xFF, 0xFF, 0xFF, 0xFF, 0xFF, 0xFF, 0xFF, 0xFF, 0xFF, 0xFF,
	0xFF, 0xFF, 0xFF, 0xFF, 0xFF, 0xFF, 0xFF, 0xFF, 0xFF, 0xFF, 0xFF, 0xFF,
	0xFF, 0xFF, 0xFF, 0xFF, 0xFF, 0xFF, 0xFF, 0xFF, 0xFF, 0xFF, 0xFF, 0xFF,
	0xFF, 0xFF, 0xFF, 0xFF, 0xFF, 0xFF, 0xFF, 0xFF, 0xFF, 0xFF, 0xFF, 0xFF,
	0xFF, 0xFF, 0xFF, 0xFF, 0xFF, 0xFF, 0xFF, 0xFF, 0xFF, 0xFF, 0xFF, 0xFF,
	0xFF, 0xFF, 0xFF, 0xFF, 0xFF, 0xFF, 0xFF, 0xFF, 0xFF, 0xFF, 0xFF, 0xFF,
	0xFF, 0xFF, 0xFF, 0xFF, 0xFF, 0xFF, 0xFF, 0xFF, 0xFF, 0xFF, 0xFF, 0xFF,
	0xFF, 0xFF, 0xFF, 0xFF, 0xFF, 0xFF, 0xFF, 0xFF, 0xFF, 0xFF, 0xFF, 0xFF,
	0xFF, 0xFF, 0xFF, 0xFF, 0xFF, 0xFF, 0xFF, 0xFF, 0xFF, 0xFF, 0xFF, 0xFF,
	0xFF, 0xFF, 0xFF, 0xFF, 0xFF, 0xFF, 0xFF, 0xFF, 0xFF, 0xFF, 0xFF, 0xFF,
	0xFF, 0xFF, 0xFF, 0xFF, 0xFF, 0xFF, 0xFF, 0xFF, 0xFF, 0xFF, 0xFF, 0xFF,
	0xFF, 0xFF, 0xFF, 0xFF, 0xFF, 0xFF, 0xFF, 0xFF, 0xFF, 0xFF, 0xFF, 0xFF,
	0xFF, 0xFF, 0xFF, 0xFF, 0xFF, 0xFF, 0xFF, 0xFF, 0xFF, 0xFF, 0xFF, 0xFF,
	0xFF, 0xFF, 0xFF, 0xFF, 0xFF, 0xFF, 0xFF, 0xFF, 0xFF, 0xFF, 0xFF, 0xFF,
	0xFF, 0xFF, 0xFF, 0xFF, 0xFF, 0xFF, 0xFF, 0xFF, 0xFF, 0xFF, 0xFF, 0xFF,
	0xFF, 0xFF, 0xFF, 0xFF, 0xFF, 0xFF, 0xFF, 0xFF, 0xFF, 0xFF, 0xFF, 0xFF,
	0xFF, 0xFF, 0xFF, 0xFF, 0xFF, 0xFF, 0xFF, 0xFF, 0xFF, 0xFF, 0xFF, 0xFF,
	0xFF, 0xFF, 0xFF, 0xFF, 0xFF, 0xFF, 0xFF, 0xFF, 0xFF, 0xFF, 0xFF, 0xFF,
	0xFF, 0xFF, 0xFF, 0xFF, 0xFF, 0xFF, 0xFF, 0xFF, 0xFF, 0xFF, 0xFF, 0xFF,
	0xFF, 0xFF, 0xFF, 0xFF, 0xFF, 0xFF, 0xFF, 0xFF, 0xFF, 0xFF, 0xFF, 0xFF,
	0xFF, 0xFF, 0xFF, 0xFF, 0xFF, 0xFF, 0xFF, 0xFF, 0xFF, 0xFF, 0xFF, 0xFF,
	0xFF, 0xFF, 0xFF, 0xFF, 0xFF, 0xFF, 0xFF, 0xFF, 0xFF, 0xFF, 0xFF, 0xFF,
	0xFF, 0xFF, 0xFF, 0xFF, 0xFF, 0xFF, 0xFF, 0xFF, 0xFF, 0xFF, 0xFF, 0xFF,
	0xFF, 0xFF, 0xFF, 0xFF, 0xFF, 0xFF, 0xFF, 0xFF, 0xFF, 0xFF, 0xFF, 0xFF,
	0xFF, 0xFF, 0xFF, 0xFF, 0xFF, 0xFF, 0xFF, 0xFF, 0xFF, 0xFF, 0xFF, 0xFF,
	0xFF, 0xFF, 0xFF, 0xFF, 0xFF, 0xFF, 0xFF, 0xFF, 0xFF, 0xFF, 0xFF, 0xFF,
	0xFF, 0xFF, 0xFF, 0xFF, 0xFF, 0xFF, 0xFF, 0xFF, 0xFF, 0xFF, 0xFF, 0xFF,
	0xFF, 0xFF, 0xFF, 0xFF, 0xFF, 0xFF, 0xFF, 0xFF, 0xFF, 0xFF, 0xFF, 0xFF,
	0xFF, 0xFF, 0xFF, 0xFF, 0xFF, 0xFF, 0xFF, 0xFF, 0xFF, 0xFF, 0xFF, 0xFF,
	0xFF, 0xFF, 0xFF, 0xFF, 0xFF, 0xFF, 0xFF, 0xFF, 0xFF, 0xFF, 0xFF, 0xFF,
	0xFF, 0xFF, 0xFF, 0xFF, 0xFF, 0xFF, 0xFF, 0xFF, 0xFF, 0xFF, 0xFF, 0xFF,
	0xFF, 0xFF, 0xFF, 0xFF, 0xFF, 0xFF, 0xFF, 0xFF, 0xFF, 0xFF, 0xFF, 0xFF,
	0xFF, 0xFF, 0xFF, 0xFF, 0xFF, 0xFF, 0xFF, 0xFF, 0xFF, 0xFF, 0xFF, 0xFF,
	0xFF, 0xFF, 0xFF, 0xFF, 0xFF, 0xFF, 0xFF, 0xFF, 0xFF, 0xFF, 0xFF, 0xFF,
	0xFF, 0xFF, 0xFF, 0xFF, 0xFF, 0xFF, 0xFF, 0xFF, 0xFF, 0xFF, 0xFF, 0xFF,
	0xFF, 0xFF, 0xFF, 0xFF, 0xFF, 0xFF, 0xFF, 0xFF, 0xFF, 0xFF, 0xFF, 0xFF,
	0xFF, 0xFF, 0xFF, 0xFF, 0xFF, 0xFF, 0xFF, 0xFF, 0xFF, 0xFF, 0xFF, 0xFF,
	0xFF, 0xFF, 0xFF, 0xFF, 0xFF, 0xFF, 0xFF, 0xFF, 0xFF, 0xFF, 0xFF, 0xFF,
	0xFF, 0xFF, 0xFF, 0xFF, 0xFF, 0xFF, 0xFF, 0xFF, 0xFF, 0xFF, 0xFF, 0xFF,
	0xFF, 0xFF, 0xFF, 0xFF, 0xFF, 0xFF, 0xFF, 0xFF, 0xFF, 0xFF, 0xFF, 0xFF,
	0xFF, 0xFF, 0xFF, 0xFF, 0xFF, 0xFF, 0xFF, 0xFF, 0xFF, 0xFF, 0xFF, 0xFF,
	0xFF, 0xFF, 0xFF, 0xFF, 0xFF, 0xFF, 0xFF, 0xFF, 0xFF, 0xFF, 0xFF, 0xFF,
	0xFF, 0xFF, 0xFF, 0xFF, 0xFF, 0xFF, 0xFF, 0xFF, 0xFF, 0xFF, 0xFF, 0xFF,
	0xFF, 0xFF, 0xFF, 0xFF, 0xFF, 0xFF, 0xFF, 0xFF, 0xFF, 0xFF, 0xFF, 0xFF,
	0xFF, 0xFF, 0xFF, 0xFF, 0xFF, 0xFF, 0xFF, 0xFF, 0xFF, 0xFF, 0xFF, 0xFF,
	0xFF, 0xFF, 0xFF, 0xFF, 0xFF, 0xFF, 0xFF, 0xFF, 0xFF, 0xFF, 0xFF, 0xFF,
	0xFF, 0xFF, 0xFF, 0xFF, 0xFF, 0xFF, 0xFF, 0xFF, 0xFF, 0xFF, 0xFF, 0xFF,
	0xFF, 0xFF, 0xFF, 0xFF, 0xFF, 0xFF, 0xFF, 0xFF, 0xFF, 0xFF, 0xFF, 0xFF,
	0xFF, 0xFF, 0xFF, 0xFF, 0xFF, 0xFF, 0xFF, 0xFF, 0xFF, 0xFF, 0xFF, 0xFF,
	0xFF, 0xFF, 0xFF, 0xFF, 0xFF, 0xFF, 0xFF, 0xFF, 0xFF, 0xFF, 0xFF, 0xFF,
	0xFF, 0xFF, 0xFF, 0xFF, 0xFF, 0xFF, 0xFF, 0xFF, 0xFF, 0xFF, 0xFF, 0xFF,
	0xFF, 0xFF, 0xFF, 0xFF, 0xFF, 0xFF, 0xFF, 0xFF, 0xFF, 0xFF, 0xFF, 0xFF,
	0xFF, 0xFF, 0xFF, 0xFF, 0xFF, 0xFF, 0xFF, 0xFF, 0xFF, 0xFF, 0xFF, 0xFF,
	0xFF, 0xFF, 0xFF, 0xFF, 0xFF, 0xFF, 0xFF, 0xFF, 0xFF, 0xFF, 0xFF, 0xFF,
	0xFF, 0xFF, 0xFF, 0xFF, 0xFF, 0xFF, 0xFF, 0xFF, 0xFF, 0xFF, 0xFF, 0xFF,
	0xFF, 0xFF, 0xFF, 0xFF, 0xFF, 0xFF, 0xFF, 0xFF, 0xFF, 0xFF, 0xFF, 0xFF,
	0xFF, 0xFF, 0xFF, 0xFF, 0xFF, 0xFF, 0xFF, 0xFF, 0xFF, 0xFF, 0xFF, 0xFF,
	0xFF, 0xFF, 0xFF, 0xFF, 0xFF, 0xFF, 0xFF, 0xFF, 0xFF, 0xFF, 0xFF, 0xFF,
	0xFF, 0xFF, 0xFF, 0xFF, 0xFF, 0xFF, 0xFF, 0xFF, 0xFF, 0xFF, 0xFF, 0xFF,
	0xFF, 0xFF, 0xFF, 0xFF, 0xFF, 0xFF, 0xFF, 0xFF, 0xFF, 0xFF, 0xFF, 0xFF,
	0xFF, 0xFF, 0xFF, 0xFF, 0xFF, 0xFF, 0xFF, 0xFF, 0xFF, 0xFF, 0xFF, 0xFF,
	0xFF, 0xFF, 0xFF, 0xFF, 0xFF, 0xFF, 0xFF, 0xFF, 0xFF, 0xFF, 0xFF, 0xFF,
	0xFF, 0xFF, 0xFF, 0xFF, 0xFF, 0xFF, 0xFF, 0xFF, 0xFF, 0xFF, 0xFF, 0xFF,
	0xFF, 0xFF, 0xFF, 0xFF, 0xFF, 0xFF, 0xFF, 0xFF, 0xFF, 0xFF, 0xFF, 0xFF,
	0xFF, 0xFF, 0xFF, 0xFF, 0xFF, 0xFF, 0xFF, 0xFF, 0xFF, 0xFF, 0xFF, 0xFF,
	0xFF, 0xFF, 0xFF, 0xFF, 0xFF, 0xFF, 0xFF, 0xFF, 0xFF, 0xFF, 0xFF, 0xFF,
	0xFF, 0xFF, 0xFF, 0xFF, 0xFF, 0xFF, 0xFF, 0xFF, 0xFF, 0xFF, 0xFF, 0xFF,
	0xFF, 0xFF, 0xFF, 0xFF, 0xFF, 0xFF, 0xFF, 0xFF, 0xFF, 0xFF, 0xFF, 0xFF,
	0xFF, 0xFF, 0xFF, 0xFF, 0xFF, 0xFF, 0xFF, 0xFF, 0xFF, 0xFF, 0xFF, 0xFF,
	0xFF, 0xFF, 0xFF, 0xFF, 0xFF, 0xFF, 0xFF, 0xFF, 0xFF, 0xFF, 0xFF, 0xFF,
	0xFF, 0xFF, 0xFF, 0xFF, 0xFF, 0xFF, 0xFF, 0xFF, 0xFF, 0xFF, 0xFF, 0xFF,
	0xFF, 0xFF, 0xFF, 0xFF, 0xFF, 0xFF, 0xFF, 0xFF, 0xFF, 0xFF, 0xFF, 0xFF,
	0xFF, 0xFF, 0xFF, 0xFF, 0xFF, 0xFF, 0xFF, 0xFF, 0xFF, 0xFF, 0xFF, 0xFF,
	0xFF, 0xFF, 0xFF, 0xFF, 0xFF, 0xFF, 0xFF, 0xFF, 0xFF, 0xFF, 0xFF, 0xFF,
	0xFF, 0xFF, 0xFF, 0xFF, 0xFF, 0xFF, 0xFF, 0xFF, 0xFF, 0xFF, 0xFF, 0xFF,
	0xFF, 0xFF, 0xFF, 0xFF, 0xFF, 0xFF, 0xFF, 0xFF, 0xFF, 0xFF, 0xFF, 0xFF,
	0xFF, 0xFF, 0xFF, 0xFF, 0xFF, 0xFF, 0xFF, 0xFF, 0xFF, 0xFF, 0xFF, 0xFF,
	0xFF, 0xFF, 0xFF, 0xFF, 0xFF, 0xFF, 0xFF, 0xFF, 0xFF, 0xFF, 0xFF, 0xFF,
	0xFF, 0xFF, 0xFF, 0xFF, 0xFF, 0xFF, 0xFF, 0xFF, 0xFF, 0xFF, 0xFF, 0xFF,
	0xFF, 0xFF, 0xFF, 0xFF, 0xFF, 0xFF, 0xFF, 0xFF, 0xFF, 0xFF, 0xFF, 0xFF,
	0xFF, 0xFF, 0xFF, 0xFF, 0xFF, 0xFF, 0xFF, 0xFF, 0xFF, 0xFF, 0xFF, 0xFF,
	0xFF, 0xFF, 0xFF, 0xFF, 0xFF, 0xFF, 0xFF, 0xFF, 0xFF, 0xFF, 0xFF, 0xFF,
	0xFF, 0xFF, 0xFF, 0xFF, 0xFF, 0xFF, 0xFF, 0xFF, 0xFF, 0xFF, 0xFF, 0xFF,
	0xFF, 0xFF, 0xFF, 0xFF, 0xFF, 0xFF, 0xFF, 0xFF, 0xFF, 0xFF, 0xFF, 0xFF,
	0xFF, 0xFF, 0xFF, 0xFF, 0xFF, 0xFF, 0xFF, 0xFF, 0xFF, 0xFF, 0xFF, 0xFF,
	0xFF, 0xFF, 0xFF, 0xFF, 0xFF, 0xFF, 0xFF, 0xFF, 0xFF, 0xFF, 0xFF, 0xFF,
	0xFF, 0xFF, 0xFF, 0xFF, 0xFF, 0xFF, 0xFF, 0xFF, 0xFF, 0xFF, 0xFF, 0xFF,
	0xFF, 0xFF, 0xFF, 0xFF, 0xFF, 0xFF, 0xFF, 0xFF, 0xFF, 0xFF, 0xFF, 0xFF,
	0xFF, 0xFF, 0xFF, 0xFF, 0xFF, 0xFF, 0xFF, 0xFF, 0xFF, 0xFF, 0xFF, 0xFF,
	0xFF, 0xFF, 0xFF, 0xFF, 0xFF, 0xFF, 0xFF, 0xFF, 0xFF, 0xFF, 0xFF, 0xFF,
	0xFF, 0xFF, 0xFF, 0xFF, 0xFF, 0xFF, 0xFF, 0xFF, 0xFF, 0xFF, 0xFF, 0xFF,
	0xFF, 0xFF, 0xFF, 0xFF, 0xFF, 0xFF, 0xFF, 0xFF, 0xFF, 0xFF, 0xFF, 0xFF,
	0xFF, 0xFF, 0xFF, 0xFF, 0xFF, 0xFF, 0xFF, 0xFF, 0xFF, 0xFF, 0xFF, 0xFF,
	0xFF, 0xFF, 0xFF, 0xFF, 0xFF, 0xFF, 0xFF, 0xFF, 0xFF, 0xFF, 0xFF, 0xFF,
	0xFF, 0xFF, 0xFF, 0xFF, 0xFF, 0xFF, 0xFF, 0xFF, 0xFF, 0xFF, 0xFF, 0xFF,
	0xFF, 0xFF, 0xFF, 0xFF, 0xFF, 0xFF, 0xFF, 0xFF, 0xFF, 0xFF, 0xFF, 0xFF,
	0xFF, 0xFF, 0xFF, 0xFF, 0xFF, 0xFF, 0xFF, 0xFF, 0xFF, 0xFF, 0xFF, 0xFF,
	0xFF, 0xFF, 0xFF, 0xFF, 0xFF, 0xFF, 0xFF, 0xFF, 0xFF, 0xFF, 0xFF, 0xFF,
	0xFF, 0xFF, 0xFF, 0xFF, 0xFF, 0xFF, 0xFF, 0xFF, 0xFF, 0xFF, 0xFF, 0xFF,
	0xFF, 0xFF, 0xFF, 0xFF, 0xFF, 0xFF, 0xFF, 0xFF, 0xFF, 0xFF, 0xFF, 0xFF,
	0xFF, 0xFF, 0xFF, 0xFF, 0xFF, 0xFF, 0xFF, 0xFF, 0xFF, 0xFF, 0xFF, 0xFF,
	0xFF, 0xFF, 0xFF, 0xFF, 0xFF, 0xFF, 0xFF, 0xFF, 0xFF, 0xFF, 0xFF, 0xFF,
	0xFF, 0xFF, 0xFF, 0xFF, 0xFF, 0xFF, 0xFF, 0xFF, 0xFF, 0xFF, 0xFF, 0xFF,
	0xFF, 0xFF, 0xFF, 0xFF, 0xFF, 0xFF, 0xFF, 0xFF, 0xFF, 0xFF, 0xFF, 0xFF,
	0xFF, 0xFF, 0xFF, 0xFF, 0xFF, 0xFF, 0xFF, 0xFF, 0xFF, 0xFF, 0xFF, 0xFF,
	0xFF, 0xFF, 0xFF, 0xFF, 0xFF, 0xFF, 0xFF, 0xFF, 0xFF, 0xFF, 0xFF, 0xFF,
	0xFF, 0xFF, 0xFF, 0xFF, 0xFF, 0xFF, 0xFF, 0xFF, 0xFF, 0xFF, 0xFF, 0xFF,
	0xFF, 0xFF, 0xFF, 0xFF, 0xFF, 0xFF, 0xFF, 0xFF, 0xFF, 0xFF, 0xFF, 0xFF,
	0xFF, 0xFF, 0xFF, 0xFF, 0xFF, 0xFF, 0xFF, 0xFF, 0xFF, 0xFF, 0xFF, 0xFF,
	0xFF, 0xFF, 0xFF, 0xFF, 0xFF, 0xFF, 0xFF, 0xFF, 0xFF, 0xFF, 0xFF, 0xFF,
	0xFF, 0xFF, 0xFF, 0xFF, 0xFF, 0xFF, 0xFF, 0xFF, 0xFF, 0xFF, 0xFF, 0xFF,
	0xFF, 0xFF, 0xFF, 0xFF, 0xFF, 0xFF, 0xFF, 0xFF, 0xFF, 0xFF, 0xFF, 0xFF,
	0xFF, 0xFF, 0xFF, 0xFF, 0xFF, 0xFF, 0xFF, 0xFF, 0xFF, 0xFF, 0xFF, 0xFF,
	0xFF, 0xFF, 0xFF, 0xFF, 0xFF, 0xFF, 0xFF, 0xFF, 0xFF, 0xFF, 0xFF, 0xFF,
	0xFF, 0xFF, 0xFF, 0xFF, 0xFF, 0xFF, 0xFF, 0xFF, 0xFF, 0xFF, 0xFF, 0xFF,
	0xFF, 0xFF, 0xFF, 0xFF, 0xFF, 0xFF, 0xFF, 0xFF, 0xFF, 0xFF, 0xFF, 0xFF,
	0xFF, 0xFF, 0xFF, 0xFF, 0xFF, 0xFF, 0xFF, 0xFF, 0xFF, 0xFF, 0xFF, 0xFF,
	0xFF, 0xFF, 0xFF, 0xFF, 0xFF, 0xFF, 0xFF, 0xFF, 0xFF, 0xFF, 0xFF, 0xFF,
	0xFF, 0xFF, 0xFF, 0xFF, 0xFF, 0xFF, 0xFF, 0xFF, 0xFF, 0xFF, 0xFF, 0xFF,
	0xFF, 0xFF, 0xFF, 0xFF, 0xFF, 0xFF, 0xFF, 0xFF, 0xFF, 0xFF, 0xFF, 0xFF,
	0xFF, 0xFF, 0xFF, 0xFF, 0xFF, 0xFF, 0xFF, 0xFF, 0xFF, 0xFF, 0xFF, 0xFF,
	0xFF, 0xFF, 0xFF, 0xFF, 0xFF, 0xFF, 0xFF, 0xFF, 0xFF, 0xFF, 0xFF, 0xFF,
	0xFF, 0xFF, 0xFF, 0xFF, 0xFF, 0xFF, 0xFF, 0xFF, 0xFF, 0xFF, 0xFF, 0xFF,
	0xFF, 0xFF, 0xFF, 0xFF, 0xFF, 0xFF, 0xFF, 0xFF, 0xFF, 0xFF, 0xFF, 0xFF,
	0xFF, 0xFF, 0xFF, 0xFF, 0xFF, 0xFF, 0xFF, 0xFF, 0xFF, 0xFF, 0xFF, 0xFF,
	0xFF, 0xFF, 0xFF, 0xFF, 0xFF, 0xFF, 0xFF, 0xFF, 0xFF, 0xFF, 0xFF, 0xFF,
	0xFF, 0xFF, 0xFF, 0xFF, 0xFF, 0xFF, 0xFF, 0xFF, 0xFF, 0xFF, 0xFF, 0xFF,
	0xFF, 0xFF, 0xFF, 0xFF, 0xFF, 0xFF, 0xFF, 0xFF, 0xFF, 0xFF, 0xFF, 0xFF,
	0xFF, 0xFF, 0xFF, 0xFF, 0xFF, 0xFF, 0xFF, 0xFF, 0xFF, 0xFF, 0xFF, 0xFF,
	0xFF, 0xFF, 0xFF, 0xFF, 0xFF, 0xFF, 0xFF, 0xFF, 0xFF, 0xFF, 0xFF, 0xFF,
	0xFF, 0xFF, 0xFF, 0xFF, 0xFF, 0xFF, 0xFF, 0xFF, 0xFF, 0xFF, 0xFF, 0xFF,
	0xFF, 0xFF, 0xFF, 0xFF, 0xFF, 0xFF, 0xFF, 0xFF, 0xFF, 0xFF, 0xFF, 0xFF,
	0xFF, 0xFF, 0xFF, 0xFF, 0xFF, 0xFF, 0xFF, 0xFF, 0xFF, 0xFF, 0xFF, 0xFF,
	0xFF, 0xFF, 0xFF, 0xFF, 0xFF, 0xFF, 0xFF, 0xFF, 0xFF, 0xFF, 0xFF, 0xFF,
	0xFF, 0xFF, 0xFF, 0xFF, 0xFF, 0xFF, 0xFF, 0xFF, 0xFF, 0xFF, 0xFF, 0xFF,
	0xFF, 0xFF, 0xFF, 0xFF, 0xFF, 0xFF, 0xFF, 0xFF, 0xFF, 0xFF, 0xFF, 0xFF,
	0xFF, 0xFF, 0xFF, 0xFF, 0xFF, 0xFF, 0xFF, 0xFF, 0xFF, 0xFF, 0xFF, 0xFF,
	0xFF, 0xFF, 0xFF, 0xFF, 0xFF, 0xFF, 0xFF, 0xFF, 0xFF, 0xFF, 0xFF, 0xFF,
	0xFF, 0xFF, 0xFF, 0xFF, 0xFF, 0xFF, 0xFF, 0xFF, 0xFF, 0xFF, 0xFF, 0xFF,
	0xFF, 0xFF, 0xFF, 0xFF, 0xFF, 0xFF, 0xFF, 0xFF, 0xFF, 0xFF, 0xFF, 0xFF,
	0xFF, 0xFF, 0xFF, 0xFF, 0xFF, 0xFF, 0xFF, 0xFF, 0xFF, 0xFF, 0xFF, 0xFF,
	0xFF, 0xFF, 0xFF, 0xFF, 0xFF, 0xFF, 0xFF, 0xFF, 0xFF, 0xFF, 0xFF, 0xFF,
	0xFF, 0xFF, 0xFF, 0xFF, 0xFF, 0xFF, 0xFF, 0xFF, 0xFF, 0xFF, 0xFF, 0xFF,
	0xFF, 0xFF, 0xFF, 0xFF, 0xFF, 0xFF, 0xFF, 0xFF, 0xFF, 0xFF, 0xFF, 0xFF,
	0xFF, 0xFF, 0xFF, 0xFF, 0xFF, 0xFF, 0xFF, 0xFF, 0xFF, 0xFF, 0xFF, 0xFF,
	0xFF, 0xFF, 0xFF, 0xFF, 0xFF, 0xFF, 0xFF, 0xFF, 0xFF, 0xFF, 0xFF, 0xFF,
	0xFF, 0xFF, 0xFF, 0xFF, 0xFF, 0xFF, 0xFF, 0xFF, 0xFF, 0xFF, 0xFF, 0xFF,
	0xFF, 0xFF, 0xFF, 0xFF, 0xFF, 0xFF, 0xFF, 0xFF, 0xFF, 0xFF, 0xFF, 0xFF,
	0xFF, 0xFF, 0xFF, 0xFF, 0xFF, 0xFF, 0xFF, 0xFF, 0xFF, 0xFF, 0xFF, 0xFF,
	0xFF, 0xFF, 0xFF, 0xFF, 0xFF, 0xFF, 0xFF, 0xFF, 0xFF, 0xFF, 0xFF, 0xFF,
	0xFF, 0xFF, 0xFF, 0xFF, 0xFF, 0xFF, 0xFF, 0xFF, 0xFF, 0xFF, 0xFF, 0xFF,
	0xFF, 0xFF, 0xFF, 0xFF, 0xFF, 0xFF, 0xFF, 0xFF, 0xFF, 0xFF, 0xFF, 0xFF,
	0xFF, 0xFF, 0xFF, 0xFF, 0xFF, 0xFF, 0xFF, 0xFF, 0xFF, 0xFF, 0xFF, 0xFF,
	0xFF, 0xFF, 0xFF, 0xFF, 0xFF, 0xFF, 0xFF, 0xFF, 0xFF, 0xFF, 0xFF, 0xFF,
	0xFF, 0xFF, 0xFF, 0xFF, 0xFF, 0xFF, 0xFF, 0xFF, 0xFF, 0xFF, 0xFF, 0xFF,
	0xFF, 0xFF, 0xFF, 0xFF, 0xFF, 0xFF, 0xFF, 0xFF, 0xFF, 0xFF, 0xFF, 0xFF,
	0xFF, 0xFF, 0xFF, 0xFF, 0xFF, 0xFF, 0xFF, 0xFF, 0xFF, 0xFF, 0xFF, 0xFF,
	0xFF, 0xFF, 0xFF, 0xFF, 0xFF, 0xFF, 0xFF, 0xFF, 0xFF, 0xFF, 0xFF, 0xFF,
	0xFF, 0xFF, 0xFF, 0xFF, 0xFF, 0xFF, 0xFF, 0xFF, 0xFF, 0xFF, 0xFF, 0xFF,
	0xFF, 0xFF, 0xFF, 0xFF, 0xFF, 0xFF, 0xFF, 0xFF, 0xFF, 0xFF, 0xFF, 0xFF,
	0xFF, 0xFF, 0xFF, 0xFF, 0xFF, 0xFF, 0xFF, 0xFF, 0xFF, 0xFF, 0xFF, 0xFF,
	0xFF, 0xFF, 0xFF, 0xFF, 0xFF, 0xFF, 0xFF, 0xFF, 0xFF, 0xFF, 0xFF, 0xFF,
	0xFF, 0xFF, 0xFF, 0xFF, 0xFF, 0xFF, 0xFF, 0xFF, 0xFF, 0xFF, 0xFF, 0xFF,
	0xFF, 0xFF, 0xFF, 0xFF, 0xFF, 0xFF, 0xFF, 0xFF, 0xFF, 0xFF, 0xFF, 0xFF,
	0xFF, 0xFF, 0xFF, 0xFF, 0xFF, 0xFF, 0xFF, 0xFF, 0xFF, 0xFF, 0xFF, 0xFF,
	0xFF, 0xFF, 0xFF, 0xFF, 0xFF, 0xFF, 0xFF, 0xFF, 0xFF, 0xFF, 0xFF, 0xFF,
	0xFF, 0xFF, 0xFF, 0xFF, 0xFF, 0xFF, 0xFF, 0xFF, 0xFF, 0xFF, 0xFF, 0xFF,
	0xFF, 0xFF, 0xFF, 0xFF, 0xFF, 0xFF, 0xFF, 0xFF, 0xFF, 0xFF, 0xFF, 0xFF,
	0xFF, 0xFF, 0xFF, 0xFF, 0xFF, 0xFF, 0xFF, 0xFF, 0xFF, 0xFF, 0xFF, 0xFF,
	0xFF, 0xFF, 0xFF, 0xFF, 0xFF, 0xFF, 0xFF, 0xFF, 0xFF, 0xFF, 0xFF, 0xFF,
	0xFF, 0xFF, 0xFF, 0xFF, 0xFF, 0xFF, 0xFF, 0xFF, 0xFF, 0xFF, 0xFF, 0xFF,
	0xFF, 0xFF, 0xFF, 0xFF, 0xFF, 0xFF, 0xFF, 0xFF, 0xFF, 0xFF, 0xFF, 0xFF,
	0xFF, 0xFF, 0xFF, 0xFF, 0xFF, 0xFF, 0xFF, 0xFF, 0xFF, 0xFF, 0xFF, 0xFF,
	0xFF, 0xFF, 0xFF, 0xFF, 0xFF, 0xFF, 0xFF, 0xFF, 0xFF, 0xFF, 0xFF, 0xFF,
	0xFF, 0xFF, 0xFF, 0xFF, 0xFF, 0xFF, 0xFF, 0xFF, 0xFF, 0xFF, 0xFF, 0xFF,
	0xFF, 0xFF, 0xFF, 0xFF, 0xFF, 0xFF, 0xFF, 0xFF, 0xFF, 0xFF, 0xFF, 0xFF,
	0xFF, 0xFF, 0xFF, 0xFF, 0xFF, 0xFF, 0xFF, 0xFF, 0xFF, 0xFF, 0xFF, 0xFF,
	0xFF, 0xFF, 0xFF, 0xFF, 0xFF, 0xFF, 0xFF, 0xFF, 0xFF, 0xFF, 0xFF, 0xFF,
	0xFF, 0xFF, 0xFF, 0xFF, 0xFF, 0xFF, 0xFF, 0xFF, 0xFF, 0xFF, 0xFF, 0xFF,
	0xFF, 0xFF, 0xFF, 0xFF, 0xFF, 0xFF, 0xFF, 0xFF, 0xFF, 0xFF, 0xFF, 0xFF,
	0xFF, 0xFF, 0xFF, 0xFF, 0xFF, 0xFF, 0xFF, 0xFF, 0xFF, 0xFF, 0xFF, 0xFF,
	0xFF, 0xFF, 0xFF, 0xFF, 0xFF, 0xFF, 0xFF, 0xFF, 0xFF, 0xFF, 0xFF, 0xFF,
	0xFF, 0xFF, 0xFF, 0xFF, 0xFF, 0xFF, 0xFF, 0xFF, 0xFF, 0xFF, 0xFF, 0xFF,
	0xFF, 0xFF, 0xFF, 0xFF, 0xFF, 0xFF, 0xFF, 0xFF, 0xFF, 0xFF, 0xFF, 0xFF,
	0xFF, 0xFF, 0xFF, 0xFF, 0xFF, 0xFF, 0xFF, 0xFF, 0xFF, 0xFF, 0xFF, 0xFF,
	0xFF, 0xFF, 0xFF, 0xFF, 0xFF, 0xFF, 0xFF, 0xFF, 0xFF, 0xFF, 0xFF, 0xFF,
	0xFF, 0xFF, 0xFF, 0xFF, 0xFF, 0xFF, 0xFF, 0xFF, 0xFF, 0xFF, 0xFF, 0xFF,
	0xFF, 0xFF, 0xFF, 0xFF, 0xFF, 0xFF, 0xFF, 0xFF, 0xFF, 0xFF, 0xFF, 0xFF,
	0xFF, 0xFF, 0xFF, 0xFF, 0xFF, 0xFF, 0xFF, 0xFF, 0xFF, 0xFF, 0xFF, 0xFF,
	0xFF, 0xFF, 0xFF, 0xFF, 0xFF, 0xFF, 0xFF, 0xFF, 0xFF, 0xFF, 0xFF, 0xFF,
	0xFF, 0xFF, 0xFF, 0xFF, 0xFF, 0xFF, 0xFF, 0xFF, 0xFF, 0xFF, 0xFF, 0xFF,
	0xFF, 0xFF, 0xFF, 0xFF, 0xFF, 0xFF, 0xFF, 0xFF, 0xFF, 0xFF, 0xFF, 0xFF,
	0xFF, 0xFF, 0xFF, 0xFF, 0xFF, 0xFF, 0xFF, 0xFF, 0xFF, 0xFF, 0xFF, 0xFF,
	0xFF, 0xFF, 0xFF, 0xFF, 0xFF, 0xFF, 0xFF, 0xFF, 0xFF, 0xFF, 0xFF, 0xFF,
	0xFF, 0xFF, 0xFF, 0xFF, 0xFF, 0xFF, 0xFF, 0xFF, 0xFF, 0xFF, 0xFF, 0xFF,
	0xFF, 0xFF, 0xFF, 0xFF, 0xFF, 0xFF, 0xFF, 0xFF, 0xFF, 0xFF, 0xFF, 0xFF,
	0xFF, 0xFF, 0xFF, 0xFF, 0xFF, 0xFF, 0xFF, 0xFF, 0xFF, 0xFF, 0xFF, 0xFF,
	0xFF, 0xFF, 0xFF, 0xFF, 0xFF, 0xFF, 0xFF, 0xFF, 0xFF, 0xFF, 0xFF, 0xFF,
	0xFF, 0xFF, 0xFF, 0xFF, 0xFF, 0xFF, 0xFF, 0xFF, 0xFF, 0xFF, 0xFF, 0xFF,
	0xFF, 0xFF, 0xFF, 0xFF, 0xFF, 0xFF, 0xFF, 0xFF, 0xFF, 0xFF, 0xFF, 0xFF,
	0xFF, 0xFF, 0xFF, 0xFF, 0xFF, 0xFF, 0xFF, 0xFF, 0xFF, 0xFF, 0xFF, 0xFF,
	0xFF, 0xFF, 0xFF, 0xFF, 0xFF, 0xFF, 0xFF, 0xFF, 0xFF, 0xFF, 0xFF, 0xFF,
	0xFF, 0xFF, 0xFF, 0xFF, 0xFF, 0xFF, 0xFF, 0xFF, 0xFF, 0xFF, 0xFF, 0xFF,
	0xFF, 0xFF, 0xFF, 0xFF, 0xFF, 0xFF, 0xFF, 0xFF, 0xFF, 0xFF, 0xFF, 0xFF,
	0xFF, 0xFF, 0xFF, 0xFF, 0xFF, 0xFF, 0xFF, 0xFF, 0xFF, 0xFF, 0xFF, 0xFF,
	0xFF, 0xFF, 0xFF, 0xFF, 0xFF, 0xFF, 0xFF, 0xFF, 0xFF, 0xFF, 0xFF, 0xFF,
	0xFF, 0xFF, 0xFF, 0xFF, 0xFF, 0xFF, 0xFF, 0xFF, 0xFF, 0xFF, 0xFF, 0xFF,
	0xFF, 0xFF, 0xFF, 0xFF, 0xFF, 0xFF, 0xFF, 0xFF, 0xFF, 0xFF, 0xFF, 0xFF,
	0xFF, 0xFF, 0xFF, 0xFF, 0xFF, 0xFF, 0xFF, 0xFF, 0xFF, 0xFF, 0xFF, 0xFF,
	0xFF, 0xFF, 0xFF, 0xFF, 0xFF, 0xFF, 0xFF, 0xFF, 0xFF, 0xFF, 0xFF, 0xFF,
	0xFF, 0xFF, 0xFF, 0xFF, 0xFF, 0xFF, 0xFF, 0xFF, 0xFF, 0xFF, 0xFF, 0xFF,
	0xFF, 0xFF, 0xFF, 0xFF, 0xFF, 0xFF, 0xFF, 0xFF, 0xFF, 0xFF, 0xFF, 0xFF,
	0xFF, 0xFF, 0xFF, 0xFF, 0xFF, 0xFF, 0xFF, 0xFF, 0xFF, 0xFF, 0xFF, 0xFF,
	0xFF, 0xFF, 0xFF, 0xFF, 0xFF, 0xFF, 0xFF, 0xFF, 0xFF, 0xFF, 0xFF, 0xFF,
	0xFF, 0xFF, 0xFF, 0xFF, 0xFF, 0xFF, 0xFF, 0xFF, 0xFF, 0xFF, 0xFF, 0xFF,
	0xFF, 0xFF, 0xFF, 0xFF, 0xFF, 0xFF, 0xFF, 0xFF, 0xFF, 0xFF, 0xFF, 0xFF,
	0xFF, 0xFF, 0xFF, 0xFF, 0xFF, 0xFF, 0xFF, 0xFF, 0xFF, 0xFF, 0xFF, 0xFF,
	0xFF, 0xFF, 0xFF, 0xFF, 0xFF, 0xFF, 0xFF, 0xFF, 0xFF, 0xFF, 0xFF, 0xFF,
	0xFF, 0xFF, 0xFF, 0xFF, 0xFF, 0xFF, 0xFF, 0xFF, 0xFF, 0xFF, 0xFF, 0xFF,
	0xFF, 0xFF, 0xFF, 0xFF, 0xFF, 0xFF, 0xFF, 0xFF, 0xFF, 0xFF, 0xFF, 0xFF,
	0xFF, 0xFF, 0xFF, 0xFF, 0xFF, 0xFF, 0xFF, 0xFF, 0xFF, 0xFF, 0xFF, 0xFF,
	0xFF, 0xFF, 0xFF, 0xFF, 0xFF, 0xFF, 0xFF, 0xFF, 0xFF, 0xFF, 0xFF, 0xFF,
	0xFF, 0xFF, 0xFF, 0xFF, 0xFF, 0xFF, 0xFF, 0xFF, 0xFF, 0xFF, 0xFF, 0xFF,
	0xFF, 0xFF, 0xFF, 0xFF, 0xFF, 0xFF, 0xFF, 0xFF, 0xFF, 0xFF, 0xFF, 0xFF,
	0xFF, 0xFF, 0xFF, 0xFF, 0xFF, 0xFF, 0xFF, 0xFF, 0xFF, 0xFF, 0xFF, 0xFF,
	0xFF, 0xFF, 0xFF, 0xFF, 0xFF, 0xFF, 0xFF, 0xFF, 0xFF, 0xFF, 0xFF, 0xFF,
	0xFF, 0xFF, 0xFF, 0xFF, 0xFF, 0xFF, 0xFF, 0xFF, 0xFF, 0xFF, 0xFF, 0xFF,
	0xFF, 0xFF, 0xFF, 0xFF, 0xFF, 0xFF, 0xFF, 0xFF, 0xFF, 0xFF, 0xFF, 0xFF,
	0xFF, 0xFF, 0xFF, 0xFF, 0xFF, 0xFF, 0xFF, 0xFF, 0xFF, 0xFF, 0xFF, 0xFF,
	0xFF, 0xFF, 0xFF, 0xFF, 0xFF, 0xFF, 0xFF, 0xFF, 0xFF, 0xFF, 0xFF, 0xFF,
	0xFF, 0xFF, 0xFF, 0xFF, 0xFF, 0xFF, 0xFF, 0xFF, 0xFF, 0xFF, 0xFF, 0xFF,
	0xFF, 0xFF, 0xFF, 0xFF, 0xFF, 0xFF, 0xFF, 0xFF, 0xFF, 0xFF, 0xFF, 0xFF,
	0xFF, 0xFF, 0xFF, 0xFF, 0xFF, 0xFF, 0xFF, 0xFF, 0xFF, 0xFF, 0xFF, 0xFF,
	0xFF, 0xFF, 0xFF, 0xFF, 0xFF, 0xFF, 0xFF, 0xFF, 0xFF, 0xFF, 0xFF, 0xFF,
	0xFF, 0xFF, 0xFF, 0xFF, 0xFF, 0xFF, 0xFF, 0xFF, 0xFF, 0xFF, 0xFF, 0xFF,
	0xFF, 0xFF, 0xFF, 0xFF, 0xFF, 0xFF, 0xFF, 0xFF, 0xFF, 0xFF, 0xFF, 0xFF,
	0xFF, 0xFF, 0xFF, 0xFF, 0xFF, 0xFF, 0xFF, 0xFF, 0xFF, 0xFF, 0xFF, 0xFF,
	0xFF, 0xFF, 0xFF, 0xFF, 0xFF, 0xFF, 0xFF, 0xFF, 0xFF, 0xFF, 0xFF, 0xFF,
	0xFF, 0xFF, 0xFF, 0xFF, 0xFF, 0xFF, 0xFF, 0xFF, 0xFF, 0xFF, 0xFF, 0xFF,
	0xFF, 0xFF, 0xFF, 0xFF, 0xFF, 0xFF, 0xFF, 0xFF, 0xFF, 0xFF, 0xFF, 0xFF,
	0xFF, 0xFF, 0xFF, 0xFF, 0xFF, 0xFF, 0xFF, 0xFF, 0xFF, 0xFF, 0xFF, 0xFF,
	0xFF, 0xFF, 0xFF, 0xFF, 0xFF, 0xFF, 0xFF, 0xFF, 0xFF, 0xFF, 0xFF, 0xFF,
	0xFF, 0xFF, 0xFF, 0xFF, 0xFF, 0xFF, 0xFF, 0xFF, 0xFF, 0xFF, 0xFF, 0xFF,
	0xFF, 0xFF, 0xFF, 0xFF, 0xFF, 0xFF, 0xFF, 0xFF, 0xFF, 0xFF, 0xFF, 0xFF,
	0xFF, 0xFF, 0xFF, 0xFF, 0xFF, 0xFF, 0xFF, 0xFF, 0xFF, 0xFF, 0xFF, 0xFF,
	0xFF, 0xFF, 0xFF, 0xFF, 0xFF, 0xFF, 0xFF, 0xFF, 0xFF, 0xFF, 0xFF, 0xFF,
	0xFF, 0xFF, 0xFF, 0xFF, 0xFF, 0xFF, 0xFF, 0xFF, 0xFF, 0xFF, 0xFF, 0xFF,
	0xFF, 0xFF, 0xFF, 0xFF, 0xFF, 0xFF, 0xFF, 0xFF, 0xFF, 0xFF, 0xFF, 0xFF,
	0xFF, 0xFF, 0xFF, 0xFF, 0xFF, 0xFF, 0xFF, 0xFF, 0xFF, 0xFF, 0xFF, 0xFF,
	0xFF, 0xFF, 0xFF, 0xFF, 0xFF, 0xFF, 0xFF, 0xFF, 0xFF, 0xFF, 0xFF, 0xFF,
	0xFF, 0xFF, 0xFF, 0xFF, 0xFF, 0xFF, 0xFF, 0xFF, 0xFF, 0xFF, 0xFF, 0xFF,
	0xFF, 0xFF, 0xFF, 0xFF, 0xFF, 0xFF, 0xFF, 0xFF, 0xFF, 0xFF, 0xFF, 0xFF,
	0xFF, 0xFF, 0xFF, 0xFF, 0xFF, 0xFF, 0xFF, 0xFF, 0xFF, 0xFF, 0xFF, 0xFF,
	0xFF, 0xFF, 0xFF, 0xFF, 0xFF, 0xFF, 0xFF, 0xFF, 0xFF, 0xFF, 0xFF, 0xFF,
	0xFF, 0xFF, 0xFF, 0xFF, 0xFF, 0xFF, 0xFF, 0xFF, 0xFF, 0xFF, 0xFF, 0xFF,
	0xFF, 0xFF, 0xFF, 0xFF, 0xFF, 0xFF, 0xFF, 0xFF, 0xFF, 0xFF, 0xFF, 0xFF,
	0xFF, 0xFF, 0xFF, 0xFF, 0xFF, 0xFF, 0xFF, 0xFF, 0xFF, 0xFF, 0xFF, 0xFF,
	0xFF, 0xFF, 0xFF, 0xFF, 0xFF, 0xFF, 0xFF, 0xFF, 0xFF, 0xFF, 0xFF, 0xFF,
	0xFF, 0xFF, 0xFF, 0xFF, 0xFF, 0xFF, 0xFF, 0xFF, 0xFF, 0xFF, 0xFF, 0xFF,
	0xFF, 0xFF, 0xFF, 0xFF, 0xFF, 0xFF, 0xFF, 0xFF, 0xFF, 0xFF, 0xFF, 0xFF,
	0xFF, 0xFF, 0xFF, 0xFF, 0xFF, 0xFF, 0xFF, 0xFF, 0xFF, 0xFF, 0xFF, 0xFF,
	0xFF, 0xFF, 0xFF, 0xFF, 0xFF, 0xFF, 0xFF, 0xFF, 0xFF, 0xFF, 0xFF, 0xFF,
	0xFF, 0xFF, 0xFF, 0xFF, 0xFF, 0xFF, 0xFF, 0xFF, 0xFF, 0xFF, 0xFF, 0xFF,
	0xFF, 0xFF, 0xFF, 0xFF, 0xFF, 0xFF, 0xFF, 0xFF, 0xFF, 0xFF, 0xFF, 0xFF,
	0xFF, 0xFF, 0xFF, 0xFF, 0xFF, 0xFF, 0xFF, 0xFF, 0xFF, 0xFF, 0xFF, 0xFF,
	0xFF, 0xFF, 0xFF, 0xFF, 0xFF, 0xFF, 0xFF, 0xFF, 0xFF, 0xFF, 0xFF, 0xFF,
	0xFF, 0xFF, 0xFF, 0xFF, 0xFF, 0xFF, 0xFF, 0xFF, 0xFF, 0xFF, 0xFF, 0xFF,
	0xFF, 0xFF, 0xFF, 0xFF, 0xFF, 0xFF, 0xFF, 0xFF, 0xFF, 0xFF, 0xFF, 0xFF,
	0xFF, 0xFF, 0xFF, 0xFF, 0xFF, 0xFF, 0xFF, 0xFF, 0xFF, 0xFF, 0xFF, 0xFF,
	0xFF, 0xFF, 0xFF, 0xFF, 0xFF, 0xFF, 0xFF, 0xFF, 0xFF, 0xFF, 0xFF, 0xFF,
	0xFF, 0xFF, 0xFF, 0xFF, 0xFF, 0xFF, 0xFF, 0xFF, 0xFF, 0xFF, 0xFF, 0xFF,
	0xFF, 0xFF, 0xFF, 0xFF, 0xFF, 0xFF, 0xFF, 0xFF, 0xFF, 0xFF, 0xFF, 0xFF,
	0xFF, 0xFF, 0xFF, 0xFF, 0xFF, 0xFF, 0xFF, 0xFF, 0xFF, 0xFF, 0xFF, 0xFF,
	0xFF, 0xFF, 0xFF, 0xFF, 0xFF, 0xFF, 0xFF, 0xFF, 0xFF, 0xFF, 0xFF, 0xFF,
	0xFF, 0xFF, 0xFF, 0xFF, 0xFF, 0xFF, 0xFF, 0xFF, 0xFF, 0xFF, 0xFF, 0xFF,
	0xFF, 0xFF, 0xFF, 0xFF, 0xFF, 0xFF, 0xFF, 0xFF, 0xFF, 0xFF, 0xFF, 0xFF,
	0xFF, 0xFF, 0xFF, 0xFF, 0xFF, 0xFF, 0xFF, 0xFF, 0xFF, 0xFF, 0xFF, 0xFF,
	0xFF, 0xFF, 0xFF, 0xFF, 0xFF, 0xFF, 0xFF, 0xFF, 0xFF, 0xFF, 0xFF, 0xFF,
	0xFF, 0xFF, 0xFF, 0xFF, 0xFF, 0xFF, 0xFF, 0xFF, 0xFF, 0xFF, 0xFF, 0xFF,
	0xFF, 0xFF, 0xFF, 0xFF, 0xFF, 0xFF, 0xFF, 0xFF, 0xFF, 0xFF, 0xFF, 0xFF,
	0xFF, 0xFF, 0xFF, 0xFF, 0xFF, 0xFF, 0xFF, 0xFF, 0xFF, 0xFF, 0xFF, 0xFF,
	0xFF, 0xFF, 0xFF, 0xFF, 0xFF, 0xFF, 0xFF, 0xFF, 0xFF, 0xFF, 0xFF, 0xFF,
	0xFF, 0xFF, 0xFF, 0xFF, 0xFF, 0xFF, 0xFF, 0xFF, 0xFF, 0xFF, 0xFF, 0xFF,
	0xFF, 0xFF, 0xFF, 0xFF, 0xFF, 0xFF, 0xFF, 0xFF, 0xFF, 0xFF, 0xFF, 0xFF,
	0xFF, 0xFF, 0xFF, 0xFF, 0xFF, 0xFF, 0xFF, 0xFF, 0xFF, 0xFF, 0xFF, 0xFF,
	0xFF, 0xFF, 0xFF, 0xFF, 0xFF, 0xFF, 0xFF, 0xFF, 0xFF, 0xFF, 0xFF, 0xFF,
	0xFF, 0xFF, 0xFF, 0xFF, 0xFF, 0xFF, 0xFF, 0xFF, 0xFF, 0xFF, 0xFF, 0xFF,
	0xFF, 0xFF, 0xFF, 0xFF, 0xFF, 0xFF, 0xFF, 0xFF, 0xFF, 0xFF, 0xFF, 0xFF,
	0xFF, 0xFF, 0xFF, 0xFF, 0xFF, 0xFF, 0xFF, 0xFF, 0xFF, 0xFF, 0xFF, 0xFF,
	0xFF, 0xFF, 0xFF, 0xFF, 0xFF, 0xFF, 0xFF, 0xFF, 0xFF, 0xFF, 0xFF, 0xFF,
	0xFF, 0xFF, 0xFF, 0xFF, 0xFF, 0xFF, 0xFF, 0xFF, 0xFF, 0xFF, 0xFF, 0xFF,
	0xFF, 0xFF, 0xFF, 0xFF, 0xFF, 0xFF, 0xFF, 0xFF, 0xFF, 0xFF, 0xFF, 0xFF,
	0xFF, 0xFF, 0xFF, 0xFF, 0xFF, 0xFF, 0xFF, 0xFF, 0xFF, 0xFF, 0xFF, 0xFF,
	0xFF, 0xFF, 0xFF, 0xFF, 0xFF, 0xFF, 0xFF, 0xFF, 0xFF, 0xFF, 0xFF, 0xFF,
	0xFF, 0xFF, 0xFF, 0xFF, 0xFF, 0xFF, 0xFF, 0xFF, 0xFF, 0xFF, 0xFF, 0xFF,
	0xFF, 0xFF, 0xFF, 0xFF, 0xFF, 0xFF, 0xFF, 0xFF, 0xFF, 0xFF, 0xFF, 0xFF,
	0xFF, 0xFF, 0xFF, 0xFF, 0xFF, 0xFF, 0xFF, 0xFF, 0xFF, 0xFF, 0xFF, 0xFF,
	0xFF, 0xFF, 0xFF, 0xFF, 0xFF, 0xFF, 0xFF, 0xFF, 0xFF, 0xFF, 0xFF, 0xFF,
	0xFF, 0xFF, 0xFF, 0xFF, 0xFF, 0xFF, 0xFF, 0xFF, 0xFF, 0xFF, 0xFF, 0xFF,
	0xFF, 0xFF, 0xFF, 0xFF, 0xFF, 0xFF, 0xFF, 0xFF, 0xFF, 0xFF, 0xFF, 0xFF,
	0xFF, 0xFF, 0xFF, 0xFF, 0xFF, 0xFF, 0xFF, 0xFF, 0xFF, 0xFF, 0xFF, 0xFF,
	0xFF, 0xFF, 0xFF, 0xFF, 0xFF, 0xFF, 0xFF, 0xFF, 0xFF, 0xFF, 0xFF, 0xFF,
	0xFF, 0xFF, 0xFF, 0xFF, 0xFF, 0xFF, 0xFF, 0xFF, 0xFF, 0xFF, 0xFF, 0xFF,
	0xFF, 0xFF, 0xFF, 0xFF, 0xFF, 0xFF, 0xFF, 0xFF, 0xFF, 0xFF, 0xFF, 0xFF,
	0xFF, 0xFF, 0xFF, 0xFF, 0xFF, 0xFF, 0xFF, 0xFF, 0xFF, 0xFF, 0xFF, 0xFF,
	0xFF, 0xFF, 0xFF, 0xFF, 0xFF, 0xFF, 0xFF, 0xFF, 0xFF, 0xFF, 0xFF, 0xFF,
	0xFF, 0xFF, 0xFF, 0xFF, 0xFF, 0xFF, 0xFF, 0xFF, 0xFF, 0xFF, 0xFF, 0xFF,
	0xFF, 0xFF, 0xFF, 0xFF, 0xFF, 0xFF, 0xFF, 0xFF, 0xFF, 0xFF, 0xFF, 0xFF,
	0xFF, 0xFF, 0xFF, 0xFF, 0xFF, 0xFF, 0xFF, 0xFF, 0xFF, 0xFF, 0xFF, 0xFF,
	0xFF, 0xFF, 0xFF, 0xFF, 0xFF, 0xFF, 0xFF, 0xFF, 0xFF, 0xFF, 0xFF, 0xFF,
	0xFF, 0xFF, 0xFF, 0xFF, 0xFF, 0xFF, 0xFF, 0xFF, 0xFF, 0xFF, 0xFF, 0xFF,
	0xFF, 0xFF, 0xFF, 0xFF, 0xFF, 0xFF, 0xFF, 0xFF, 0xFF, 0xFF, 0xFF, 0xFF,
	0xFF, 0xFF, 0xFF, 0xFF, 0xFF, 0xFF, 0xFF, 0xFF, 0xFF, 0xFF, 0xFF, 0xFF,
	0xFF, 0xFF, 0xFF, 0xFF, 0xFF, 0xFF, 0xFF, 0xFF, 0xFF, 0xFF, 0xFF, 0xFF,
	0xFF, 0xFF, 0xFF, 0xFF, 0xFF, 0xFF, 0xFF, 0xFF, 0xFF, 0xFF, 0xFF, 0xFF,
	0xFF, 0xFF, 0xFF, 0xFF, 0xFF, 0xFF, 0xFF, 0xFF, 0xFF, 0xFF, 0xFF, 0xFF,
	0xFF, 0xFF, 0xFF, 0xFF, 0xFF, 0xFF, 0xFF, 0xFF, 0xFF, 0xFF, 0xFF, 0xFF,
	0xFF, 0xFF, 0xFF, 0xFF, 0xFF, 0xFF, 0xFF, 0xFF, 0xFF, 0xFF, 0xFF, 0xFF,
	0xFF, 0xFF, 0xFF, 0xFF, 0xFF, 0xFF, 0xFF, 0xFF, 0xFF, 0xFF, 0xFF, 0xFF,
	0xFF, 0xFF, 0xFF, 0xFF, 0xFF, 0xFF, 0xFF, 0xFF, 0xFF, 0xFF, 0xFF, 0xFF,
	0xFF, 0xFF, 0xFF, 0xFF, 0xFF, 0xFF, 0xFF, 0xFF, 0xFF, 0xFF, 0xFF, 0xFF,
	0xFF, 0xFF, 0xFF, 0xFF, 0xFF, 0xFF, 0xFF, 0xFF, 0xFF, 0xFF, 0xFF, 0xFF,
	0xFF, 0xFF, 0xFF, 0xFF, 0xFF, 0xFF, 0xFF, 0xFF, 0xFF, 0xFF, 0xFF, 0xFF,
	0xFF, 0xFF, 0xFF, 0xFF, 0xFF, 0xFF, 0xFF, 0xFF, 0xFF, 0xFF, 0xFF, 0xFF,
	0xFF, 0xFF, 0xFF, 0xFF, 0xFF, 0xFF, 0xFF, 0xFF, 0xFF, 0xFF, 0xFF, 0xFF,
	0xFF, 0xFF, 0xFF, 0xFF, 0xFF, 0xFF, 0xFF, 0xFF, 0xFF, 0xFF, 0xFF, 0xFF,
	0xFF, 0xFF, 0xFF, 0xFF, 0xFF, 0xFF, 0xFF, 0xFF, 0xFF, 0xFF, 0xFF, 0xFF,
	0xFF, 0xFF, 0xFF, 0xFF, 0xFF, 0xFF, 0xFF, 0xFF, 0xFF, 0xFF, 0xFF, 0xFF,
	0xFF, 0xFF, 0xFF, 0xFF, 0xFF, 0xFF, 0xFF, 0xFF, 0xFF, 0xFF, 0xFF, 0xFF,
	0xFF, 0xFF, 0xFF, 0xFF, 0xFF, 0xFF, 0xFF, 0xFF, 0xFF, 0xFF, 0xFF, 0xFF,
	0xFF, 0xFF, 0xFF, 0xFF, 0xFF, 0xFF, 0xFF, 0xFF, 0xFF, 0xFF, 0xFF, 0xFF,
	0xFF, 0xFF, 0xFF, 0xFF, 0xFF, 0xFF, 0xFF, 0xFF, 0xFF, 0xFF, 0xFF, 0xFF,
	0xFF, 0xFF, 0xFF, 0xFF, 0xFF, 0xFF, 0xFF, 0xFF, 0xFF, 0xFF, 0xFF, 0xFF,
	0xFF, 0xFF, 0xFF, 0xFF, 0xFF, 0xFF, 0xFF, 0xFF, 0xFF, 0xFF, 0xFF, 0xFF,
	0xFF, 0xFF, 0xFF, 0xFF, 0xFF, 0xFF, 0xFF, 0xFF, 0xFF, 0xFF, 0xFF, 0xFF,
	0xFF, 0xFF, 0xFF, 0xFF, 0xFF, 0xFF, 0xFF, 0xFF, 0xFF, 0xFF, 0xFF, 0xFF,
	0xFF, 0xFF, 0xFF, 0xFF, 0xFF, 0xFF, 0xFF, 0xFF, 0xFF, 0xFF, 0xFF, 0xFF,
	0xFF, 0xFF, 0xFF, 0xFF, 0xFF, 0xFF, 0xFF, 0xFF, 0xFF, 0xFF, 0xFF, 0xFF,
	0xFF, 0xFF, 0xFF, 0xFF, 0xFF, 0xFF, 0xFF, 0xFF, 0xFF, 0xFF, 0xFF, 0xFF,
	0xFF, 0xFF, 0xFF, 0xFF, 0xFF, 0xFF, 0xFF, 0xFF, 0xFF, 0xFF, 0xFF, 0xFF,
	0xFF, 0xFF, 0xFF, 0xFF, 0xFF, 0xFF, 0xFF, 0xFF, 0xFF, 0xFF, 0xFF, 0xFF,
	0xFF, 0xFF, 0xFF, 0xFF, 0xFF, 0xFF, 0xFF, 0xFF, 0xFF, 0xFF, 0xFF, 0xFF,
	0xFF, 0xFF, 0xFF, 0xFF, 0xFF, 0xFF, 0xFF, 0xFF, 0xFF, 0xFF, 0xFF, 0xFF,
	0xFF, 0xFF, 0xFF, 0xFF, 0xFF, 0xFF, 0xFF, 0xFF, 0xFF, 0xFF, 0xFF, 0xFF,
	0xFF, 0xFF, 0xFF, 0xFF, 0xFF, 0xFF, 0xFF, 0xFF, 0xFF, 0xFF, 0xFF, 0xFF,
	0xFF, 0xFF, 0xFF, 0xFF, 0xFF, 0xFF, 0xFF, 0xFF, 0xFF, 0xFF, 0xFF, 0xFF,
	0xFF, 0xFF, 0xFF, 0xFF, 0xFF, 0xFF, 0xFF, 0xFF, 0xFF, 0xFF, 0xFF, 0xFF,
	0xFF, 0xFF, 0xFF, 0xFF, 0xFF, 0xFF, 0xFF, 0xFF, 0xFF, 0xFF, 0xFF, 0xFF,
	0xFF, 0xFF, 0xFF, 0xFF, 0xFF, 0xFF, 0xFF, 0xFF, 0xFF, 0xFF, 0xFF, 0xFF,
	0xFF, 0xFF, 0xFF, 0xFF, 0xFF, 0xFF, 0xFF, 0xFF, 0xFF, 0xFF, 0xFF, 0xFF,
	0xFF, 0xFF, 0xFF, 0xFF, 0xFF, 0xFF, 0xFF, 0xFF, 0xFF, 0xFF, 0xFF, 0xFF,
	0xFF, 0xFF, 0xFF, 0xFF, 0xFF, 0xFF, 0xFF, 0xFF, 0xFF, 0xFF, 0xFF, 0xFF,
	0xFF, 0xFF, 0xFF, 0xFF, 0xFF, 0xFF, 0xFF, 0xFF, 0xFF, 0xFF, 0xFF, 0xFF,
	0xFF, 0xFF, 0xFF, 0xFF, 0xFF, 0xFF, 0xFF, 0xFF, 0xFF, 0xFF, 0xFF, 0xFF,
	0xFF, 0xFF, 0xFF, 0xFF, 0xFF, 0xFF, 0xFF, 0xFF, 0xFF, 0xFF, 0xFF, 0xFF,
	0xFF, 0xFF, 0xFF, 0xFF, 0xFF, 0xFF, 0xFF, 0xFF, 0xFF, 0xFF, 0xFF, 0xFF,
	0xFF, 0xFF, 0xFF, 0xFF, 0xFF, 0xFF, 0xFF, 0xFF, 0xFF, 0xFF, 0xFF, 0xFF,
	0xFF, 0xFF, 0xFF, 0xFF, 0xFF, 0xFF, 0xFF, 0xFF, 0xFF, 0xFF, 0xFF, 0xFF,
	0xFF, 0xFF, 0xFF, 0xFF, 0xFF, 0xFF, 0xFF, 0xFF, 0xFF, 0xFF, 0xFF, 0xFF,
	0xFF, 0xFF, 0xFF, 0xFF, 0xFF, 0xFF, 0xFF, 0xFF, 0xFF, 0xFF, 0xFF, 0xFF,
	0xFF, 0xFF, 0xFF, 0xFF, 0xFF, 0xFF, 0xFF, 0xFF, 0xFF, 0xFF, 0xFF, 0xFF,
	0xFF, 0xFF, 0xFF, 0xFF, 0xFF, 0xFF, 0xFF, 0xFF, 0xFF, 0xFF, 0xFF, 0xFF,
	0xFF, 0xFF, 0xFF, 0xFF, 0xFF, 0xFF, 0xFF, 0xFF, 0xFF, 0xFF, 0xFF, 0xFF,
	0xFF, 0xFF, 0xFF, 0xFF, 0xFF, 0xFF, 0xFF, 0xFF, 0xFF, 0xFF, 0xFF, 0xFF,
	0xFF, 0xFF, 0xFF, 0xFF, 0xFF, 0xFF, 0xFF, 0xFF, 0xFF, 0xFF, 0xFF, 0xFF,
	0xFF, 0xFF, 0xFF, 0xFF, 0xFF, 0xFF, 0xFF, 0xFF, 0xFF, 0xFF, 0xFF, 0xFF,
	0xFF, 0xFF, 0xFF, 0xFF, 0xFF, 0xFF, 0xFF, 0xFF, 0xFF, 0xFF, 0xFF, 0xFF,
	0xFF, 0xFF, 0xFF, 0xFF, 0xFF, 0xFF, 0xFF, 0xFF, 0xFF, 0xFF, 0xFF, 0xFF,
	0xFF, 0xFF, 0xFF, 0xFF, 0xFF, 0xFF, 0xFF, 0xFF, 0xFF, 0xFF, 0xFF, 0xFF,
	0xFF, 0xFF, 0xFF, 0xFF, 0xFF, 0xFF, 0xFF, 0xFF, 0xFF, 0xFF, 0xFF, 0xFF,
	0xFF, 0xFF, 0xFF, 0xFF, 0xFF, 0xFF, 0xFF, 0xFF, 0xFF, 0xFF, 0xFF, 0xFF,
	0xFF, 0xFF, 0xFF, 0xFF, 0xFF, 0xFF, 0xFF, 0xFF, 0xFF, 0xFF, 0xFF, 0xFF,
	0xFF, 0xFF, 0xFF, 0xFF, 0xFF, 0xFF, 0xFF, 0xFF, 0xFF, 0xFF, 0xFF, 0xFF,
	0xFF, 0xFF, 0xFF, 0xFF, 0xFF, 0xFF, 0xFF, 0xFF, 0xFF, 0xFF, 0xFF, 0xFF,
	0xFF, 0xFF, 0xFF, 0xFF, 0xFF, 0xFF, 0xFF, 0xFF, 0xFF, 0xFF, 0xFF, 0xFF,
	0xFF, 0xFF, 0xFF, 0xFF, 0xFF, 0xFF, 0xFF, 0xFF, 0xFF, 0xFF, 0xFF, 0xFF,
	0xFF, 0xFF, 0xFF, 0xFF, 0xFF, 0xFF, 0xFF, 0xFF, 0xFF, 0xFF, 0xFF, 0xFF,
	0xFF, 0xFF, 0xFF, 0xFF, 0xFF, 0xFF, 0xFF, 0xFF, 0xFF, 0xFF, 0xFF, 0xFF,
	0xFF, 0xFF, 0xFF, 0xFF, 0xFF, 0xFF, 0xFF, 0xFF, 0xFF, 0xFF, 0xFF, 0xFF,
	0xFF, 0xFF, 0xFF, 0xFF, 0xFF, 0xFF, 0xFF, 0xFF, 0xFF, 0xFF, 0xFF, 0xFF,
	0xFF, 0xFF, 0xFF, 0xFF, 0xFF, 0xFF, 0xFF, 0xFF, 0xFF, 0xFF, 0xFF, 0xFF,
	0xFF, 0xFF, 0xFF, 0xFF, 0xFF, 0xFF, 0xFF, 0xFF, 0xFF, 0xFF, 0xFF, 0xFF,
	0xFF, 0xFF, 0xFF, 0xFF, 0xFF, 0xFF, 0xFF, 0xFF, 0xFF, 0xFF, 0xFF, 0xFF,
	0xFF, 0xFF, 0xFF, 0xFF, 0xFF, 0xFF, 0xFF, 0xFF, 0xFF, 0xFF, 0xFF, 0xFF,
	0xFF, 0xFF, 0xFF, 0xFF, 0xFF, 0xFF, 0xFF, 0xFF, 0xFF, 0xFF, 0xFF, 0xFF,
	0xFF, 0xFF, 0xFF, 0xFF, 0xFF, 0xFF, 0xFF, 0xFF, 0xFF, 0xFF, 0xFF, 0xFF,
	0xFF, 0xFF, 0xFF, 0xFF, 0xFF, 0xFF, 0xFF, 0xFF, 0xFF, 0xFF, 0xFF, 0xFF,
	0xFF, 0xFF, 0xFF, 0xFF, 0xFF, 0xFF, 0xFF, 0xFF, 0xFF, 0xFF, 0xFF, 0xFF,
	0xFF, 0xFF, 0xFF, 0xFF, 0xFF, 0xFF, 0xFF, 0xFF, 0xFF, 0xFF, 0xFF, 0xFF,
	0xFF, 0xFF, 0xFF, 0xFF, 0xFF, 0xFF, 0xFF, 0xFF, 0xFF, 0xFF, 0xFF, 0xFF,
	0xFF, 0xFF, 0xFF, 0xFF, 0xFF, 0xFF, 0xFF, 0xFF, 0xFF, 0xFF, 0xFF, 0xFF,
	0xFF, 0xFF, 0xFF, 0xFF, 0xFF, 0xFF, 0xFF, 0xFF, 0xFF, 0xFF, 0xFF, 0xFF,
	0xFF, 0xFF, 0xFF, 0xFF, 0xFF, 0xFF, 0xFF, 0xFF, 0xFF, 0xFF, 0xFF, 0xFF,
	0xFF, 0xFF, 0xFF, 0xFF, 0xFF, 0xFF, 0xFF, 0xFF, 0xFF, 0xFF, 0xFF, 0xFF,
	0xFF, 0xFF, 0xFF, 0xFF, 0xFF, 0xFF, 0xFF, 0xFF, 0xFF, 0xFF, 0xFF, 0xFF,
	0xFF, 0xFF, 0xFF, 0xFF, 0xFF, 0xFF, 0xFF, 0xFF, 0xFF, 0xFF, 0xFF, 0xFF,
	0xFF, 0xFF, 0xFF, 0xFF, 0xFF, 0xFF, 0xFF, 0xFF, 0xFF, 0xFF, 0xFF, 0xFF,
	0xFF, 0xFF, 0xFF, 0xFF, 0xFF, 0xFF, 0xFF, 0xFF, 0xFF, 0xFF, 0xFF, 0xFF,
	0xFF, 0xFF, 0xFF, 0xFF, 0xFF, 0xFF, 0xFF, 0xFF, 0xFF, 0xFF, 0xFF, 0xFF,
	0xFF, 0xFF, 0xFF, 0xFF, 0xFF, 0xFF, 0xFF, 0xFF, 0xFF, 0xFF, 0xFF, 0xFF,
	0xFF, 0xFF, 0xFF, 0xFF, 0xFF, 0xFF, 0xFF, 0xFF, 0xFF, 0xFF, 0xFF, 0xFF,
	0xFF, 0xFF, 0xFF, 0xFF, 0xFF, 0xFF, 0xFF, 0xFF, 0xFF, 0xFF, 0xFF, 0xFF,
	0xFF, 0xFF, 0xFF, 0xFF, 0xFF, 0xFF, 0xFF, 0xFF, 0xFF, 0xFF, 0xFF, 0xFF,
	0xFF, 0xFF, 0xFF, 0xFF, 0xFF, 0xFF, 0xFF, 0xFF, 0xFF, 0xFF, 0xFF, 0xFF,
	0xFF, 0xFF, 0xFF, 0xFF, 0xFF, 0xFF, 0xFF, 0xFF, 0xFF, 0xFF, 0xFF, 0xFF,
	0xFF, 0xFF, 0xFF, 0xFF, 0xFF, 0xFF, 0xFF, 0xFF, 0xFF, 0xFF, 0xFF, 0xFF,
	0xFF, 0xFF, 0xFF, 0xFF, 0xFF, 0xFF, 0xFF, 0xFF, 0xFF, 0xFF, 0xFF, 0xFF,
	0xFF, 0xFF, 0xFF, 0xFF, 0xFF, 0xFF, 0xFF, 0xFF, 0xFF, 0xFF, 0xFF, 0xFF,
	0xFF, 0xFF, 0xFF, 0xFF, 0xFF, 0xFF, 0xFF, 0xFF, 0xFF, 0xFF, 0xFF, 0xFF,
	0xFF, 0xFF, 0xFF, 0xFF, 0xFF, 0xFF, 0xFF, 0xFF, 0xFF, 0xFF, 0xFF, 0xFF,
	0xFF, 0xFF, 0xFF, 0xFF, 0xFF, 0xFF, 0xFF, 0xFF, 0xFF, 0xFF, 0xFF, 0xFF,
	0xFF, 0xFF, 0xFF, 0xFF, 0xFF, 0xFF, 0xFF, 0xFF, 0xFF, 0xFF, 0xFF, 0xFF,
	0xFF, 0xFF, 0xFF, 0xFF, 0xFF, 0xFF, 0xFF, 0xFF, 0xFF, 0xFF, 0xFF, 0xFF,
	0xFF, 0xFF, 0xFF, 0xFF, 0xFF, 0xFF, 0xFF, 0xFF, 0xFF, 0xFF, 0xFF, 0xFF,
	0xFF, 0xFF, 0xFF, 0xFF, 0xFF, 0xFF, 0xFF, 0xFF, 0xFF, 0xFF, 0xFF, 0xFF,
	0xFF, 0xFF, 0xFF, 0xFF, 0xFF, 0xFF, 0xFF, 0xFF, 0xFF, 0xFF, 0xFF, 0xFF,
	0xFF, 0xFF, 0xFF, 0xFF, 0xFF, 0xFF, 0xFF, 0xFF, 0xFF, 0xFF, 0xFF, 0xFF,
	0xFF, 0xFF, 0xFF, 0xFF, 0xFF, 0xFF, 0xFF, 0xFF, 0xFF, 0xFF, 0xFF, 0xFF,
	0xFF, 0xFF, 0xFF, 0xFF, 0xFF, 0xFF, 0xFF, 0xFF, 0xFF, 0xFF, 0xFF, 0xFF,
	0xFF, 0xFF, 0xFF, 0xFF, 0xFF, 0xFF, 0xFF, 0xFF, 0xFF, 0xFF, 0xFF, 0xFF,
	0xFF, 0xFF, 0xFF, 0xFF, 0xFF, 0xFF, 0xFF, 0xFF, 0xFF, 0xFF, 0xFF, 0xFF,
	0xFF, 0xFF, 0xFF, 0xFF, 0xFF, 0xFF, 0xFF, 0xFF, 0xFF, 0xFF, 0xFF, 0xFF,
	0xFF, 0xFF, 0xFF, 0xFF, 0xFF, 0xFF, 0xFF, 0xFF, 0xFF, 0xFF, 0xFF, 0xFF,
	0xFF, 0xFF, 0xFF, 0xFF, 0xFF, 0xFF, 0xFF, 0xFF, 0xFF, 0xFF, 0xFF, 0xFF,
	0xFF, 0xFF, 0xFF, 0xFF, 0xFF, 0xFF, 0xFF, 0xFF, 0xFF, 0xFF, 0xFF, 0xFF,
	0xFF, 0xFF, 0xFF, 0xFF, 0xFF, 0xFF, 0xFF, 0xFF, 0xFF, 0xFF, 0xFF, 0xFF,
	0xFF, 0xFF, 0xFF, 0xFF, 0xFF, 0xFF, 0xFF, 0xFF, 0xFF, 0xFF, 0xFF, 0xFF,
	0xFF, 0xFF, 0xFF, 0xFF, 0xFF, 0xFF, 0xFF, 0xFF, 0xFF, 0xFF, 0xFF, 0xFF,
	0xFF, 0xFF, 0xFF, 0xFF, 0xFF, 0xFF, 0xFF, 0xFF, 0xFF, 0xFF, 0xFF, 0xFF,
	0xFF, 0xFF, 0xFF, 0xFF, 0xFF, 0xFF, 0xFF, 0xFF, 0xFF, 0xFF, 0xFF, 0xFF,
	0xFF, 0xFF, 0xFF, 0xFF, 0xFF, 0xFF, 0xFF, 0xFF, 0xFF, 0xFF, 0xFF, 0xFF,
	0xFF, 0xFF, 0xFF, 0xFF, 0xFF, 0xFF, 0xFF, 0xFF, 0xFF, 0xFF, 0xFF, 0xFF,
	0xFF, 0xFF, 0xFF, 0xFF, 0xFF, 0xFF, 0xFF, 0xFF, 0xFF, 0xFF, 0xFF, 0xFF,
	0xFF, 0xFF, 0xFF, 0xFF, 0xFF, 0xFF, 0xFF, 0xFF, 0xFF, 0xFF, 0xFF, 0xFF,
	0xFF, 0xFF, 0xFF, 0xFF, 0xFF, 0xFF, 0xFF, 0xFF, 0xFF, 0xFF, 0xFF, 0xFF,
	0xFF, 0xFF, 0xFF, 0xFF, 0xFF, 0xFF, 0xFF, 0xFF, 0xFF, 0xFF, 0xFF, 0xFF,
	0xFF, 0xFF, 0xFF, 0xFF, 0xFF, 0xFF, 0xFF, 0xFF, 0xFF, 0xFF, 0xFF, 0xFF,
	0xFF, 0xFF, 0xFF, 0xFF, 0xFF, 0xFF, 0xFF, 0xFF, 0xFF, 0xFF, 0xFF, 0xFF,
	0xFF, 0xFF, 0xFF, 0xFF, 0xFF, 0xFF, 0xFF, 0xFF, 0xFF, 0xFF, 0xFF, 0xFF,
	0xFF, 0xFF, 0xFF, 0xFF, 0xFF, 0xFF, 0xFF, 0xFF, 0xFF, 0xFF, 0xFF, 0xFF,
	0xFF, 0xFF, 0xFF, 0xFF, 0xFF, 0xFF, 0xFF, 0xFF, 0xFF, 0xFF, 0xFF, 0xFF,
	0xFF, 0xFF, 0xFF, 0xFF, 0xFF, 0xFF, 0xFF, 0xFF, 0xFF, 0xFF, 0xFF, 0xFF,
	0xFF, 0xFF, 0xFF, 0xFF, 0xFF, 0xFF, 0xFF, 0xFF, 0xFF, 0xFF, 0xFF, 0xFF,
	0xFF, 0xFF, 0xFF, 0xFF, 0xFF, 0xFF, 0xFF, 0xFF, 0xFF, 0xFF, 0xFF, 0xFF,
	0xFF, 0xFF, 0xFF, 0xFF, 0xFF, 0xFF, 0xFF, 0xFF, 0xFF, 0xFF, 0xFF, 0xFF,
	0xFF, 0xFF, 0xFF, 0xFF, 0xFF, 0xFF, 0xFF, 0xFF, 0xFF, 0xFF, 0xFF, 0xFF,
	0xFF, 0xFF, 0xFF, 0xFF, 0xFF, 0xFF, 0xFF, 0xFF, 0xFF, 0xFF, 0xFF, 0xFF,
	0xFF, 0xFF, 0xFF, 0xFF, 0xFF, 0xFF, 0xFF, 0xFF, 0xFF, 0xFF, 0xFF, 0xFF,
	0xFF, 0xFF, 0xFF, 0xFF, 0xFF, 0xFF, 0xFF, 0xFF, 0xFF, 0xFF, 0xFF, 0xFF,
	0xFF, 0xFF, 0xFF, 0xFF, 0xFF, 0xFF, 0xFF, 0xFF, 0xFF, 0xFF, 0xFF, 0xFF,
	0xFF, 0xFF, 0xFF, 0xFF, 0xFF, 0xFF, 0xFF, 0xFF, 0xFF, 0xFF, 0xFF, 0xFF,
	0xFF, 0xFF, 0xFF, 0xFF, 0xFF, 0xFF, 0xFF, 0xFF, 0xFF, 0xFF, 0xFF, 0xFF,
	0xFF, 0xFF, 0xFF, 0xFF, 0xFF, 0xFF, 0xFF, 0xFF, 0xFF, 0xFF, 0xFF, 0xFF,
	0xFF, 0xFF, 0xFF, 0xFF, 0xFF, 0xFF, 0xFF, 0xFF, 0xFF, 0xFF, 0xFF, 0xFF,
	0xFF, 0xFF, 0xFF, 0xFF, 0xFF, 0xFF, 0xFF, 0xFF, 0xFF, 0xFF, 0xFF, 0xFF,
	0xFF, 0xFF, 0xFF, 0xFF, 0xFF, 0xFF, 0xFF, 0xFF, 0xFF, 0xFF, 0xFF, 0xFF,
	0xFF, 0xFF, 0xFF, 0xFF, 0xFF, 0xFF, 0xFF, 0xFF, 0xFF, 0xFF, 0xFF, 0xFF,
	0xFF, 0xFF, 0xFF, 0xFF, 0xFF, 0xFF, 0xFF, 0xFF, 0xFF, 0xFF, 0xFF, 0xFF,
	0xFF, 0xFF, 0xFF, 0xFF, 0xFF, 0xFF, 0xFF, 0xFF, 0xFF, 0xFF, 0xFF, 0xFF,
	0xFF, 0xFF, 0xFF, 0xFF, 0xFF, 0xFF, 0xFF, 0xFF, 0xFF, 0xFF, 0xFF, 0xFF,
	0xFF, 0xFF, 0xFF, 0xFF, 0xFF, 0xFF, 0xFF, 0xFF, 0xFF, 0xFF, 0xFF, 0xFF,
	0xFF, 0xFF, 0xFF, 0xFF, 0xFF, 0xFF, 0xFF, 0xFF, 0xFF, 0xFF, 0xFF, 0xFF,
	0xFF, 0xFF, 0xFF, 0xFF, 0xFF, 0xFF, 0xFF, 0xFF, 0xFF, 0xFF, 0xFF, 0xFF,
	0xFF, 0xFF, 0xFF, 0xFF, 0xFF, 0xFF, 0xFF, 0xFF, 0xFF, 0xFF, 0xFF, 0xFF,
	0xFF, 0xFF, 0xFF, 0xFF, 0xFF, 0xFF, 0xFF, 0xFF, 0xFF, 0xFF, 0xFF, 0xFF,
	0xFF, 0xFF, 0xFF, 0xFF, 0xFF, 0xFF, 0xFF, 0xFF, 0xFF, 0xFF, 0xFF, 0xFF,
	0xFF, 0xFF, 0xFF, 0xFF, 0xFF, 0xFF, 0xFF, 0xFF, 0xFF, 0xFF, 0xFF, 0xFF,
	0xFF, 0xFF, 0xFF, 0xFF, 0xFF, 0xFF, 0xFF, 0xFF, 0xFF, 0xFF, 0xFF, 0xFF,
	0xFF, 0xFF, 0xFF, 0xFF, 0xFF, 0xFF, 0xFF, 0xFF, 0xFF, 0xFF, 0xFF, 0xFF,
	0xFF, 0xFF, 0xFF, 0xFF, 0xFF, 0xFF, 0xFF, 0xFF, 0xFF, 0xFF, 0xFF, 0xFF,
	0xFF, 0xFF, 0xFF, 0xFF, 0xFF, 0xFF, 0xFF, 0xFF, 0xFF, 0xFF, 0xFF, 0xFF,
	0xFF, 0xFF, 0xFF, 0xFF, 0xFF, 0xFF, 0xFF, 0xFF, 0xFF, 0xFF, 0xFF, 0xFF,
	0xFF, 0xFF, 0xFF, 0xFF, 0xFF, 0xFF, 0xFF, 0xFF, 0xFF, 0xFF, 0xFF, 0xFF,
	0xFF, 0xFF, 0xFF, 0xFF, 0xFF, 0xFF, 0xFF, 0xFF, 0xFF, 0xFF, 0xFF, 0xFF,
	0xFF, 0xFF, 0xFF, 0xFF, 0xFF, 0xFF, 0xFF, 0xFF, 0xFF, 0xFF, 0xFF, 0xFF,
	0xFF, 0xFF, 0xFF, 0xFF, 0xFF, 0xFF, 0xFF, 0xFF, 0xFF, 0xFF, 0xFF, 0xFF,
	0xFF, 0xFF, 0xFF, 0xFF, 0xFF, 0xFF, 0xFF, 0xFF, 0xFF, 0xFF, 0xFF, 0xFF,
	0xFF, 0xFF, 0xFF, 0xFF, 0xFF, 0xFF, 0xFF, 0xFF, 0xFF, 0xFF, 0xFF, 0xFF,
	0xFF, 0xFF, 0xFF, 0xFF, 0xFF, 0xFF, 0xFF, 0xFF, 0xFF, 0xFF, 0xFF, 0xFF,
	0xFF, 0xFF, 0xFF, 0xFF, 0xFF, 0xFF, 0xFF, 0xFF, 0xFF, 0xFF, 0xFF, 0xFF,
	0xFF, 0xFF, 0xFF, 0xFF, 0xFF, 0xFF, 0xFF, 0xFF, 0xFF, 0xFF, 0xFF, 0xFF,
	0xFF, 0xFF, 0xFF, 0xFF, 0xFF, 0xFF, 0xFF, 0xFF, 0xFF, 0xFF, 0xFF, 0xFF,
	0xFF, 0xFF, 0xFF, 0xFF, 0xFF, 0xFF, 0xFF, 0xFF, 0xFF, 0xFF, 0xFF, 0xFF,
	0xFF, 0xFF, 0xFF, 0xFF, 0xFF, 0xFF, 0xFF, 0xFF, 0xFF, 0xFF, 0xFF, 0xFF,
	0xFF, 0xFF, 0xFF, 0xFF, 0xFF, 0xFF, 0xFF, 0xFF, 0xFF, 0xFF, 0xFF, 0xFF,
	0xFF, 0xFF, 0xFF, 0xFF, 0xFF, 0xFF, 0xFF, 0xFF, 0xFF, 0xFF, 0xFF, 0xFF,
	0xFF, 0xFF, 0xFF, 0xFF, 0xFF, 0xFF, 0xFF, 0xFF, 0xFF, 0xFF, 0xFF, 0xFF,
	0xFF, 0xFF, 0xFF, 0xFF, 0xFF, 0xFF, 0xFF, 0xFF, 0xFF, 0xFF, 0xFF, 0xFF,
	0xFF, 0xFF, 0xFF, 0xFF, 0xFF, 0xFF, 0xFF, 0xFF, 0xFF, 0xFF, 0xFF, 0xFF,
	0xFF, 0xFF, 0xFF, 0xFF, 0xFF, 0xFF, 0xFF, 0xFF, 0xFF, 0xFF, 0xFF, 0xFF,
	0xFF, 0xFF, 0xFF, 0xFF, 0xFF, 0xFF, 0xFF, 0xFF, 0xFF, 0xFF, 0xFF, 0xFF,
	0xFF, 0xFF, 0xFF, 0xFF, 0xFF, 0xFF, 0xFF, 0xFF, 0xFF, 0xFF, 0xFF, 0xFF,
	0xFF, 0xFF, 0xFF, 0xFF, 0xFF, 0xFF, 0xFF, 0xFF, 0xFF, 0xFF, 0xFF, 0xFF,
	0xFF, 0xFF, 0xFF, 0xFF, 0xFF, 0xFF, 0xFF, 0xFF, 0xFF, 0xFF, 0xFF, 0xFF,
	0xFF, 0xFF, 0xFF, 0xFF, 0xFF, 0xFF, 0xFF, 0xFF, 0xFF, 0xFF, 0xFF, 0xFF,
	0xFF, 0xFF, 0xFF, 0xFF, 0xFF, 0xFF, 0xFF, 0xFF, 0xFF, 0xFF, 0xFF, 0xFF,
	0xFF, 0xFF, 0xFF, 0xFF, 0xFF, 0xFF, 0xFF, 0xFF, 0xFF, 0xFF, 0xFF, 0xFF,
	0xFF, 0xFF, 0xFF, 0xFF, 0xFF, 0xFF, 0xFF, 0xFF, 0xFF, 0xFF, 0xFF, 0xFF,
	0xFF, 0xFF, 0xFF, 0xFF, 0xFF, 0xFF, 0xFF, 0xFF, 0xFF, 0xFF, 0xFF, 0xFF,
	0xFF, 0xFF, 0xFF, 0xFF, 0xFF, 0xFF, 0xFF, 0xFF, 0xFF, 0xFF, 0xFF, 0xFF,
	0xFF, 0xFF, 0xFF, 0xFF, 0xFF, 0xFF, 0xFF, 0xFF, 0xFF, 0xFF, 0xFF, 0xFF,
	0xFF, 0xFF, 0xFF, 0xFF, 0xFF, 0xFF, 0xFF, 0xFF, 0xFF, 0xFF, 0xFF, 0xFF,
	0xFF, 0xFF, 0xFF, 0xFF, 0xFF, 0xFF, 0xFF, 0xFF, 0xFF, 0xFF, 0xFF, 0xFF,
	0xFF, 0xFF, 0xFF, 0xFF, 0xFF, 0xFF, 0xFF, 0xFF, 0xFF, 0xFF, 0xFF, 0xFF,
	0xFF, 0xFF, 0xFF, 0xFF, 0xFF, 0xFF, 0xFF, 0xFF, 0xFF, 0xFF, 0xFF, 0xFF,
	0xFF, 0xFF, 0xFF, 0xFF, 0xFF, 0xFF, 0xFF, 0xFF, 0xFF, 0xFF, 0xFF, 0xFF,
	0xFF, 0xFF, 0xFF, 0xFF, 0xFF, 0xFF, 0xFF, 0xFF, 0xFF, 0xFF, 0xFF, 0xFF,
	0xFF, 0xFF, 0xFF, 0xFF, 0xFF, 0xFF, 0xFF, 0xFF, 0xFF, 0xFF, 0xFF, 0xFF,
	0xFF, 0xFF, 0xFF, 0xFF, 0xFF, 0xFF, 0xFF, 0xFF, 0xFF, 0xFF, 0xFF, 0xFF,
	0xFF, 0xFF, 0xFF, 0xFF, 0xFF, 0xFF, 0xFF, 0xFF, 0xFF, 0xFF, 0xFF, 0xFF,
	0xFF, 0xFF, 0xFF, 0xFF, 0xFF, 0xFF, 0xFF, 0xFF, 0xFF, 0xFF, 0xFF, 0xFF,
	0xFF, 0xFF, 0xFF, 0xFF, 0xFF, 0xFF, 0xFF, 0xFF, 0xFF, 0xFF, 0xFF, 0xFF,
	0xFF, 0xFF, 0xFF, 0xFF, 0xFF, 0xFF, 0xFF, 0xFF, 0xFF, 0xFF, 0xFF, 0xFF,
	0xFF, 0xFF, 0xFF, 0xFF, 0xFF, 0xFF, 0xFF, 0xFF, 0xFF, 0xFF, 0xFF, 0xFF,
	0xFF, 0xFF, 0xFF, 0xFF, 0xFF, 0xFF, 0xFF, 0xFF, 0xFF, 0xFF, 0xFF, 0xFF,
	0xFF, 0xFF, 0xFF, 0xFF, 0xFF, 0xFF, 0xFF, 0xFF, 0xFF, 0xFF, 0xFF, 0xFF,
	0xFF, 0xFF, 0xFF, 0xFF, 0xFF, 0xFF, 0xFF, 0xFF, 0xFF, 0xFF, 0xFF, 0xFF,
	0xFF, 0xFF, 0xFF, 0xFF, 0xFF, 0xFF, 0xFF, 0xFF, 0xFF, 0xFF, 0xFF, 0xFF,
	0xFF, 0xFF, 0xFF, 0xFF, 0xFF, 0xFF, 0xFF, 0xFF, 0xFF, 0xFF, 0xFF, 0xFF,
	0xFF, 0xFF, 0xFF, 0xFF, 0xFF, 0xFF, 0xFF, 0xFF, 0xFF, 0xFF, 0xFF, 0xFF,
	0xFF, 0xFF, 0xFF, 0xFF, 0xFF, 0xFF, 0xFF, 0xFF, 0xFF, 0xFF, 0xFF, 0xFF,
	0xFF, 0xFF, 0xFF, 0xFF, 0xFF, 0xFF, 0xFF, 0xFF, 0xFF, 0xFF, 0xFF, 0xFF,
	0xFF, 0xFF, 0xFF, 0xFF, 0xFF, 0xFF, 0xFF, 0xFF, 0xFF, 0xFF, 0xFF, 0xFF,
	0xFF, 0xFF, 0xFF, 0xFF, 0xFF, 0xFF, 0xFF, 0xFF, 0xFF, 0xFF, 0xFF, 0xFF,
	0xFF, 0xFF, 0xFF, 0xFF, 0xFF, 0xFF, 0xFF, 0xFF, 0xFF, 0xFF, 0xFF, 0xFF,
	0xFF, 0xFF, 0xFF, 0xFF, 0xFF, 0xFF, 0xFF, 0xFF, 0xFF, 0xFF, 0xFF, 0xFF,
	0xFF, 0xFF, 0xFF, 0xFF, 0xFF, 0xFF, 0xFF, 0xFF, 0xFF, 0xFF, 0xFF, 0xFF,
	0xFF, 0xFF, 0xFF, 0xFF, 0xFF, 0xFF, 0xFF, 0xFF, 0xFF, 0xFF, 0xFF, 0xFF,
	0xFF, 0xFF, 0xFF, 0xFF, 0xFF, 0xFF, 0xFF, 0xFF, 0xFF, 0xFF, 0xFF, 0xFF,
	0xFF, 0xFF, 0xFF, 0xFF, 0xFF, 0xFF, 0xFF, 0xFF, 0xFF, 0xFF, 0xFF, 0xFF,
	0xFF, 0xFF, 0xFF, 0xFF, 0xFF, 0xFF, 0xFF, 0xFF, 0xFF, 0xFF, 0xFF, 0xFF,
	0xFF, 0xFF, 0xFF, 0xFF, 0xFF, 0xFF, 0xFF, 0xFF, 0xFF, 0xFF, 0xFF, 0xFF,
	0xFF, 0xFF, 0xFF, 0xFF, 0xFF, 0xFF, 0xFF, 0xFF, 0xFF, 0xFF, 0xFF, 0xFF,
	0xFF, 0xFF, 0xFF, 0xFF, 0xFF, 0xFF, 0xFF, 0xFF, 0xFF, 0xFF, 0xFF, 0xFF,
	0xFF, 0xFF, 0xFF, 0xFF, 0xFF, 0xFF, 0xFF, 0xFF, 0xFF, 0xFF, 0xFF, 0xFF,
	0xFF, 0xFF, 0xFF, 0xFF, 0xFF, 0xFF, 0xFF, 0xFF, 0xFF, 0xFF, 0xFF, 0xFF,
	0xFF, 0xFF, 0xFF, 0xFF, 0xFF, 0xFF, 0xFF, 0xFF, 0xFF, 0xFF, 0xFF, 0xFF,
	0xFF, 0xFF, 0xFF, 0xFF, 0xFF, 0xFF, 0xFF, 0xFF, 0xFF, 0xFF, 0xFF, 0xFF,
	0xFF, 0xFF, 0xFF, 0xFF, 0xFF, 0xFF, 0xFF, 0xFF, 0xFF, 0xFF, 0xFF, 0xFF,
	0xFF, 0xFF, 0xFF, 0xFF, 0xFF, 0xFF, 0xFF, 0xFF, 0xFF, 0xFF, 0xFF, 0xFF,
	0xFF, 0xFF, 0xFF, 0xFF, 0xFF, 0xFF, 0xFF, 0xFF, 0xFF, 0xFF, 0xFF, 0xFF,
	0xFF, 0xFF, 0xFF, 0xFF, 0xFF, 0xFF, 0xFF, 0xFF, 0xFF, 0xFF, 0xFF, 0xFF,
	0xFF, 0xFF, 0xFF, 0xFF, 0xFF, 0xFF, 0xFF, 0xFF, 0xFF, 0xFF, 0xFF, 0xFF,
	0xFF, 0xFF, 0xFF, 0xFF, 0xFF, 0xFF, 0xFF, 0xFF, 0xFF, 0xFF, 0xFF, 0xFF,
	0xFF, 0xFF, 0xFF, 0xFF, 0xFF, 0xFF, 0xFF, 0xFF, 0xFF, 0xFF, 0xFF, 0xFF,
	0xFF, 0xFF, 0xFF, 0xFF, 0xFF, 0xFF, 0xFF, 0xFF, 0xFF, 0xFF, 0xFF, 0xFF,
	0xFF, 0xFF, 0xFF, 0xFF, 0xFF, 0xFF, 0xFF, 0xFF, 0xFF, 0xFF, 0xFF, 0xFF,
	0xFF, 0xFF, 0xFF, 0xFF, 0xFF, 0xFF, 0xFF, 0xFF, 0xFF, 0xFF, 0xFF, 0xFF,
	0xFF, 0xFF, 0xFF, 0xFF, 0xFF, 0xFF, 0xFF, 0xFF, 0xFF, 0xFF, 0xFF, 0xFF,
	0xFF, 0xFF, 0xFF, 0xFF, 0xFF, 0xFF, 0xFF, 0xFF, 0xFF, 0xFF, 0xFF, 0xFF,
	0xFF, 0xFF, 0xFF, 0xFF, 0xFF, 0xFF, 0xFF, 0xFF, 0xFF, 0xFF, 0xFF, 0xFF,
	0xFF, 0xFF, 0xFF, 0xFF, 0xFF, 0xFF, 0xFF, 0xFF, 0xFF, 0xFF, 0xFF, 0xFF,
	0xFF, 0xFF, 0xFF, 0xFF, 0xFF, 0xFF, 0xFF, 0xFF, 0xFF, 0xFF, 0xFF, 0xFF,
	0xFF, 0xFF, 0xFF, 0xFF, 0xFF, 0xFF, 0xFF, 0xFF, 0xFF, 0xFF, 0xFF, 0xFF,
	0xFF, 0xFF, 0xFF, 0xFF, 0xFF, 0xFF, 0xFF, 0xFF, 0xFF, 0xFF, 0xFF, 0xFF,
	0xFF, 0xFF, 0xFF, 0xFF, 0xFF, 0xFF, 0xFF, 0xFF, 0xFF, 0xFF, 0xFF, 0xFF,
	0xFF, 0xFF, 0xFF, 0xFF, 0xFF, 0xFF, 0xFF, 0xFF, 0xFF, 0xFF, 0xFF, 0xFF,
	0xFF, 0xFF, 0xFF, 0xFF, 0xFF, 0xFF, 0xFF, 0xFF, 0xFF, 0xFF, 0xFF, 0xFF,
	0xFF, 0xFF, 0xFF, 0xFF, 0xFF, 0xFF, 0xFF, 0xFF, 0xFF, 0xFF, 0xFF, 0xFF,
	0xFF, 0xFF, 0xFF, 0xFF, 0xFF, 0xFF, 0xFF, 0xFF, 0xFF, 0xFF, 0xFF, 0xFF,
	0xFF, 0xFF, 0xFF, 0xFF, 0xFF, 0xFF, 0xFF, 0xFF, 0xFF, 0xFF, 0xFF, 0xFF,
	0xFF, 0xFF, 0xFF, 0xFF, 0xFF, 0xFF, 0xFF, 0xFF, 0xFF, 0xFF, 0xFF, 0xFF,
	0xFF, 0xFF, 0xFF, 0xFF, 0xFF, 0xFF, 0xFF, 0xFF, 0xFF, 0xFF, 0xFF, 0xFF,
	0xFF, 0xFF, 0xFF, 0xFF, 0xFF, 0xFF, 0xFF, 0xFF, 0xFF, 0xFF, 0xFF, 0xFF,
	0xFF, 0xFF, 0xFF, 0xFF, 0xFF, 0xFF, 0xFF, 0xFF, 0xFF, 0xFF, 0xFF, 0xFF,
	0xFF, 0xFF, 0xFF, 0xFF, 0xFF, 0xFF, 0xFF, 0xFF, 0xFF, 0xFF, 0xFF, 0xFF,
	0xFF, 0xFF, 0xFF, 0xFF, 0xFF, 0xFF, 0xFF, 0xFF, 0xFF, 0xFF, 0xFF, 0xFF,
	0xFF, 0xFF, 0xFF, 0xFF, 0xFF, 0xFF, 0xFF, 0xFF, 0xFF, 0xFF, 0xFF, 0xFF,
	0xFF, 0xFF, 0xFF, 0xFF, 0xFF, 0xFF, 0xFF, 0xFF, 0xFF, 0xFF, 0xFF, 0xFF,
	0xFF, 0xFF, 0xFF, 0xFF, 0xFF, 0xFF, 0xFF, 0xFF, 0xFF, 0xFF, 0xFF, 0xFF,
	0xFF, 0xFF, 0xFF, 0xFF, 0xFF, 0xFF, 0xFF, 0xFF, 0xFF, 0xFF, 0xFF, 0xFF,
	0xFF, 0xFF, 0xFF, 0xFF, 0xFF, 0xFF, 0xFF, 0xFF, 0xFF, 0xFF, 0xFF, 0xFF,
	0xFF, 0xFF, 0xFF, 0xFF, 0xFF, 0xFF, 0xFF, 0xFF, 0xFF, 0xFF, 0xFF, 0xFF,
	0xFF, 0xFF, 0xFF, 0xFF, 0xFF, 0xFF, 0xFF, 0xFF, 0xFF, 0xFF, 0xFF, 0xFF,
	0xFF, 0xFF, 0xFF, 0xFF, 0xFF, 0xFF, 0xFF, 0xFF, 0xFF, 0xFF, 0xFF, 0xFF,
	0xFF, 0xFF, 0xFF, 0xFF, 0xFF, 0xFF, 0xFF, 0xFF, 0xFF, 0xFF, 0xFF, 0xFF,
	0xFF, 0xFF, 0xFF, 0xFF, 0xFF, 0xFF, 0xFF, 0xFF, 0xFF, 0xFF, 0xFF, 0xFF,
	0xFF, 0xFF, 0xFF, 0xFF, 0xFF, 0xFF, 0xFF, 0xFF, 0xFF, 0xFF, 0xFF, 0xFF,
	0xFF, 0xFF, 0xFF, 0xFF, 0xFF, 0xFF, 0xFF, 0xFF, 0xFF, 0xFF, 0xFF, 0xFF,
	0xFF, 0xFF, 0xFF, 0xFF, 0xFF, 0xFF, 0xFF, 0xFF, 0xFF, 0xFF, 0xFF, 0xFF,
	0xFF, 0xFF, 0xFF, 0xFF, 0xFF, 0xFF, 0xFF, 0xFF, 0xFF, 0xFF, 0xFF, 0xFF,
	0xFF, 0xFF, 0xFF, 0xFF, 0xFF, 0xFF, 0xFF, 0xFF, 0xFF, 0xFF, 0xFF, 0xFF,
	0xFF, 0xFF, 0xFF, 0xFF, 0xFF, 0xFF, 0xFF, 0xFF, 0xFF, 0xFF, 0xFF, 0xFF,
	0xFF, 0xFF, 0xFF, 0xFF, 0xFF, 0xFF, 0xFF, 0xFF, 0xFF, 0xFF, 0xFF, 0xFF,
	0xFF, 0xFF, 0xFF, 0xFF, 0xFF, 0xFF, 0xFF, 0xFF, 0xFF, 0xFF, 0xFF, 0xFF,
	0xFF, 0xFF, 0xFF, 0xFF, 0xFF, 0xFF, 0xFF, 0xFF, 0xFF, 0xFF, 0xFF, 0xFF,
	0xFF, 0xFF, 0xFF, 0xFF, 0xFF, 0xFF, 0xFF, 0xFF, 0xFF, 0xFF, 0xFF, 0xFF,
	0xFF, 0xFF, 0xFF, 0xFF, 0xFF, 0xFF, 0xFF, 0xFF, 0xFF, 0xFF, 0xFF, 0xFF,
	0xFF, 0xFF, 0xFF, 0xFF, 0xFF, 0xFF, 0xFF, 0xFF, 0xFF, 0xFF, 0xFF, 0xFF,
	0xFF, 0xFF, 0xFF, 0xFF, 0xFF, 0xFF, 0xFF, 0xFF, 0xFF, 0xFF, 0xFF, 0xFF,
	0xFF, 0xFF, 0xFF, 0xFF, 0xFF, 0xFF, 0xFF, 0xFF, 0xFF, 0xFF, 0xFF, 0xFF,
	0xFF, 0xFF, 0xFF, 0xFF, 0xFF, 0xFF, 0xFF, 0xFF, 0xFF, 0xFF, 0xFF, 0xFF,
	0xFF, 0xFF, 0xFF, 0xFF, 0xFF, 0xFF, 0xFF, 0xFF, 0xFF, 0xFF, 0xFF, 0xFF,
	0xFF, 0xFF, 0xFF, 0xFF, 0xFF, 0xFF, 0xFF, 0xFF, 0xFF, 0xFF, 0xFF, 0xFF,
	0xFF, 0xFF, 0xFF, 0xFF, 0xFF, 0xFF, 0xFF, 0xFF, 0xFF, 0xFF, 0xFF, 0xFF,
	0xFF, 0xFF, 0xFF, 0xFF, 0xFF, 0xFF, 0xFF, 0xFF, 0xFF, 0xFF, 0xFF, 0xFF,
	0xFF, 0xFF, 0xFF, 0xFF, 0xFF, 0xFF, 0xFF, 0xFF, 0xFF, 0xFF, 0xFF, 0xFF,
	0xFF, 0xFF, 0xFF, 0xFF, 0xFF, 0xFF, 0xFF, 0xFF, 0xFF, 0xFF, 0xFF, 0xFF,
	0xFF, 0xFF, 0xFF, 0xFF, 0xFF, 0xFF, 0xFF, 0xFF, 0xFF, 0xFF, 0xFF, 0xFF,
	0xFF, 0xFF, 0xFF, 0xFF, 0xFF, 0xFF, 0xFF, 0xFF, 0xFF, 0xFF, 0xFF, 0xFF,
	0xFF, 0xFF, 0xFF, 0xFF, 0xFF, 0xFF, 0xFF, 0xFF, 0xFF, 0xFF, 0xFF, 0xFF,
	0xFF, 0xFF, 0xFF, 0xFF, 0xFF, 0xFF, 0xFF, 0xFF, 0xFF, 0xFF, 0xFF, 0xFF,
	0xFF, 0xFF, 0xFF, 0xFF, 0xFF, 0xFF, 0xFF, 0xFF, 0xFF, 0xFF, 0xFF, 0xFF,
	0xFF, 0xFF, 0xFF, 0xFF, 0xFF, 0xFF, 0xFF, 0xFF, 0xFF, 0xFF, 0xFF, 0xFF,
	0xFF, 0xFF, 0xFF, 0xFF, 0xFF, 0xFF, 0xFF, 0xFF, 0xFF, 0xFF, 0xFF, 0xFF,
	0xFF, 0xFF, 0xFF, 0xFF, 0xFF, 0xFF, 0xFF, 0xFF, 0xFF, 0xFF, 0xFF, 0xFF,
	0xFF, 0xFF, 0xFF, 0xFF, 0xFF, 0xFF, 0xFF, 0xFF, 0xFF, 0xFF, 0xFF, 0xFF,
	0xFF, 0xFF, 0xFF, 0xFF, 0xFF, 0xFF, 0xFF, 0xFF, 0xFF, 0xFF, 0xFF, 0xFF,
	0xFF, 0xFF, 0xFF, 0xFF, 0xFF, 0xFF, 0xFF, 0xFF, 0xFF, 0xFF, 0xFF, 0xFF,
	0xFF, 0xFF, 0xFF, 0xFF, 0xFF, 0xFF, 0xFF, 0xFF, 0xFF, 0xFF, 0xFF, 0xFF,
	0xFF, 0xFF, 0xFF, 0xFF, 0xFF, 0xFF, 0xFF, 0xFF, 0xFF, 0xFF, 0xFF, 0xFF,
	0xFF, 0xFF, 0xFF, 0xFF, 0xFF, 0xFF, 0xFF, 0xFF, 0xFF, 0xFF, 0xFF, 0xFF,
	0xFF, 0xFF, 0xFF, 0xFF, 0xFF, 0xFF, 0xFF, 0xFF, 0xFF, 0xFF, 0xFF, 0xFF,
	0xFF, 0xFF, 0xFF, 0xFF, 0xFF, 0xFF, 0xFF, 0xFF, 0xFF, 0xFF, 0xFF, 0xFF,
	0xFF, 0xFF, 0xFF, 0xFF, 0xFF, 0xFF, 0xFF, 0xFF, 0xFF, 0xFF, 0xFF, 0xFF,
	0xFF, 0xFF, 0xFF, 0xFF, 0xFF, 0xFF, 0xFF, 0xFF, 0xFF, 0xFF, 0xFF, 0xFF,
	0xFF, 0xFF, 0xFF, 0xFF, 0xFF, 0xFF, 0xFF, 0xFF, 0xFF, 0xFF, 0xFF, 0xFF,
	0xFF, 0xFF, 0xFF, 0xFF, 0xFF, 0xFF, 0xFF, 0xFF, 0xFF, 0xFF, 0xFF, 0xFF,
	0xFF, 0xFF, 0xFF, 0xFF, 0xFF, 0xFF, 0xFF, 0xFF, 0xFF, 0xFF, 0xFF, 0xFF,
	0xFF, 0xFF, 0xFF, 0xFF, 0xFF, 0xFF, 0xFF, 0xFF, 0xFF, 0xFF, 0xFF, 0xFF,
	0xFF, 0xFF, 0xFF, 0xFF, 0xFF, 0xFF, 0xFF, 0xFF, 0xFF, 0xFF, 0xFF, 0xFF,
	0xFF, 0xFF, 0xFF, 0xFF, 0xFF, 0xFF, 0xFF, 0xFF, 0xFF, 0xFF, 0xFF, 0xFF,
	0xFF, 0xFF, 0xFF, 0xFF, 0xFF, 0xFF, 0xFF, 0xFF, 0xFF, 0xFF, 0xFF, 0xFF,
	0xFF, 0xFF, 0xFF, 0xFF, 0xFF, 0xFF, 0xFF, 0xFF, 0xFF, 0xFF, 0xFF, 0xFF,
	0xFF, 0xFF, 0xFF, 0xFF, 0xFF, 0xFF, 0xFF, 0xFF, 0xFF, 0xFF, 0xFF, 0xFF,
	0xFF, 0xFF, 0xFF, 0xFF, 0xFF, 0xFF, 0xFF, 0xFF, 0xFF, 0xFF, 0xFF, 0xFF,
	0xFF, 0xFF, 0xFF, 0xFF, 0xFF, 0xFF, 0xFF, 0xFF, 0xFF, 0xFF, 0xFF, 0xFF,
	0xFF, 0xFF, 0xFF, 0xFF, 0xFF, 0xFF, 0xFF, 0xFF, 0xFF, 0xFF, 0xFF, 0xFF,
	0xFF, 0xFF, 0xFF, 0xFF, 0xFF, 0xFF, 0xFF, 0xFF, 0xFF, 0xFF, 0xFF, 0xFF,
	0xFF, 0xFF, 0xFF, 0xFF, 0xFF, 0xFF, 0xFF, 0xFF, 0xFF, 0xFF, 0xFF, 0xFF,
	0xFF, 0xFF, 0xFF, 0xFF, 0xFF, 0xFF, 0xFF, 0xFF, 0xFF, 0xFF, 0xFF, 0xFF,
	0xFF, 0xFF, 0xFF, 0xFF, 0xFF, 0xFF, 0xFF, 0xFF, 0xFF, 0xFF, 0xFF, 0xFF,
	0xFF, 0xFF, 0xFF, 0xFF, 0xFF, 0xFF, 0xFF, 0xFF, 0xFF, 0xFF, 0xFF, 0xFF,
	0xFF, 0xFF, 0xFF, 0xFF, 0xFF, 0xFF, 0xFF, 0xFF, 0xFF, 0xFF, 0xFF, 0xFF,
	0xFF, 0xFF, 0xFF, 0xFF, 0xFF, 0xFF, 0xFF, 0xFF, 0xFF, 0xFF, 0xFF, 0xFF,
	0xFF, 0xFF, 0xFF, 0xFF, 0xFF, 0xFF, 0xFF, 0xFF, 0xFF, 0xFF, 0xFF, 0xFF,
	0xFF, 0xFF, 0xFF, 0xFF, 0xFF, 0xFF, 0xFF, 0xFF, 0xFF, 0xFF, 0xFF, 0xFF,
	0xFF, 0xFF, 0xFF, 0xFF, 0xFF, 0xFF, 0xFF, 0xFF, 0xFF, 0xFF, 0xFF, 0xFF,
	0xFF, 0xFF, 0xFF, 0xFF, 0xFF, 0xFF, 0xFF, 0xFF, 0xFF, 0xFF, 0xFF, 0xFF,
	0xFF, 0xFF, 0xFF, 0xFF, 0xFF, 0xFF, 0xFF, 0xFF, 0xFF, 0xFF, 0xFF, 0xFF,
	0xFF, 0xFF, 0xFF, 0xFF, 0xFF, 0xFF, 0xFF, 0xFF, 0xFF, 0xFF, 0xFF, 0xFF,
	0xFF, 0xFF, 0xFF, 0xFF, 0xFF, 0xFF, 0xFF, 0xFF, 0xFF, 0xFF, 0xFF, 0xFF,
	0xFF, 0xFF, 0xFF, 0xFF, 0xFF, 0xFF, 0xFF, 0xFF, 0xFF, 0xFF, 0xFF, 0xFF,
	0xFF, 0xFF, 0xFF, 0xFF, 0xFF, 0xFF, 0xFF, 0xFF, 0xFF, 0xFF, 0xFF, 0xFF,
	0xFF, 0xFF, 0xFF, 0xFF, 0xFF, 0xFF, 0xFF, 0xFF, 0xFF, 0xFF, 0xFF, 0xFF,
	0xFF, 0xFF, 0xFF, 0xFF, 0xFF, 0xFF, 0xFF, 0xFF, 0xFF, 0xFF, 0xFF, 0xFF,
	0xFF, 0xFF, 0xFF, 0xFF, 0xFF, 0xFF, 0xFF, 0xFF, 0xFF, 0xFF, 0xFF, 0xFF,
	0xFF, 0xFF, 0xFF, 0xFF, 0xFF, 0xFF, 0xFF, 0xFF, 0xFF, 0xFF, 0xFF, 0xFF,
	0xFF, 0xFF, 0xFF, 0xFF, 0xFF, 0xFF, 0xFF, 0xFF, 0xFF, 0xFF, 0xFF, 0xFF,
	0xFF, 0xFF, 0xFF, 0xFF, 0xFF, 0xFF, 0xFF, 0xFF, 0xFF, 0xFF, 0xFF, 0xFF,
	0xFF, 0xFF, 0xFF, 0xFF, 0xFF, 0xFF, 0xFF, 0xFF, 0xFF, 0xFF, 0xFF, 0xFF,
	0xFF, 0xFF, 0xFF, 0xFF, 0xFF, 0xFF, 0xFF, 0xFF, 0xFF, 0xFF, 0xFF, 0xFF,
	0xFF, 0xFF, 0xFF, 0xFF, 0xFF, 0xFF, 0xFF, 0xFF, 0xFF, 0xFF, 0xFF, 0xFF,
	0xFF, 0xFF, 0xFF, 0xFF, 0xFF, 0xFF, 0xFF, 0xFF, 0xFF, 0xFF, 0xFF, 0xFF,
	0xFF, 0xFF, 0xFF, 0xFF, 0xFF, 0xFF, 0xFF, 0xFF, 0xFF, 0xFF, 0xFF, 0xFF,
	0xFF, 0xFF, 0xFF, 0xFF, 0xFF, 0xFF, 0xFF, 0xFF, 0xFF, 0xFF, 0xFF, 0xFF,
	0xFF, 0xFF, 0xFF, 0xFF, 0xFF, 0xFF, 0xFF, 0xFF, 0xFF, 0xFF, 0xFF, 0xFF,
	0xFF, 0xFF, 0xFF, 0xFF, 0xFF, 0xFF, 0xFF, 0xFF, 0xFF, 0xFF, 0xFF, 0xFF,
	0xFF, 0xFF, 0xFF, 0xFF, 0xFF, 0xFF, 0xFF, 0xFF, 0xFF, 0xFF, 0xFF, 0xFF,
	0xFF, 0xFF, 0xFF, 0xFF, 0xFF, 0xFF, 0xFF, 0xFF, 0xFF, 0xFF, 0xFF, 0xFF,
	0xFF, 0xFF, 0xFF, 0xFF, 0xFF, 0xFF, 0xFF, 0xFF, 0xFF, 0xFF, 0xFF, 0xFF,
	0xFF, 0xFF, 0xFF, 0xFF, 0xFF, 0xFF, 0xFF, 0xFF, 0xFF, 0xFF, 0xFF, 0xFF,
	0xFF, 0xFF, 0xFF, 0xFF, 0xFF, 0xFF, 0xFF, 0xFF, 0xFF, 0xFF, 0xFF, 0xFF,
	0xFF, 0xFF, 0xFF, 0xFF, 0xFF, 0xFF, 0xFF, 0xFF, 0xFF, 0xFF, 0xFF, 0xFF,
	0xFF, 0xFF, 0xFF, 0xFF, 0xFF, 0xFF, 0xFF, 0xFF, 0xFF, 0xFF, 0xFF, 0xFF,
	0xFF, 0xFF, 0xFF, 0xFF, 0xFF, 0xFF, 0xFF, 0xFF, 0xFF, 0xFF, 0xFF, 0xFF,
	0xFF, 0xFF, 0xFF, 0xFF, 0xFF, 0xFF, 0xFF, 0xFF, 0xFF, 0xFF, 0xFF, 0xFF,
	0xFF, 0xFF, 0xFF, 0xFF, 0xFF, 0xFF, 0xFF, 0xFF, 0xFF, 0xFF, 0xFF, 0xFF,
	0xFF, 0xFF, 0xFF, 0xFF, 0xFF, 0xFF, 0xFF, 0xFF, 0xFF, 0xFF, 0xFF, 0xFF,
	0xFF, 0xFF, 0xFF, 0xFF, 0xFF, 0xFF, 0xFF, 0xFF, 0xFF, 0xFF, 0xFF, 0xFF,
	0xFF, 0xFF, 0xFF, 0xFF, 0xFF, 0xFF, 0xFF, 0xFF, 0xFF, 0xFF, 0xFF, 0xFF,
	0xFF, 0xFF, 0xFF, 0xFF, 0xFF, 0xFF, 0xFF, 0xFF, 0xFF, 0xFF, 0xFF, 0xFF,
	0xFF, 0xFF, 0xFF, 0xFF, 0xFF, 0xFF, 0xFF, 0xFF, 0xFF, 0xFF, 0xFF, 0xFF,
	0xFF, 0xFF, 0xFF, 0xFF, 0xFF, 0xFF, 0xFF, 0xFF, 0xFF, 0xFF, 0xFF, 0xFF,
	0xFF, 0xFF, 0xFF, 0xFF, 0xFF, 0xFF, 0xFF, 0xFF, 0xFF, 0xFF, 0xFF, 0xFF,
	0xFF, 0xFF, 0xFF, 0xFF, 0xFF, 0xFF, 0xFF, 0xFF, 0xFF, 0xFF, 0xFF, 0xFF,
	0xFF, 0xFF, 0xFF, 0xFF, 0xFF, 0xFF, 0xFF, 0xFF, 0xFF, 0xFF, 0xFF, 0xFF,
	0xFF, 0xFF, 0xFF, 0xFF, 0xFF, 0xFF, 0xFF, 0xFF, 0xFF, 0xFF, 0xFF, 0xFF,
	0xFF, 0xFF, 0xFF, 0xFF, 0xFF, 0xFF, 0xFF, 0xFF, 0xFF, 0xFF, 0xFF, 0xFF,
	0xFF, 0xFF, 0xFF, 0xFF, 0xFF, 0xFF, 0xFF, 0xFF, 0xFF, 0xFF, 0xFF, 0xFF,
	0xFF, 0xFF, 0xFF, 0xFF, 0xFF, 0xFF, 0xFF, 0xFF, 0xFF, 0xFF, 0xFF, 0xFF,
	0xFF, 0xFF, 0xFF, 0xFF, 0xFF, 0xFF, 0xFF, 0xFF, 0xFF, 0xFF, 0xFF, 0xFF,
	0xFF, 0xFF, 0xFF, 0xFF, 0xFF, 0xFF, 0xFF, 0xFF, 0xFF, 0xFF, 0xFF, 0xFF,
	0xFF, 0xFF, 0xFF, 0xFF, 0xFF, 0xFF, 0xFF, 0xFF, 0xFF, 0xFF, 0xFF, 0xFF,
	0xFF, 0xFF, 0xFF, 0xFF, 0xFF, 0xFF, 0xFF, 0xFF, 0xFF, 0xFF, 0xFF, 0xFF,
	0xFF, 0xFF, 0xFF, 0xFF, 0xFF, 0xFF, 0xFF, 0xFF, 0xFF, 0xFF, 0xFF, 0xFF,
	0xFF, 0xFF, 0xFF, 0xFF, 0xFF, 0xFF, 0xFF, 0xFF, 0xFF, 0xFF, 0xFF, 0xFF,
	0xFF, 0xFF, 0xFF, 0xFF, 0xFF, 0xFF, 0xFF, 0xFF, 0xFF, 0xFF, 0xFF, 0xFF,
	0xFF, 0xFF, 0xFF, 0xFF, 0xFF, 0xFF, 0xFF, 0xFF, 0xFF, 0xFF, 0xFF, 0xFF,
	0xFF, 0xFF, 0xFF, 0xFF, 0xFF, 0xFF, 0xFF, 0xFF, 0xFF, 0xFF, 0xFF, 0xFF,
	0xFF, 0xFF, 0xFF, 0xFF, 0xFF, 0xFF, 0xFF, 0xFF, 0xFF, 0xFF, 0xFF, 0xFF,
	0xFF, 0xFF, 0xFF, 0xFF, 0xFF, 0xFF, 0xFF, 0xFF, 0xFF, 0xFF, 0xFF, 0xFF,
	0xFF, 0xFF, 0xFF, 0xFF, 0xFF, 0xFF, 0xFF, 0xFF, 0xFF, 0xFF, 0xFF, 0xFF,
	0xFF, 0xFF, 0xFF, 0xFF, 0xFF, 0xFF, 0xFF, 0xFF, 0xFF, 0xFF, 0xFF, 0xFF,
	0xFF, 0xFF, 0xFF, 0xFF, 0xFF, 0xFF, 0xFF, 0xFF, 0xFF, 0xFF, 0xFF, 0xFF,
	0xFF, 0xFF, 0xFF, 0xFF, 0xFF, 0xFF, 0xFF, 0xFF, 0xFF, 0xFF, 0xFF, 0xFF,
	0xFF, 0xFF, 0xFF, 0xFF, 0xFF, 0xFF, 0xFF, 0xFF, 0xFF, 0xFF, 0xFF, 0xFF,
	0xFF, 0xFF, 0xFF, 0xFF, 0xFF, 0xFF, 0xFF, 0xFF, 0xFF, 0xFF, 0xFF, 0xFF,
	0xFF, 0xFF, 0xFF, 0xFF, 0x5F, 0x5F, 0x5F, 0x40, 0xFE, 0x00, 0x02, 0x00,
	0x10, 0x00, 0x00, 0x0A, 0x2B, 0x27, 0x1E, 0x18, 0x16, 0x12, 0x12, 0x0F,
	0x0E, 0x0E, 0x0D, 0x0C, 0x0C, 0x0C, 0x0C, 0x0C, 0x0C, 0x4C, 0x49, 0x45,
	0x3A, 0x2F, 0x27, 0x21, 0x1A, 0x16, 0x16, 0x15, 0x12, 0x12, 0x12, 0x12,
	0x12, 0x12, 0x5B, 0x58, 0x58, 0x50, 0x4A, 0x40, 0x35, 0x2D, 0x27, 0x25,
	0x22, 0x1D, 0x1D, 0x1D, 0x1D, 0x1D, 0x1D, 0x5D, 0x5C, 0x5B, 0x58, 0x56,
	0x4E, 0x47, 0x3F, 0x38, 0x35, 0x31, 0x2A, 0x2A, 0x2A, 0x2A, 0x2A, 0x2A,
	0x5E, 0x5E, 0x5E, 0x5C, 0x5B, 0x57, 0x52, 0x4C, 0x46, 0x43, 0x3E, 0x38,
	0x38, 0x38, 0x38, 0x38, 0x38, 0x5E, 0x5E, 0x5F, 0x5E, 0x5E, 0x5A, 0x57,
	0x53, 0x4F, 0x4B, 0x49, 0x43, 0x43, 0x43, 0x43, 0x43, 0x43, 0x60, 0x60,
	0x60, 0x60, 0x5F, 0x5E, 0x5D, 0x5B, 0x5A, 0x58, 0x56, 0x53, 0x53, 0x53,
	0x53, 0x53, 0x53, 0x61, 0x60, 0x60, 0x60, 0x60, 0x60, 0x5F, 0x5E, 0x5E,
	0x5D, 0x5C, 0x5B, 0x5B, 0x5B, 0x5B, 0x5B, 0x5B, 0x61, 0x61, 0x61, 0x61,
	0x61, 0x61, 0x60, 0x5F, 0x5F, 0x5F, 0x5F, 0x5E, 0x5E, 0x5E, 0x5E, 0x5E,
	0x5E, 0x61, 0x61, 0x61, 0x61, 0x61, 0x61, 0x61, 0x61, 0x61, 0x60, 0x61,
	0x61, 0x61, 0x61, 0x61, 0x61, 0x61, 0x61, 0x61, 0x61, 0x61, 0x61, 0x61,
	0x61, 0x61, 0x61, 0x61, 0x61, 0x61, 0x61, 0x61, 0x61, 0x61, 0x61, 0x00,
	0x80, 0x02, 0x02, 0x25, 0x0A, 0x03, 0x11, 0x1A, 0x04, 0x13, 0x1F, 0x04,
	0x14, 0x26, 0x05, 0x15, 0x28, 0x05, 0x16, 0x2B, 0x06, 0x17, 0x2E, 0x06,
	0x19, 0x30, 0x0A, 0x22, 0x32, 0x0D, 0x20, 0x35, 0x0F, 0x26, 0x3D, 0x30,
	0x3E, 0x4C, 0x02, 0x80, 0x05, 0x01, 0x00, 0x04, 0x80, 0x80, 0x5A, 0x5A,
	0x5A, 0x5A, 0x80, 0x80, 0x4D, 0x4D, 0x4D, 0x4D, 0x80, 0x80, 0x33, 0x33,
	0x33, 0x33, 0x80, 0x80, 0x33, 0x33, 0x33, 0x33, 0x80, 0x80, 0x33, 0x33,
	0x33, 0x33, 0x18, 0x10, 0x67, 0x20, 0x5C, 0x2F, 0x4B, 0x3F, 0x3B, 0x4E,
	0x35, 0x5E, 0x29, 0x6D, 0x1E, 0x7D, 0x17, 0x8D, 0x0F, 0x9D, 0x0E, 0xAD,
	0x0D, 0xBD, 0x0A, 0xCD, 0x09, 0x02, 0x80, 0x06, 0xFF, 0x92, 0x72, 0x5D,
	0x4F, 0x44, 0x3C, 0x9C, 0x40, 0xFF, 0xA0, 0x40, 0x46, 0x10, 0xA9, 0x94,
	0x53, 0x80, 0xA9, 0x4E, 0x2A, 0x1E, 0x11, 0x26, 0xC0, 0x60, 0x50, 0x44,
	0x2A, 0x60, 0x80, 0x0F, 0x06, 0x06, 0x06, 0x06, 0x01, 0x13, 0x0B, 0x00,
	0x07, 0x09, 0x13, 0x19, 0x20, 0x25, 0x2B, 0x3B, 0x4E, 0x69, 0x80, 0x01,
	0x00, 0x01, 0x1A, 0x80, 0x00, 0x80, 0x06, 0x47, 0x47, 0x49, 0x56, 0x30,
	0x30, 0x30, 0x00, 0x80, 0x06, 0x42, 0x42, 0x57, 0x43, 0x45, 0x45, 0x45,
	0x1F, 0xC0, 0x30, 0x30, 0x64, 0x3F, 0x20, 0x06, 0x00, 0x1F, 0xC0, 0x00,
	0x00, 0x00, 0x00, 0x00, 0x00, 0x00, 0x0E, 0x1F, 0x80, 0x3E, 0x80, 0x5D,
	0x60, 0x7C, 0x40, 0x9C, 0x28, 0xBC, 0x14, 0xDC, 0x06, 0xE8, 0x00, 0x0E,
	0x1F, 0x6C, 0x3E, 0x6A, 0x5D, 0x54, 0x7C, 0x48, 0x9C, 0x1C, 0xBC, 0x12,
	0xDC, 0x07, 0xE8, 0x00, 0x0E, 0x1F, 0x00, 0x3E, 0x00, 0x5D, 0x00, 0x7C,
	0x00, 0x9C, 0x00, 0xBC, 0x00, 0xDC, 0x00, 0xE8, 0x00, 0x0E, 0x1F, 0x00,
	0x3E, 0x00, 0x5D, 0x00, 0x7C, 0x00, 0x9C, 0x00, 0xBC, 0x00, 0xDC, 0x00,
	0xE8, 0x00, 0x38, 0x60, 0x7D, 0x7D, 0x7D, 0x7D, 0x06, 0x26, 0x00, 0x51,
	0x00, 0x86, 0x00, 0xB3, 0x00, 0x18, 0x60, 0x66, 0x2A, 0x28, 0x33, 0x38,
	0x50, 0x02, 0x03, 0x05, 0x09, 0x0B, 0x1A, 0x02, 0x00, 0x02, 0xDA, 0xDA,
	0xDA, 0x02, 0x00, 0x02, 0x62, 0x62, 0x62, 0x02, 0x51, 0x26, 0xE4, 0x26,
	0x06, 0x29, 0x7A, 0x52, 0x5C, 0x7B, 0x3D, 0xA4, 0x3D, 0x08, 0x28, 0x40,
	0x3C, 0x73, 0x50, 0x7F, 0x64, 0x7F, 0x78, 0x7F, 0x12, 0x0A, 0xFD, 0x14,
	0xFD, 0x1F, 0xFD, 0x29, 0xFD, 0x33, 0x1A, 0x3D, 0x00, 0x48, 0x00, 0x52,
	0x00, 0x5C, 0x00, 0x66, 0x00, 0x0A, 0x05, 0x0A, 0x05, 0x1A, 0x1A, 0x1A,
	0x1A, 0x2B, 0x16, 0x10, 0x40, 0x41, 0x61, 0x97, 0x10, 0x40, 0x41, 0x61,
	0x6C, 0x2B, 0x16, 0x10, 0x40, 0x41, 0x6C, 0xA1, 0x10, 0x40, 0x41, 0x56,
	0x61, 0x09, 0x09, 0x06, 0x10, 0x0B, 0xFE, 0xFE, 0xFE, 0xFE, 0xFE, 0x40,
	0x50, 0x7A, 0x7A, 0x7A, 0x31, 0x31, 0x31, 0x00, 0x00, 0x00, 0x00, 0x08,
	0x00, 0x00, 0x00, 0x0D, 0x0D, 0x0D, 0x0D, 0x08, 0x80, 0xFF, 0x9A, 0xD7,
	0xB3, 0xBB, 0xCD, 0xAA, 0xE6, 0x8F, 0x08, 0x0A, 0xFF, 0x20, 0xCB, 0x3C,
	0xA1, 0x5A, 0xA1, 0xA0, 0x7E, 0x04, 0x28, 0xFA, 0x50, 0x7D, 0xA0, 0x5E,
	0x0E, 0x1F, 0xAB, 0x3E, 0x9E, 0x5D, 0x95, 0x7C, 0x80, 0x9C, 0x80, 0xBC,
	0x80, 0xD2, 0x80, 0xE4, 0x80, 0x0E, 0x1F, 0xAB, 0x3E, 0x9E, 0x5D, 0x95,
	0x7C, 0x80, 0x9C, 0x6B, 0xBC, 0x6F, 0xD2, 0x80, 0xE4, 0x80, 0x0E, 0x1F,
	0xAB, 0x3E, 0x9E, 0x5D, 0x95, 0x7C, 0x80, 0x9C, 0x80, 0xBC, 0x80, 0xD2,
	0x80, 0xE4, 0x80, 0x00, 0xC0, 0x33, 0x40, 0x48, 0x55, 0x73, 0x7B, 0x88,
	0x08, 0x60, 0x05, 0x56, 0x56, 0x6B, 0x80, 0x96, 0xCD, 0x05, 0x11, 0x05,
	0x11, 0x1A, 0x80, 0xC8, 0xC8, 0xC8, 0xC8, 0xC8, 0x56, 0x80, 0x00, 0x0C,
	0x2A, 0x40, 0x95, 0x00, 0x80, 0x00, 0x1E, 0x33, 0x40, 0x40, 0x02, 0xD2,
	0x40, 0xE4, 0x00, 0x1A, 0x80, 0x06, 0x0A, 0x19, 0x25, 0x25, 0x4F, 0x40,
	0x80, 0x00, 0x20, 0x40, 0x29, 0x3A, 0x4D, 0x04, 0x28, 0x44, 0x50, 0x44,
	0x78, 0x44, 0x06, 0x00, 0x04, 0x02, 0x00, 0x04, 0xD0, 0xD0, 0xD0, 0xD0,
	0xD0, 0xB6, 0x6A, 0x64, 0x5F, 0x79, 0x5A, 0x5A, 0x50, 0x46, 0x46, 0x50,
	0x50, 0x50, 0x46, 0x31, 0x46, 0x31, 0x31, 0x31, 0x31, 0x50, 0x30, 0x00,
	0x66, 0x9A, 0xCD, 0x12, 0x26, 0x7A, 0x3A, 0x5F, 0x51, 0x4F, 0x6B, 0x48,
	0x86, 0x3D, 0xB3, 0x33, 0xD2, 0x29, 0xDC, 0x16, 0xE1, 0x11, 0xE4, 0x00,
	0x0A, 0x26, 0x14, 0x3A, 0x14, 0x51, 0x14, 0x86, 0x14, 0xDC, 0x14, 0xE8,
	0x1A, 0x02, 0xB3, 0x0A, 0xD2, 0x33, 0x1F, 0x0A, 0x21, 0x30, 0x00, 0x26,
	0x26, 0x26, 0x1A, 0x20, 0x92, 0x40, 0x00, 0x00, 0x6A, 0x7A, 0x85, 0x95,
	0xFF, 0x83, 0x81, 0x80, 0x7F, 0x7D, 0x6A, 0x7A, 0x85, 0x95, 0xFF, 0x83,
	0x81, 0x80, 0x7F, 0x7D, 0x70, 0x90, 0xA0, 0xB0, 0x70, 0x90, 0x10, 0x00,
	0x00, 0x00, 0x0C, 0x26, 0xF3, 0x51, 0xF1, 0x6B, 0xE8, 0x86, 0xD7, 0xB3,
	0xAC, 0xD2, 0x94, 0xE4, 0x8D, 0x73, 0x60, 0x19, 0x27, 0x33, 0x3B, 0x73,
	0x60, 0x36, 0x33, 0x31, 0x2C, 0x00, 0x08, 0x10, 0x20, 0x02, 0x04, 0x06,
	0x01, 0x01, 0x02, 0x70, 0xC0, 0x68, 0xC0, 0x68, 0xB8, 0xE6, 0x00, 0x1A,
	0x00, 0xE6, 0x1A, 0xE6, 0x1A, 0xE6, 0x1A, 0xE6, 0x1A, 0xE6, 0x1A, 0xE6,
	0x1A, 0xE6, 0x1A, 0xE6, 0x1A, 0xAE, 0x52, 0x80, 0x00, 0x75, 0x30, 0x00,
	0xAF, 0x64, 0x37, 0x88, 0x2A, 0x05, 0x00, 0x00, 0x00, 0x78, 0x45, 0xE6,
	0x1A, 0xFC, 0x07, 0xFC, 0x07, 0xFC, 0x07, 0xFB, 0x0D, 0x31, 0x05, 0xC3,
	0x14, 0xC3, 0x14, 0x1F, 0xED, 0x81, 0x42, 0x0E, 0xEA, 0x81, 0x40, 0x05,
	0xA9, 0x80, 0x42, 0x06, 0x1D, 0x1D, 0xA9, 0x80, 0x44, 0x03, 0xA6, 0x80,
	0x67, 0x63, 0xDA, 0x57, 0x53, 0x8C, 0x96, 0x59, 0x3E, 0x1A, 0x6F, 0x0D,
	0x3C, 0xEC, 0x80, 0x45, 0x03, 0x7E, 0x40, 0x05, 0x7F, 0xEC, 0x80, 0x44,
	0x06, 0xEA, 0x81, 0x53, 0x63, 0x1D, 0x1D, 0xEC, 0x82, 0x44, 0xFA, 0xEA,
	0x82, 0xE4, 0x80, 0x6C, 0x3C, 0xE4, 0x80, 0x2E, 0xA5, 0x00, 0x2D, 0xEA,
	0x83, 0xE4, 0x81, 0x44, 0x06, 0x54, 0x55, 0x47, 0xE0, 0x1D, 0x1D, 0x6D,
	0x2E, 0xA1, 0x00, 0xE0, 0x81, 0x2D, 0x63, 0x04, 0x04, 0x04, 0x04, 0x04,
	0x40, 0x02, 0x06, 0x06, 0x61, 0x3C, 0x40, 0x1D, 0xDB, 0x57, 0xCA, 0x04,
	0x40, 0x07, 0xDB, 0x57, 0xCA, 0x08, 0x8C, 0xCA, 0x10, 0xE5, 0x80, 0x45,
	0x25, 0x6C, 0xED, 0x81, 0x43, 0x02, 0xEB, 0x81, 0x2E, 0x5A, 0xA1, 0x00,
	0x2D, 0xC0, 0x02, 0x0D, 0x5A, 0x47, 0x10, 0x6D, 0x2E, 0xEA, 0x81, 0xE4,
	0x80, 0x44, 0x05, 0x54, 0x55, 0x6B, 0x00, 0x1D, 0xA1, 0x00, 0x2D, 0xE0,
	0x80, 0x63, 0xEA, 0x82, 0x53, 0x63, 0xA8, 0x80, 0x44, 0x02, 0x52, 0x53,
	0xEC, 0x82, 0x45, 0x03, 0xEA, 0x82, 0x53, 0x1D, 0x63, 0x04, 0x04, 0x04,
	0x04, 0x04, 0x61, 0xEA, 0x6E, 0x9A, 0x78, 0x3D, 0x3E, 0x1D, 0x1D, 0x78,
	0x61, 0xE0, 0x6D, 0xEB, 0x01, 0x57, 0x6D, 0x2E, 0xA1, 0x00, 0x3B, 0x7A,
	0x97, 0x7A, 0x3F, 0x6F, 0x96, 0x78, 0x61, 0xB1, 0x92, 0x7A, 0x7F, 0x7D,
	0x0F, 0x96, 0x78, 0x61, 0xA8, 0x92, 0x7B, 0x8F, 0x00, 0x7A, 0x7D, 0x40,
	0xA3, 0x8E, 0x00, 0x00, 0x0C, 0xEA, 0x00, 0x56, 0x47, 0x02, 0x66, 0x00,
	0x1C, 0x51, 0x46, 0xF5, 0x63, 0x04, 0x04, 0x04, 0x04, 0x04, 0x04, 0x04,
	0x63, 0x18, 0x15, 0x18, 0x15, 0x18, 0x15, 0x18, 0x15, 0x63, 0x04, 0x04,
	0x04, 0x04, 0x04, 0x04, 0x04, 0x58, 0x47, 0x02, 0xCB, 0xFF, 0x63, 0x77,
	0x18, 0x37, 0x18, 0x04, 0x54, 0x55, 0x84, 0x00, 0x63, 0x52, 0x87, 0x01,
	0x80, 0x61, 0x10, 0x3D, 0x6C, 0x3C, 0x04, 0xC2, 0xFF, 0x7C, 0x47, 0x04,
	0x86, 0xFF, 0xFF, 0x67, 0x02, 0x15, 0x63, 0x68, 0x6E, 0x2E, 0xA1, 0x00,
	0x3F, 0xEA, 0x00, 0xA1, 0x03, 0x0D, 0xA3, 0x00, 0xEA, 0x01, 0xA1, 0x03,
	0xA3, 0x03, 0x6A, 0x02, 0xA1, 0x01, 0xE1, 0x00, 0x80, 0x00, 0x0D, 0x52,
	0xE1, 0x02, 0x16, 0x0D, 0xA3, 0x02, 0x2B, 0x00, 0xEA, 0x00, 0x47, 0x04,
	0x86, 0xFF, 0xFF, 0x8C, 0xA6, 0x01, 0x7E, 0x7F, 0x63, 0x3C, 0xCE, 0xF8,
	0x47, 0x04, 0x86, 0x7F, 0xFF, 0x63, 0x06, 0x06, 0x06, 0x06, 0x06, 0x3E,
	0x3D, 0x81, 0x20, 0x0C, 0x3C, 0x04, 0x63, 0x61, 0x09, 0x17, 0x16, 0x44,
	0x03, 0x86, 0xFF, 0xFF, 0x3E, 0x63, 0x5A, 0x6E, 0x2E, 0x6A, 0x01, 0xA1,
	0x01, 0x6D, 0x6A, 0x01, 0xA1, 0x00, 0x3E, 0x78, 0x7D, 0x0E, 0x12, 0x3C,
	0x63, 0x6D, 0x3C, 0xA8, 0x80, 0x47, 0x25, 0x44, 0x14, 0x54, 0x55, 0x84,
	0x00, 0x3E, 0x7C, 0x61, 0xDE, 0x89, 0x00, 0x00, 0x46, 0x01, 0x57, 0x54,
	0x55, 0x84, 0x00, 0x40, 0x0A, 0x3E, 0x7C, 0x61, 0xCE, 0x89, 0x00, 0x00,
	0x46, 0x01, 0x57, 0xA7, 0x80, 0xAA, 0x80, 0x8C, 0x2D, 0x3C, 0x63, 0x8F,
	0xFF, 0xF8, 0x68, 0x3C, 0x89, 0x00, 0x00, 0x46, 0x05, 0x7E, 0x40, 0x59,
	0x1F, 0x06, 0x4A, 0xFC, 0x1D, 0x04, 0x3E, 0x78, 0x89, 0x00, 0x00, 0x47,
	0x47, 0x4B, 0x04, 0x1D, 0x06, 0x4A, 0xFC, 0x6F, 0x69, 0x56, 0x68, 0x6F,
	0x2E, 0x47, 0x0A, 0x3D, 0xA5, 0x02, 0xA3, 0x00, 0x53, 0xA5, 0x02, 0xA3,
	0x01, 0x3D, 0x60, 0x02, 0xA5, 0x02, 0x6D, 0x53, 0xA5, 0x02, 0x7C, 0x64,
	0x03, 0x47, 0x0D, 0xA8, 0x00, 0x6D, 0xA1, 0x03, 0x3F, 0x7C, 0xA1, 0x03,
	0x0D, 0x3D, 0xA7, 0x00, 0x7E, 0x7E, 0x7F, 0x8D, 0x00, 0x00, 0x4A, 0x04,
	0x04, 0x1D, 0x4B, 0xFC, 0x47, 0x0B, 0x06, 0x45, 0x03, 0x1F, 0x40, 0xF8,
	0x86, 0xFF, 0xFF, 0x67, 0x41, 0x65, 0x63, 0x33, 0x02, 0x1F, 0x05, 0x33,
	0x18, 0x10, 0x33, 0x00, 0x1D, 0x33, 0x30, 0x13, 0x33, 0xF4, 0x12, 0x33,
	0xF9, 0x03, 0x86, 0x81, 0xDE, 0x9A, 0x18, 0x86, 0x92, 0x00, 0x9A, 0x1A,
	0x33, 0xFC, 0x14, 0x33, 0x30, 0x07, 0x33, 0xDD, 0x20, 0x72, 0x21, 0x33,
	0xD9, 0x22, 0x72, 0x23, 0x33, 0x03, 0x29, 0x86, 0x01, 0x07, 0x9A, 0x00,
	0x33, 0xE3, 0x11, 0x33, 0x3F, 0x24, 0xDA, 0x29, 0xC2, 0x80, 0x10, 0x10,
	0xD8, 0x24, 0x92, 0x24, 0x33, 0x00, 0x26, 0x33, 0x00, 0x27, 0x77, 0x4B,
	0xDA, 0x2B, 0xDA, 0x06, 0x75, 0x6B, 0x77, 0x2B, 0x33, 0x90, 0x06, 0x52,
	0x53, 0x9A, 0x2C, 0x9A, 0x2E, 0x77, 0x66, 0x8B, 0x02, 0xFF, 0x52, 0x53,
	0x8F, 0x00, 0x40, 0x82, 0x8D, 0x00, 0x7F, 0x43, 0xFA, 0x8F, 0x00, 0xA0,
	0x8A, 0x8D, 0x02, 0x47, 0x43, 0xFA, 0x01, 0xF0, 0x20, 0x77, 0x16, 0x77,
	0xB0, 0x33, 0xFF, 0xB1, 0x33, 0xFF, 0xD7, 0x77, 0x72, 0x77, 0x52, 0x33,
	0xFF, 0xC7, 0x77, 0xD2, 0x33, 0x00, 0x41, 0xCA, 0x10, 0xB2, 0x01, 0x01,
	0x33, 0xFF, 0xB3, 0x33, 0xFF, 0xB6, 0x33, 0xFF, 0xB7, 0xCA, 0x78, 0xB2,
	0x01, 0x48, 0x86, 0x00, 0x80, 0x9A, 0x6B, 0x33, 0x80, 0x60, 0x33, 0xFF,
	0xAA, 0xCA, 0x80, 0xB2, 0x01, 0x1C, 0x86, 0xCC, 0xCD, 0xBA, 0x01, 0xC6,
	0x86, 0x00, 0x00, 0xBA, 0x01, 0xC8, 0x33, 0xFE, 0xC4, 0x33, 0xFE, 0xC5,
	0xCA, 0xF4, 0xB2, 0x01, 0xDD, 0x77, 0x55, 0xCA, 0xFE, 0xB2, 0x01, 0x5A,
	0xCA, 0xFF, 0x92, 0xA6, 0xCA, 0xFF, 0xB2, 0x01, 0x5D, 0xB2, 0x01, 0x5E,
	0xB2, 0x01, 0x5F, 0xCA, 0x80, 0xB2, 0x01, 0x56, 0x70, 0xA9, 0xCA, 0xFF,
	0xB2, 0x01, 0x87, 0xCA, 0xF3, 0xB2, 0x01, 0x94, 0x86, 0x08, 0xA4, 0xBA,
	0x01, 0xA1, 0x86, 0x04, 0x00, 0xBA, 0x01, 0xAF, 0xDA, 0x9A, 0xB2, 0x01,
	0x8E, 0x52, 0x53, 0x9A, 0x2C, 0x86, 0x00, 0x08, 0x9A, 0x2E, 0x07, 0x52,
	0x92, 0xFD, 0x77, 0x2B, 0x67, 0x16, 0x92, 0x06, 0x37, 0x32, 0xFD, 0x01,
	0xFB, 0x1D, 0x01, 0xFB, 0x1D, 0x01, 0xF9, 0x22, 0x52, 0x53, 0x9A, 0x2C,
	0x86, 0x00, 0x04, 0x9A, 0x2E, 0x07, 0x01, 0xF8, 0x7C, 0x01, 0xDF, 0xA3,
	0x35, 0xB9, 0x0B, 0x37, 0xD9, 0x08, 0x77, 0x50, 0xDA, 0xA0, 0xC6, 0x0C,
	0x92, 0xA0, 0x00, 0x00, 0x00, 0x52, 0x53, 0x9A, 0x2C, 0x72, 0xAD, 0x72,
	0x23, 0x86, 0x01, 0x07, 0x9A, 0x00, 0x8B, 0x02, 0xFF, 0x75, 0x6B, 0x33,
	0x30, 0x07, 0x33, 0xF3, 0x27, 0x05, 0xDB, 0x2F, 0xC3, 0xCE, 0xC7, 0xCA,
	0xCA, 0x11, 0x9A, 0x2E, 0xDA, 0x24, 0xC2, 0x3F, 0xC6, 0x1F, 0x92, 0x24,
	0xFA, 0x01, 0xDD, 0xC2, 0xF4, 0xC6, 0x74, 0xB2, 0x01, 0xDD, 0x92, 0x12,
	0xDA, 0x03, 0xC2, 0xF9, 0xC6, 0x79, 0x92, 0x03, 0x07, 0x33, 0xE3, 0x11,
	0x33, 0x18, 0x10, 0x33, 0xFC, 0x14, 0x33, 0x30, 0x13, 0x33, 0x00, 0x1D,
	0x86, 0x81, 0xDE, 0x9A, 0x18, 0x86, 0x92, 0x00, 0x9A, 0x1A, 0x35, 0xF6,
	0x0C, 0x37, 0x10, 0x06, 0x37, 0x19, 0x03, 0x35, 0x39, 0x03, 0x77, 0x4B,
	0x8C, 0x75, 0x4B, 0x71, 0xAA, 0x46, 0x06, 0x72, 0xBF, 0x75, 0x46, 0x75,
	0xD4, 0x35, 0xAD, 0x03, 0x37, 0xA9, 0x04, 0x75, 0xAD, 0x72, 0xBE, 0x37,
	0x19, 0x02, 0x72, 0xC0, 0x35, 0xAA, 0x03, 0x03, 0xC8, 0x73, 0x71, 0xEA,
	0x47, 0x2D, 0x79, 0x5A, 0x9C, 0x46, 0x28, 0x8F, 0x03, 0x00, 0x8D, 0x03,
	0x04, 0x44, 0x07, 0x1B, 0x08, 0x56, 0x47, 0xF6, 0x40, 0x19, 0x8F, 0x00,
	0x80, 0x8D, 0x00, 0x9E, 0x44, 0x07, 0x1B, 0x08, 0x56, 0x47, 0xF6, 0x40,
	0x0A, 0xFB, 0x03, 0x00, 0x8F, 0xC3, 0xD3, 0x21, 0x84, 0x44, 0x02, 0x61,
	0x07, 0x37, 0xAA, 0x02, 0x77, 0x12, 0x40, 0x6B, 0x72, 0x9C, 0x86, 0x00,
	0xFF, 0x8F, 0x00, 0x80, 0x8A, 0x8A, 0x8A, 0x72, 0x4B, 0x72, 0x4C, 0xDA,
	0xA0, 0xC2, 0x0C, 0x92, 0xA0, 0x75, 0x9D, 0x75, 0x78, 0x75, 0x3D, 0x75,
	0x98, 0x75, 0xB8, 0x86, 0x80, 0x7F, 0x8F, 0x00, 0x86, 0x8A, 0x8D, 0x00,
	0x94, 0x43, 0xFA, 0x86, 0x00, 0xFF, 0x9A, 0x96, 0x86, 0x61, 0x9E, 0x35,
	0x10, 0x03, 0x86, 0x50, 0xAF, 0x9A, 0x98, 0x86, 0x66, 0x99, 0x9A, 0x9A,
	0xB2, 0x01, 0x8E, 0xDA, 0x9E, 0xC6, 0x01, 0x92, 0x9E, 0x52, 0x92, 0x9F,
	0x86, 0xAE, 0x51, 0xBA, 0x03, 0x00, 0x86, 0xAE, 0x51, 0xBA, 0x03, 0x02,
	0x05, 0x86, 0x9A, 0x9A, 0xBA, 0x03, 0x04, 0xB2, 0x03, 0x06, 0x07, 0x86,
	0x5A, 0xA5, 0x9A, 0x9C, 0x75, 0x12, 0x63, 0xFA, 0x01, 0xDC, 0x71, 0x11,
	0x46, 0x04, 0xC6, 0x01, 0x40, 0x02, 0xC2, 0xFE, 0xB2, 0x01, 0xDC, 0x05,
	0x79, 0x3D, 0xC7, 0x45, 0x2B, 0x52, 0x53, 0x9A, 0x74, 0x9A, 0xF8, 0xBA,
	0x01, 0xA5, 0x01, 0xF0, 0x20, 0x75, 0x06, 0x86, 0x00, 0x02, 0x97, 0x04,
	0x9A, 0x08, 0x75, 0x86, 0x75, 0xA6, 0x75, 0xC6, 0x75, 0xE6, 0x72, 0x21,
	0x75, 0x93, 0x75, 0xB4, 0x07, 0x52, 0x53, 0xB2, 0x01, 0x68, 0x40, 0x03,
	0x07, 0x61, 0x09, 0x9A, 0x59, 0x01, 0xC4, 0xDA, 0x93, 0x5B, 0x40, 0x2E,
	0x96, 0xF6, 0xCC, 0x03, 0x44, 0x03, 0x86, 0x03, 0x00, 0x8E, 0xC4, 0xCA,
	0x58, 0x4B, 0x0D, 0x1C, 0x06, 0x40, 0xF9, 0xA4, 0x84, 0x6A, 0x55, 0x43,
	0x34, 0x27, 0x1C, 0x12, 0x01, 0xC4, 0xCC, 0x8F, 0xC8, 0xC9, 0x6E, 0x01,
	0xC4, 0x59, 0x04, 0xC0, 0x40, 0x7E, 0x21, 0x00, 0x06, 0x63, 0xFA, 0x01,
	0xDC, 0xCE, 0x01, 0x46, 0x02, 0x40, 0x21, 0x96, 0x59, 0x9E, 0x60, 0x4A,
	0x19, 0xCC, 0x09, 0x45, 0x15, 0xCC, 0x19, 0x44, 0x11, 0x98, 0x74, 0x47,
	0x0F, 0x14, 0x15, 0x01, 0xC4, 0xD1, 0x89, 0x00, 0x00, 0x46, 0x01, 0x57,
	0x97, 0x74, 0x9A, 0x74, 0x40, 0x23, 0x75, 0x18, 0x96, 0xF8, 0x98, 0x59,
	0x44, 0x06, 0x77, 0x18, 0x54, 0x55, 0x84, 0x00, 0x01, 0xC4, 0xDD, 0x11,
	0x37, 0x18, 0x01, 0x55, 0xC1, 0x80, 0x93, 0x5C, 0x96, 0x59, 0x97, 0xF8,
	0x14, 0x15, 0x9A, 0xF8, 0x63, 0xDA, 0x5B, 0xCC, 0x08, 0x44, 0x02, 0x77,
	0x16, 0xCC, 0x10, 0x45, 0x02, 0x75, 0x16, 0xCC, 0x0C, 0x44, 0x02, 0x77,
	0xB0, 0xCC, 0x14, 0x45, 0x02, 0x75, 0xB0, 0x37, 0x16, 0x02, 0x72, 0xD1,
	0xCC, 0x08, 0x45, 0x07, 0x35, 0xB4, 0x08, 0xCC, 0x10, 0x44, 0x04, 0x72,
	0xD0, 0x72, 0xEA, 0x37, 0x56, 0x03, 0x77, 0x14, 0x8C, 0x75, 0x14, 0x37,
	0x39, 0x1A, 0xCA, 0x18, 0x79, 0x92, 0x57, 0x45, 0x08, 0xDB, 0x5B, 0x8F,
	0xC2, 0x53, 0x01, 0xC4, 0x47, 0xDC, 0xB1, 0x42, 0x09, 0x77, 0x56, 0x33,
	0xFE, 0xB1, 0x40, 0x04, 0x72, 0xB1, 0x75, 0x56, 0x40, 0x44, 0x37, 0x39,
	0x24, 0x35, 0x97, 0x23, 0x35, 0xF0, 0x1B, 0xB6, 0x01, 0x50, 0x01, 0xC4,
	0xDB, 0x5A, 0xFB, 0x01, 0x01, 0x09, 0x43, 0x02, 0x57, 0x50, 0x14, 0x18,
	0x08, 0xCC, 0x10, 0x43, 0x02, 0xCA, 0x10, 0xB2, 0x01, 0x01, 0x77, 0x97,
	0x8C, 0x75, 0x97, 0xFB, 0x01, 0x01, 0x11, 0xCD, 0x04, 0x44, 0x02, 0xCB,
	0x04, 0x11, 0x11, 0xFD, 0x01, 0x50, 0x42, 0x07, 0x71, 0x90, 0x47, 0x05,
	0x72, 0xB1, 0x8C, 0x75, 0x90, 0x63, 0x35, 0x59, 0x02, 0x72, 0xB8, 0x79,
	0x31, 0xB8, 0x45, 0x03, 0x77, 0xD5, 0x8C, 0x75, 0xD5, 0x35, 0xD5, 0x02,
	0x72, 0xB9, 0xFA, 0x01, 0xD7, 0x92, 0x4E, 0x35, 0x79, 0x04, 0x72, 0xAF,
	0x40, 0x05, 0x79, 0x5C, 0xD0, 0x44, 0x05, 0x37, 0xD6, 0x19, 0x40, 0x0D,
	0x35, 0xD6, 0x12, 0x79, 0x31, 0xAF, 0x45, 0x0F, 0x79, 0x5C, 0xD0, 0x45,
	0x0A, 0x71, 0xD6, 0x47, 0x02, 0x75, 0xD6, 0x77, 0xFE, 0x72, 0xAF, 0x75,
	0xD0, 0x77, 0xD2, 0x75, 0x3E, 0xDA, 0x4E, 0xB2, 0x01, 0xD7, 0x01, 0xE4,
	0x54, 0x01, 0xE5, 0x51, 0x01, 0xFC, 0x38, 0x01, 0xD2, 0xC5, 0xFA, 0x01,
	0xD5, 0x92, 0x4E, 0x37, 0x13, 0x03, 0x77, 0x74, 0x8C, 0x75, 0x74, 0x75,
	0xBE, 0x75, 0x1E, 0xCB, 0x0C, 0x79, 0x5C, 0xD0, 0x44, 0x12, 0x37, 0x56,
	0x17, 0x79, 0xE1, 0x57, 0x45, 0x12, 0x79, 0x02, 0x5D, 0x42, 0x0D, 0x53,
	0x77, 0x1E, 0x40, 0x08, 0x35, 0x13, 0x03, 0x35, 0x14, 0x02, 0xCB, 0x0C,
	0xFA, 0x01, 0x48, 0x35, 0x1E, 0x08, 0x79, 0x19, 0x5D, 0x44, 0x09, 0x35,
	0x99, 0x06, 0xCC, 0x44, 0x44, 0x02, 0xCA, 0x44, 0x35, 0x13, 0x2F, 0x08,
	0xCB, 0x44, 0x35, 0x1E, 0x12, 0xCB, 0x50, 0x79, 0x11, 0x5D, 0x45, 0x0B,
	0x79, 0x1E, 0x5D, 0x44, 0x0A, 0x35, 0xD6, 0x03, 0x35, 0x99, 0x04, 0x0B,
	0x44, 0x01, 0x5A, 0x37, 0x56, 0x3A, 0xDC, 0x5B, 0x42, 0x36, 0x79, 0x18,
	0xB6, 0x45, 0x31, 0x79, 0x18, 0xB7, 0x45, 0x2C, 0x40, 0x33, 0x37, 0x56,
	0x27, 0x79, 0x18, 0xB6, 0x45, 0x22, 0x79, 0x18, 0xB7, 0x45, 0x1D, 0xDC,
	0x5B, 0x43, 0x07, 0x77, 0xBE, 0x33, 0x66, 0x60, 0x40, 0x12, 0x79, 0x2C,
	0x5B, 0x44, 0x16, 0x79, 0x23, 0x5D, 0x44, 0x11, 0x79, 0x8B, 0x5C, 0x45,
	0x0C, 0x01, 0xCD, 0xB9, 0x01, 0xCD, 0x68, 0x72, 0xCE, 0x75, 0x13, 0x40,
	0x05, 0x77, 0x13, 0x33, 0x80, 0x60, 0xDA, 0x60, 0x4B, 0x15, 0x37, 0x56,
	0x12, 0x79, 0xDC, 0x57, 0x45, 0x0D, 0x79, 0x05, 0x5D, 0x45, 0x08, 0x79,
	0x87, 0x5C, 0x43, 0x06, 0x01, 0xCD, 0xBE, 0x33, 0x80, 0x60, 0x40, 0x1E,
	0xDA, 0x60, 0xC0, 0x02, 0x4A, 0x02, 0xCA, 0x80, 0x92, 0x60, 0x63, 0x8F,
	0xC1, 0x47, 0x01, 0xC4, 0x3C, 0x37, 0xD6, 0x06, 0xCC, 0x3C, 0x44, 0x02,
	0xCA, 0x3C, 0xB2, 0x01, 0x48, 0x63, 0x01, 0xEF, 0x2C, 0xB6, 0x01, 0x0A,
	0x89, 0x00, 0xAF, 0x43, 0x02, 0x72, 0xD6, 0xCA, 0x60, 0x37, 0x33, 0x02,
	0xCA, 0x5C, 0xDC, 0x5B, 0x42, 0x0F, 0xDA, 0x60, 0x4A, 0x0B, 0x35, 0x13,
	0x08, 0xBE, 0x01, 0x0A, 0x8C, 0x01, 0x20, 0x45, 0x08, 0x72, 0xEB, 0x75,
	0x3E, 0x75, 0x33, 0x40, 0x3D, 0x8C, 0x00, 0xE1, 0x44, 0x02, 0x77, 0x3E,
	0x8C, 0x01, 0x20, 0x45, 0x02, 0x75, 0x3E, 0x79, 0x0A, 0x5D, 0x45, 0x03,
	0x35, 0x3E, 0x02, 0x72, 0xEB, 0x79, 0x18, 0xB6, 0x45, 0xDF, 0x79, 0x18,
	0xB7, 0x45, 0xDA, 0xDB, 0x5B, 0x8F, 0xC1, 0x4D, 0x01, 0xC4, 0x44, 0xDC,
	0xD6, 0x43, 0x0D, 0xCA, 0x05, 0x79, 0x78, 0x5B, 0x44, 0x02, 0xCA, 0x14,
	0xDC, 0xEB, 0x42, 0x02, 0x77, 0x33, 0x79, 0x0A, 0x5D, 0x44, 0x06, 0x79,
	0x3C, 0x5B, 0x44, 0x05, 0x8C, 0x75, 0x7E, 0x75, 0x9E, 0x35, 0xD3, 0x21,
	0x79, 0xDC, 0x57, 0x45, 0x1C, 0x79, 0x00, 0x5D, 0x46, 0x17, 0x35, 0x7B,
	0x14, 0xDB, 0x59, 0xCD, 0x18, 0x45, 0x0E, 0xCD, 0x64, 0x44, 0x0A, 0x8F,
	0xC1, 0xE1, 0x01, 0xC4, 0x44, 0xDC, 0x50, 0x43, 0x04, 0x72, 0xCF, 0x40,
	0x09, 0x79, 0xF4, 0xCF, 0x45, 0x04, 0x77, 0x9E, 0x77, 0x7E, 0x35, 0x10,
	0x22, 0x86, 0x3C, 0x46, 0x9E, 0x57, 0x8C, 0xF3, 0x00, 0x45, 0x03, 0x86,
	0x28, 0x32, 0x9A, 0x78, 0x79, 0xDC, 0x57, 0x45, 0x0E, 0x35, 0x56, 0x0B,
	0x79, 0x0A, 0x5D, 0x44, 0x06, 0x35, 0x9E, 0x03, 0x35, 0xD2, 0x08, 0x52,
	0x92, 0x68, 0x01, 0xCC, 0x93, 0x40, 0x36, 0xDB, 0x59, 0xDA, 0x68, 0xCC,
	0xFF, 0x44, 0x0A, 0xCA, 0x94, 0x0B, 0x43, 0x0D, 0x37, 0xD3, 0xEB, 0x40,
	0x12, 0xDA, 0xF8, 0xDD, 0x79, 0x45, 0x02, 0x77, 0x5E, 0x71, 0xD3, 0x46,
	0x06, 0x72, 0xCD, 0xCB, 0x00, 0x40, 0x03, 0xB6, 0x01, 0x49, 0xDC, 0x78,
	0x44, 0x02, 0xDA, 0x78, 0xCD, 0x1E, 0x43, 0x02, 0xCB, 0x1E, 0xBA, 0x01,
	0x49, 0x37, 0x53, 0x09, 0xF4, 0x01, 0x4A, 0xCC, 0x1E, 0x44, 0x02, 0xCA,
	0x1E, 0xDC, 0x59, 0x42, 0x05, 0x77, 0x53, 0x77, 0x5E, 0x8C, 0x75, 0x53,
	0x79, 0x3D, 0xCD, 0x45, 0x48, 0x72, 0xCD, 0x37, 0x5E, 0x17, 0x37, 0xD3,
	0x17, 0xB6, 0x01, 0x49, 0xC4, 0x01, 0x44, 0x02, 0xDA, 0x78, 0xC1, 0x01,
	0x44, 0x02, 0xCB, 0x1E, 0xBA, 0x01, 0x49, 0x40, 0x2A, 0x01, 0xCC, 0x93,
	0xDA, 0x79, 0xDC, 0x59, 0x43, 0x07, 0xDA, 0x68, 0x47, 0x01, 0x50, 0x40,
	0x18, 0x8F, 0xC1, 0xE7, 0xDB, 0x59, 0x01, 0xC4, 0x47, 0x9E, 0x57, 0x8C,
	0xF5, 0xC0, 0x45, 0x03, 0x12, 0x45, 0x04, 0xD0, 0x68, 0x44, 0x02, 0xCA,
	0xFF, 0x92, 0x68, 0x75, 0x5E, 0x40, 0x09, 0x75, 0xD3, 0x86, 0x94, 0x00,
	0xBA, 0x01, 0x49, 0x63, 0x01, 0xEE, 0xA8, 0x37, 0x73, 0x11, 0x79, 0xB4,
	0x5D, 0x44, 0x05, 0x79, 0x08, 0xE1, 0x44, 0x05, 0x79, 0x28, 0x59, 0x44,
	0x04, 0x75, 0x73, 0x72, 0xE1, 0x40, 0x1A, 0x52, 0x79, 0xB4, 0x5D, 0x45,
	0x06, 0xDA, 0x6E, 0x56, 0x46, 0x01, 0x50, 0x92, 0x6E, 0xCC, 0x06, 0x45,
	0x07, 0x79, 0x50, 0x59, 0x45, 0x02, 0x77, 0x73, 0x63, 0x01, 0xEE, 0x93,
	0x40, 0x25, 0x8F, 0xC1, 0xEF, 0x96, 0x59, 0x01, 0xC4, 0x2F, 0x37, 0xF3,
	0x02, 0xC4, 0x0D, 0xDC, 0x50, 0x43, 0x02, 0x72, 0xBC, 0x8F, 0xC1, 0xF5,
	0x96, 0x59, 0x01, 0xC4, 0x2F, 0xDC, 0xBC, 0x42, 0x03, 0x77, 0xF3, 0x8C,
	0x75, 0xF3, 0x63, 0x37, 0xF3, 0x09, 0x79, 0x18, 0xC3, 0x45, 0x06, 0x77,
	0xFE, 0x40, 0x04, 0x72, 0xC3, 0x75, 0xFE, 0xDA, 0x4E, 0xB2, 0x01, 0xD5,
	0x35, 0x19, 0x02, 0x72, 0xBA, 0x37, 0x16, 0x19, 0x35, 0x30, 0x16, 0x79,
	0xC4, 0x57, 0x44, 0x13, 0x79, 0x46, 0x56, 0x45, 0x0E, 0x79, 0x0C, 0xBA,
	0x45, 0x09, 0xB6, 0x01, 0x0A, 0x04, 0x01, 0xF3, 0xD2, 0x77, 0x30, 0x40,
	0x31, 0x71, 0x92, 0x46, 0x2C, 0x37, 0x16, 0x27, 0x35, 0x30, 0x24, 0x79,
	0xB3, 0x57, 0x45, 0x21, 0x96, 0x57, 0x89, 0xF5, 0xC0, 0x45, 0x05, 0x79,
	0x3D, 0xBA, 0x45, 0x15, 0x79, 0xE0, 0x54, 0x44, 0x10, 0x86, 0x04, 0xE2,
	0x79, 0xDC, 0x57, 0x44, 0x03, 0x86, 0x09, 0xC4, 0x01, 0xF3, 0xD2, 0x77,
	0x30, 0x63, 0x40, 0x23, 0x35, 0x16, 0x1F, 0x37, 0x14, 0x1C, 0x35, 0x56,
	0x19, 0x37, 0x13, 0x0A, 0x8F, 0xC1, 0xD2, 0xDB, 0x5B, 0x01, 0xC4, 0x44,
	0x40, 0x06, 0x8F, 0xC1, 0xD8, 0x01, 0xC3, 0xEE, 0x01, 0xC4, 0xCA, 0x01,
	0xF3, 0xD2, 0x63, 0x40, 0x2A, 0xDA, 0x5E, 0x4A, 0x02, 0x75, 0x70, 0xCC,
	0x0E, 0x4D, 0x1F, 0x79, 0xA0, 0x5B, 0x44, 0x1A, 0x79, 0x0E, 0x52, 0x45,
	0x15, 0x35, 0x16, 0x12, 0x71, 0x70, 0x46, 0x0E, 0x8F, 0xC1, 0xFB, 0x01,
	0xC3, 0xEE, 0x04, 0x04, 0x04, 0x04, 0x04, 0x01, 0xF3, 0xD2, 0x63, 0x40,
	0x11, 0x86, 0x00, 0xFA, 0x40, 0x08, 0x79, 0x8B, 0x5C, 0x45, 0x06, 0x86,
	0x00, 0xFA, 0x01, 0xF3, 0xD2, 0x63, 0xFA, 0x01, 0xD0, 0x92, 0x4E, 0xCA,
	0x80, 0x35, 0x54, 0x07, 0x75, 0x1E, 0xB2, 0x01, 0x1C, 0x40, 0x3F, 0x79,
	0x8C, 0x59, 0x44, 0x35, 0x79, 0x0A, 0x52, 0x45, 0x30, 0x37, 0x5D, 0x2D,
	0x79, 0xE4, 0x57, 0x43, 0x2B, 0x79, 0x50, 0x59, 0x45, 0x26, 0x35, 0x1E,
	0x23, 0x8F, 0xC2, 0x00, 0x96, 0x52, 0x01, 0xC3, 0xF4, 0xDC, 0xD4, 0x44,
	0x17, 0xFA, 0x02, 0x37, 0xCC, 0x04, 0x45, 0x10, 0x75, 0x3E, 0x8F, 0xC0,
	0xEE, 0x81, 0x14, 0x3E, 0x96, 0x59, 0x01, 0xC4, 0x86, 0xB2, 0x01, 0x1C,
	0x77, 0x1E, 0xFA, 0x01, 0x1C, 0xCC, 0x80, 0x46, 0x06, 0x71, 0x3E, 0x46,
	0x02, 0x72, 0xD4, 0x40, 0x43, 0xFA, 0x01, 0x1C, 0x4B, 0x0D, 0xC0, 0x13,
	0xCC, 0x80, 0x45, 0x04, 0xCA, 0x80, 0x72, 0xD4, 0xB2, 0x01, 0x1C, 0x63,
	0xDA, 0x5E, 0xCC, 0xF0, 0x4D, 0x07, 0xCC, 0xF4, 0x4D, 0x05, 0x75, 0x54,
	0x8C, 0x77, 0x54, 0x5B, 0xF4, 0x01, 0x1D, 0x48, 0x07, 0x45, 0x03, 0xCA,
	0x80, 0x8C, 0xCA, 0x7F, 0xB2, 0x01, 0x1E, 0xB3, 0x01, 0x1D, 0xCC, 0xF4,
	0x4D, 0x07, 0xCC, 0xF8, 0x4D, 0x05, 0x75, 0x5D, 0x8C, 0x77, 0x5D, 0x63,
	0x79, 0xDF, 0x57, 0x44, 0x08, 0x79, 0xDA, 0x57, 0x44, 0x05, 0x75, 0x5E,
	0x8C, 0x77, 0x5E, 0x35, 0x56, 0x02, 0x72, 0xD7, 0x79, 0x1F, 0xD7, 0x44,
	0x05, 0x79, 0x52, 0x52, 0x45, 0x02, 0x75, 0x7E, 0x53, 0x35, 0x19, 0x3A,
	0x35, 0x16, 0x37, 0x37, 0x5E, 0x34, 0x35, 0x56, 0x31, 0x79, 0x19, 0x5D,
	0x45, 0x2C, 0xDA, 0x43, 0xCE, 0x9F, 0x46, 0x26, 0x79, 0xFA, 0x5D, 0x45,
	0x24, 0x79, 0x2C, 0x59, 0x45, 0x1F, 0x79, 0xF6, 0x5E, 0x4E, 0x1A, 0x79,
	0x48, 0x52, 0x42, 0x15, 0xFA, 0x02, 0x08, 0xCC, 0x61, 0x43, 0x0E, 0x71,
	0x7E, 0x46, 0x0A, 0x8F, 0xC2, 0x09, 0x01, 0xC3, 0xF2, 0x5B, 0xB3, 0x01,
	0x1F, 0xDA, 0x52, 0x8F, 0xC2, 0x14, 0x01, 0xC3, 0xF0, 0xB1, 0x01, 0x1F,
	0xB2, 0x01, 0x20, 0x05, 0xFA, 0x01, 0xDC, 0x5B, 0xC3, 0xFD, 0xB3, 0x01,
	0xDC, 0x07, 0xCE, 0x02, 0x47, 0x0B, 0xFB, 0x01, 0x1F, 0xC5, 0x13, 0x44,
	0x01, 0x53, 0xB3, 0x01, 0x1F, 0xFA, 0x01, 0xD9, 0x92, 0x4F, 0xDA, 0x5F,
	0x4B, 0x02, 0x72, 0xBB, 0x35, 0x16, 0x0E, 0x35, 0xBC, 0x0B, 0x35, 0xDC,
	0x08, 0x79, 0x31, 0xBB, 0x45, 0x05, 0x77, 0x1F, 0x8C, 0x75, 0x1F, 0x75,
	0xBF, 0xDA, 0x43, 0xC2, 0x9F, 0x47, 0x03, 0x72, 0xD2, 0x8C, 0x72, 0xD3,
	0x35, 0xF6, 0x2E, 0x35, 0x16, 0x2B, 0xFA, 0x02, 0x42, 0xCE, 0x40, 0x46,
	0x24, 0x79, 0x1F, 0xD3, 0x44, 0x1F, 0x79, 0xC4, 0x57, 0x45, 0x1A, 0xB6,
	0x01, 0x0A, 0x89, 0x00, 0xAF, 0x43, 0x12, 0xDA, 0x60, 0x4A, 0x0E, 0x35,
	0xD3, 0x0B, 0x35, 0x58, 0x08, 0x35, 0x7D, 0x05, 0x77, 0xBF, 0x35, 0x1F,
	0x05, 0x75, 0x36, 0x03, 0xD0, 0x4F, 0x77, 0x36, 0x05, 0xDA, 0x5F, 0xDB,
	0x44, 0x9A, 0x78, 0x75, 0x94, 0x07, 0x37, 0x40, 0x13, 0x75, 0x9F, 0x8F,
	0xC2, 0x2D, 0x79, 0x1E, 0x5D, 0x44, 0x05, 0x79, 0x2F, 0x50, 0x45, 0x14,
	0x1D, 0x1D, 0x40, 0x10, 0x8F, 0xC2, 0x29, 0x37, 0x7F, 0x08, 0x1D, 0x1D,
	0x37, 0x9F, 0x03, 0x8F, 0x01, 0x21, 0x77, 0x9F, 0x1B, 0xBA, 0x01, 0x21,
	0x9E, 0x78, 0x4A, 0x01, 0x5A, 0x92, 0x7A, 0x8F, 0xC2, 0x31, 0x79, 0x39,
	0x50, 0x45, 0x03, 0x8F, 0xC2, 0x3D, 0x35, 0x9F, 0x19, 0x1D, 0x1D, 0x6F,
	0xDB, 0x5B, 0x01, 0xC4, 0x44, 0xB2, 0x01, 0x23, 0xCA, 0x05, 0x7F, 0x0D,
	0xDB, 0x5B, 0x01, 0xC4, 0x44, 0xB2, 0x01, 0x24, 0x40, 0x03, 0x37, 0x7F,
	0x03, 0x8F, 0x01, 0x23, 0x1B, 0xBA, 0x01, 0x23, 0x9E, 0x78, 0x4A, 0x01,
	0x5A, 0x92, 0x7B, 0x77, 0x7F, 0xCA, 0x10, 0xDE, 0x79, 0x47, 0x4D, 0x01,
	0xDE, 0x5A, 0x01, 0xD1, 0x87, 0xFA, 0x01, 0xD7, 0xC6, 0x01, 0xB2, 0x01,
	0xD7, 0x72, 0x7B, 0x37, 0x9F, 0x40, 0x8E, 0xC2, 0x29, 0x8F, 0x01, 0x21,
	0xCB, 0x05, 0xDA, 0x78, 0x4A, 0x04, 0xCB, 0x05, 0x1C, 0x1D, 0xEA, 0x80,
	0x09, 0x45, 0x04, 0xEC, 0x00, 0x44, 0x02, 0xEA, 0x00, 0x82, 0x8F, 0xC2,
	0x31, 0x8E, 0x01, 0x23, 0xCB, 0xA1, 0xDA, 0x78, 0x4A, 0x04, 0xCB, 0xA1,
	0x1C, 0x1D, 0xEA, 0x00, 0x09, 0x45, 0x04, 0xEC, 0x80, 0x44, 0x01, 0x1A,
	0xA2, 0x00, 0x40, 0x06, 0x72, 0x7A, 0x71, 0xB1, 0x46, 0x27, 0x96, 0x62,
	0x9E, 0x78, 0x4A, 0x08, 0x98, 0x7A, 0x44, 0x0B, 0x52, 0x53, 0x40, 0x07,
	0x97, 0x7A, 0x44, 0x03, 0x86, 0xFF, 0xFF, 0x35, 0x13, 0x03, 0x37, 0x33,
	0x05, 0x79, 0x1F, 0xD3, 0x45, 0x1C, 0x8F, 0xC3, 0xA1, 0x21, 0xBF, 0x9A,
	0x62, 0x40, 0x15, 0x86, 0x80, 0x00, 0x9A, 0x62, 0x75, 0x94, 0x77, 0xB1,
	0xFA, 0x01, 0xD7, 0xC2, 0xFE, 0xB2, 0x01, 0xD7, 0x75, 0x9F, 0x75, 0x7F,
	0x8F, 0x00, 0x85, 0x8E, 0xC3, 0xA5, 0x1B, 0x1C, 0x1C, 0x69, 0x01, 0xC3,
	0xD7, 0x69, 0x45, 0x07, 0x8D, 0x00, 0x95, 0x45, 0xF1, 0x40, 0x03, 0x01,
	0xC8, 0x08, 0x75, 0x5F, 0x37, 0x56, 0x12, 0x79, 0x28, 0x5B, 0x44, 0x21,
	0x79, 0x14, 0x5B, 0x45, 0x1C, 0x79, 0x18, 0x50, 0x45, 0x17, 0x52, 0x40,
	0x25, 0x79, 0x80, 0x5B, 0x44, 0x0F, 0x79, 0x1E, 0x5B, 0x45, 0x0A, 0x96,
	0x50, 0xCC, 0x61, 0x44, 0x04, 0xCC, 0x18, 0x44, 0x06, 0x03, 0xD1, 0x6D,
	0x03, 0x1F, 0x06, 0x8F, 0xD0, 0xAC, 0x01, 0xC4, 0xCD, 0x01, 0xC4, 0x76,
	0x56, 0x12, 0x8E, 0x00, 0x86, 0x0C, 0x7A, 0x67, 0xDC, 0x67, 0x47, 0x02,
	0x72, 0x69, 0x35, 0x10, 0xE0, 0x37, 0x36, 0xDD, 0x79, 0xE3, 0x57, 0x43,
	0xD8, 0x35, 0x7B, 0xD5, 0xFA, 0x02, 0x31, 0xF6, 0x02, 0x32, 0xF6, 0x02,
	0x33, 0xF6, 0x02, 0x30, 0xF6, 0x02, 0x36, 0x46, 0xC4, 0x79, 0x93, 0x56,
	0x45, 0xBF, 0x35, 0xB9, 0xBC, 0xFA, 0x01, 0xD1, 0xCE, 0x04, 0x46, 0xB5,
	0xCE, 0x20, 0x47, 0x04, 0xCE, 0x01, 0x47, 0xAD, 0x77, 0x5F, 0x37, 0x3F,
	0x68, 0xCA, 0x06, 0x35, 0x56, 0x02, 0xCA, 0x03, 0xDC, 0x69, 0x42, 0x5D,
	0xCB, 0x01, 0x79, 0x8A, 0x64, 0x44, 0x06, 0x55, 0x79, 0x76, 0x64, 0x42,
	0x50, 0xE1, 0x00, 0x6D, 0x3C, 0x87, 0xC3, 0x21, 0x3F, 0x7D, 0x01, 0xC3,
	0xD7, 0x01, 0xD1, 0x98, 0x75, 0x18, 0xDB, 0x86, 0xC5, 0x5C, 0x44, 0x03,
	0x55, 0x77, 0x18, 0x52, 0x85, 0x05, 0x93, 0x78, 0x69, 0x8E, 0x00, 0x94,
	0x33, 0x06, 0x79, 0xDA, 0x79, 0x91, 0x78, 0xD5, 0x78, 0x84, 0x00, 0x37,
	0x18, 0x03, 0x01, 0xC4, 0xEC, 0x87, 0x00, 0x23, 0x9A, 0x7A, 0xDB, 0x86,
	0x52, 0x98, 0x7A, 0x4B, 0x09, 0x01, 0xC4, 0xE1, 0xED, 0x00, 0x43, 0x02,
	0x61, 0x36, 0x1E, 0x1E, 0x70, 0x79, 0x4A, 0xD7, 0x69, 0xEA, 0x00, 0x40,
	0x07, 0x33, 0xFF, 0x67, 0x72, 0x69, 0xCA, 0x80, 0x35, 0x36, 0x08, 0xCA,
	0x80, 0x92, 0x64, 0x92, 0x61, 0xCA, 0x00, 0xB2, 0x02, 0x1A, 0x75, 0x3F,
	0x03, 0xD1, 0xDD, 0x96, 0x61, 0x93, 0x61, 0x08, 0x14, 0x92, 0x64, 0x77,
	0x3F, 0x86, 0x69, 0x02, 0x01, 0xC4, 0xB9, 0x63, 0xEA, 0x00, 0x09, 0xE0,
	0x01, 0x02, 0xAA, 0x00, 0x63, 0xCB, 0x80, 0x37, 0x12, 0x36, 0x37, 0x56,
	0x04, 0xDB, 0x86, 0x40, 0x2F, 0x8F, 0xD0, 0xAC, 0x96, 0x50, 0x88, 0x04,
	0x09, 0x44, 0x02, 0x52, 0x53, 0x01, 0xC4, 0xCD, 0x89, 0x08, 0x1F, 0x43,
	0x04, 0x87, 0x08, 0x1F, 0x04, 0x01, 0xC4, 0x76, 0x6D, 0x12, 0x8F, 0x00,
	0x88, 0x0D, 0xEA, 0x80, 0xEB, 0x82, 0x3F, 0x7D, 0x6F, 0x2E, 0x69, 0x01,
	0xC4, 0x5C, 0x7F, 0x5B, 0x63, 0xDA, 0x4E, 0xB2, 0x01, 0xD0, 0xDA, 0x4F,
	0xB2, 0x01, 0xD9, 0x71, 0xD1, 0x46, 0x12, 0x86, 0xCD, 0x14, 0x01, 0xC4,
	0xB9, 0x01, 0xC9, 0x1A, 0x01, 0xCB, 0x00, 0x01, 0xEC, 0x07, 0x01, 0xDE,
	0x71, 0x79, 0x7A, 0xC8, 0x45, 0x0A, 0x72, 0xC8, 0x86, 0xEA, 0x05, 0x01,
	0xC4, 0xB9, 0x76, 0xEF, 0x71, 0x51, 0x47, 0x03, 0x03, 0xD2, 0xD2, 0xDA,
	0x43, 0xC2, 0x9F, 0x46, 0x0F, 0xB6, 0x01, 0x27, 0x89, 0xFF, 0xE7, 0x4D,
	0x07, 0xFA, 0x02, 0x42, 0xCE, 0x40, 0x47, 0x02, 0x72, 0xD5, 0xDA, 0x6B,
	0x46, 0x0E, 0x86, 0x0F, 0x0C, 0x79, 0x1E, 0x5B, 0x45, 0x01, 0x5A, 0xFC,
	0x01, 0x47, 0x4E, 0x02, 0x76, 0x6B, 0x35, 0x36, 0x03, 0x03, 0xD2, 0xBC,
	0x96, 0x57, 0x89, 0xE4, 0xC0, 0x45, 0x71, 0x89, 0xEF, 0x80, 0x44, 0x6C,
	0xFA, 0x02, 0x31, 0xF6, 0x02, 0x36, 0x46, 0x64, 0x79, 0x80, 0x5B, 0x44,
	0x5F, 0x35, 0x39, 0x5C, 0xFA, 0x01, 0x47, 0xCC, 0xFE, 0x4D, 0x55, 0x79,
	0x93, 0x56, 0x45, 0x50, 0x79, 0x3D, 0xD5, 0x45, 0x4B, 0x35, 0x5C, 0x48,
	0xFA, 0x01, 0xD1, 0xCE, 0x04, 0x46, 0x41, 0xCE, 0x20, 0x47, 0x04, 0xCE,
	0x01, 0x47, 0x39, 0x79, 0x06, 0x6B, 0x43, 0x4A, 0xCA, 0x01, 0xDB, 0x5F,
	0x4A, 0x01, 0x54, 0xD0, 0x6C, 0x92, 0x6C, 0x79, 0x11, 0x6B, 0x45, 0x3A,
	0x35, 0xB3, 0x21, 0x96, 0x96, 0x35, 0x12, 0x03, 0x86, 0x00, 0xFF, 0x79,
	0x84, 0x6C, 0x44, 0x0C, 0x79, 0x7C, 0x6C, 0x42, 0x0F, 0x58, 0x47, 0x0C,
	0x50, 0x57, 0x40, 0x06, 0xCC, 0x80, 0x47, 0x04, 0x56, 0x51, 0x9A, 0x96,
	0x86, 0x00, 0x80, 0x9A, 0x6B, 0x75, 0xB3, 0x40, 0x0D, 0xDB, 0x96, 0x8F,
	0xC3, 0xB7, 0x21, 0xA0, 0x44, 0x03, 0x01, 0xC8, 0x08, 0x63, 0x01, 0xEA,
	0x22, 0x01, 0xE8, 0x65, 0xFA, 0x01, 0xD7, 0x92, 0x4E, 0xFA, 0x01, 0xD8,
	0x92, 0x4F, 0x35, 0x7A, 0x03, 0x75, 0x5F, 0x8C, 0x77, 0x5F, 0x35, 0xF9,
	0x03, 0x75, 0x7F, 0x8C, 0x77, 0x7F, 0x35, 0x1A, 0x03, 0x75, 0x3F, 0x8C,
	0x77, 0x3F, 0x35, 0xB9, 0x03, 0x75, 0xBF, 0x8C, 0x77, 0xBF, 0x35, 0x3A,
	0x03, 0x75, 0x9F, 0x8C, 0x77, 0x9F, 0x35, 0x19, 0x03, 0x75, 0x1F, 0x8C,
	0x77, 0x1F, 0x35, 0x13, 0x02, 0x72, 0xDC, 0xDB, 0x9A, 0x8F, 0xC3, 0xC5,
	0x21, 0x92, 0x44, 0x03, 0x01, 0xC8, 0x08, 0x35, 0x16, 0x17, 0x79, 0xE4,
	0x57, 0x43, 0x12, 0x79, 0x02, 0x5D, 0x44, 0x0D, 0xFA, 0x01, 0xD5, 0xCE,
	0x08, 0x46, 0x06, 0x35, 0xBF, 0x03, 0x77, 0x5E, 0x8C, 0x75, 0x5E, 0x37,
	0x56, 0x09, 0x35, 0x3E, 0x06, 0x35, 0xFE, 0x03, 0x37, 0x1F, 0x02, 0x72,
	0xDB, 0x37, 0x16, 0x11, 0x72, 0xDD, 0xDA, 0x9A, 0x35, 0x12, 0x02, 0xCA,
	0x66, 0x81, 0x10, 0x87, 0x00, 0xA4, 0xBA, 0x01, 0x9B, 0x35, 0x16, 0x0A,
	0x79, 0x28, 0x5D, 0x44, 0x05, 0x79, 0xA0, 0x5B, 0x45, 0x06, 0x86, 0x08,
	0xA4, 0xBA, 0x01, 0xA1, 0x40, 0x0A, 0x8F, 0xC3, 0x23, 0x01, 0xC3, 0xEE,
	0xB2, 0x01, 0x91, 0x63, 0x71, 0x34, 0x46, 0x21, 0x01, 0xD4, 0xC9, 0x40,
	0x1C, 0x05, 0x75, 0x27, 0xB6, 0x01, 0x98, 0x47, 0x08, 0x77, 0x26, 0x97,
	0x04, 0x9A, 0x0A, 0x77, 0x27, 0x75, 0x26, 0x07, 0x35, 0x38, 0x03, 0x77,
	0x09, 0x8C, 0x75, 0x09, 0x63, 0x37, 0x10, 0x03, 0x03, 0xD4, 0xC6, 0x35,
	0xFE, 0x03, 0x35, 0xBF, 0x02, 0x72, 0xE9, 0x52, 0x53, 0x79, 0x3D, 0xC7,
	0x45, 0x03, 0x03, 0xD4, 0x75, 0x37, 0xF6, 0x06, 0x86, 0x02, 0x00, 0x03,
	0xD4, 0x75, 0x37, 0xBF, 0x45, 0x79, 0xD2, 0x57, 0x45, 0x40, 0x37, 0x56,
	0x3D, 0x86, 0x02, 0x00, 0x35, 0xD6, 0x18, 0x86, 0x02, 0x00, 0x79, 0x26,
	0xE9, 0x44, 0x03, 0x03, 0xD4, 0x75, 0xDB, 0x9A, 0x35, 0x12, 0x02, 0xCB,
	0x66, 0x52, 0x06, 0x06, 0x03, 0xD4, 0x75, 0x79, 0x17, 0xE9, 0x44, 0x06,
	0x01, 0xD4, 0x89, 0x03, 0xD4, 0x80, 0x79, 0x99, 0xE9, 0x45, 0x76, 0x01,
	0xD4, 0x95, 0x88, 0x02, 0x00, 0x45, 0x02, 0x52, 0x53, 0x01, 0xC4, 0xEC,
	0x40, 0x72, 0x79, 0x3D, 0xD0, 0x45, 0x21, 0x35, 0x56, 0x1E, 0x79, 0xD2,
	0x57, 0x45, 0x19, 0x8E, 0x61, 0x50, 0xFB, 0x01, 0x44, 0x01, 0xC5, 0x4F,
	0x37, 0xFF, 0x03, 0x88, 0x0A, 0x3E, 0x99, 0x50, 0x42, 0x06, 0x77, 0xFF,
	0x52, 0x53, 0x40, 0x41, 0x75, 0xFF, 0x86, 0x03, 0x00, 0x79, 0x18, 0xB6,
	0x45, 0x08, 0x86, 0x03, 0x00, 0x79, 0x18, 0xB7, 0x44, 0x05, 0x35, 0xD6,
	0x37, 0x40, 0x2A, 0x61, 0x3C, 0x68, 0x61, 0x45, 0xB8, 0x01, 0x9D, 0x45,
	0x02, 0x52, 0x53, 0x01, 0xC4, 0xEC, 0x2E, 0x37, 0xD6, 0x11, 0x35, 0x38,
	0x0A, 0xBF, 0x01, 0x9D, 0x8D, 0x02, 0x00, 0x42, 0x14, 0x40, 0x04, 0xA9,
	0x00, 0x44, 0x0E, 0xB6, 0x01, 0x9D, 0x61, 0x2D, 0x7E, 0x05, 0x35, 0xDF,
	0x08, 0x75, 0x38, 0x40, 0x06, 0x61, 0x22, 0x7E, 0x05, 0x77, 0x38, 0xBA,
	0x01, 0x98, 0x07, 0x40, 0x3D, 0xDB, 0x56, 0x8F, 0xC3, 0x85, 0x01, 0xC4,
	0x44, 0x01, 0xC4, 0xCA, 0x63, 0xDB, 0x56, 0x8F, 0xC3, 0x8B, 0x01, 0xC4,
	0x44, 0x01, 0xC4, 0xCA, 0x63, 0xA9, 0x00, 0x45, 0x14, 0x3E, 0x04, 0x04,
	0x58, 0x46, 0x05, 0xFD, 0x01, 0x94, 0x45, 0x07, 0xFB, 0x01, 0x94, 0x52,
	0x06, 0x06, 0x41, 0x3C, 0x8C, 0xA6, 0x00, 0x63, 0x8F, 0xC3, 0x76, 0x01,
	0xC3, 0xEE, 0xB2, 0x01, 0x94, 0x63, 0x03, 0xD9, 0x31, 0x79, 0x3D, 0xD0,
	0x44, 0x1C, 0x8F, 0xC3, 0x38, 0x01, 0xC3, 0xEE, 0x68, 0x8F, 0xC3, 0x45,
	0xDA, 0x54, 0x01, 0xC3, 0xF0, 0x2E, 0xA9, 0x00, 0x44, 0x02, 0xA6, 0x00,
	0x7E, 0x01, 0xC4, 0xCC, 0x40, 0x0A, 0xB6, 0x01, 0x8F, 0x88, 0x00, 0x01,
	0x44, 0x02, 0x52, 0x53, 0xBA, 0x01, 0x8F, 0x79, 0x0C, 0xB1, 0x44, 0x26,
	0x79, 0x05, 0x5D, 0x45, 0x21, 0x79, 0x50, 0x5B, 0x44, 0x1C, 0x79, 0x8A,
	0x5C, 0x45, 0x17, 0x77, 0x9E, 0x79, 0xDC, 0x57, 0x45, 0x12, 0xDB, 0x50,
	0x8F, 0xC3, 0x4C, 0x01, 0xC4, 0x47, 0x01, 0xC4, 0xCA, 0xBA, 0x01, 0x92,
	0x40, 0x14, 0x75, 0x9E, 0x35, 0x9E, 0x0F, 0xB6, 0x01, 0x92, 0x47, 0x0A,
	0x88, 0x00, 0x08, 0x44, 0x02, 0x52, 0x53, 0xBA, 0x01, 0x92, 0x79, 0x3D,
	0xD0, 0x44, 0x05, 0x86, 0x03, 0x00, 0x40, 0x0A, 0xB6, 0x01, 0xA9, 0x88,
	0x00, 0x04, 0x44, 0x02, 0x52, 0x53, 0xBA, 0x01, 0xA9, 0x79, 0x0F, 0xD0,
	0x42, 0x0C, 0xFA, 0x02, 0x36, 0xCC, 0x0D, 0x45, 0x05, 0x86, 0x02, 0x00,
	0x40, 0x07, 0x79, 0x3C, 0xEA, 0x45, 0x05, 0x52, 0x53, 0xBA, 0x01, 0xAB,
	0x52, 0x53, 0x37, 0xD6, 0x2E, 0x8E, 0xC3, 0x72, 0x37, 0x3F, 0x03, 0x8E,
	0xC3, 0x74, 0x01, 0xD6, 0x0A, 0xB6, 0x01, 0xAD, 0x37, 0x9F, 0x07, 0x87,
	0x00, 0x02, 0x45, 0x11, 0x40, 0x07, 0x88, 0x00, 0x02, 0x44, 0x02, 0x52,
	0x53, 0x3F, 0x01, 0xC4, 0xDD, 0xED, 0x00, 0x45, 0x05, 0xCA, 0x10, 0xA1,
	0x00, 0x41, 0x3D, 0xBA, 0x01, 0xAD, 0x8E, 0xC3, 0x6C, 0x61, 0x67, 0xEA,
	0x00, 0x37, 0xD6, 0x26, 0x75, 0x18, 0x8E, 0xC3, 0x6E, 0x37, 0x3F, 0x03,
	0x8E, 0xC3, 0x70, 0x61, 0x55, 0xE4, 0x00, 0x45, 0x03, 0x77, 0x18, 0x41,
	0x54, 0x81, 0x10, 0x01, 0xC4, 0xE9, 0xB7, 0x01, 0xAD, 0x4A, 0x02, 0x52,
	0x53, 0xBA, 0x01, 0xA7, 0xEA, 0x00, 0x81, 0x10, 0xB7, 0x01, 0xAD, 0xB7,
	0x01, 0xA9, 0xB7, 0x01, 0xAB, 0x9A, 0x78, 0x8F, 0xC3, 0x91, 0x37, 0xDA,
	0x01, 0x1D, 0x37, 0xFA, 0x02, 0x1D, 0x1D, 0xEA, 0x80, 0x81, 0x10, 0x97,
	0x78, 0x9A, 0x78, 0xB9, 0x01, 0x95, 0x47, 0x02, 0x72, 0xDE, 0xBA, 0x01,
	0x95, 0x96, 0x59, 0xB8, 0x01, 0x95, 0x44, 0x02, 0x52, 0x53, 0x01, 0xC4,
	0xDD, 0xB3, 0x01, 0x97, 0x40, 0x08, 0x35, 0x5F, 0x03, 0x37, 0x7F, 0x01,
	0x1C, 0x63, 0x35, 0xD6, 0x22, 0x37, 0x5E, 0x1F, 0x79, 0x5C, 0xDB, 0x45,
	0x1A, 0x8F, 0xC3, 0x57, 0xFB, 0x01, 0x97, 0x1D, 0xED, 0x80, 0x42, 0xFB,
	0xEB, 0x85, 0x52, 0xB7, 0x01, 0x9B, 0x88, 0x00, 0x80, 0x44, 0x1E, 0x52,
	0x53, 0x40, 0x1A, 0x72, 0xDE, 0x72, 0xDD, 0x35, 0x16, 0x11, 0xDA, 0x9A,
	0x35, 0x12, 0x02, 0xCA, 0x66, 0x81, 0x10, 0xB9, 0x01, 0x9B, 0x43, 0x03,
	0xBA, 0x01, 0x9B, 0x40, 0x2E, 0x9A, 0x78, 0xDA, 0x9A, 0x35, 0x12, 0x02,
	0xCA, 0x66, 0x81, 0x10, 0x37, 0x5F, 0x09, 0x88, 0x00, 0x00, 0x3E, 0x87,
	0x01, 0x48, 0x40, 0x07, 0x88, 0x00, 0x33, 0x3E, 0x87, 0x01, 0x7B, 0x99,
	0x78, 0x43, 0x09, 0x72, 0xDD, 0x3C, 0x99, 0x78, 0x44, 0x02, 0x96, 0x78,
	0xBA, 0x01, 0x9B, 0x37, 0xD6, 0x23, 0x8F, 0xC3, 0x54, 0x01, 0xC4, 0x3C,
	0x92, 0x78, 0x8F, 0xC3, 0x52, 0x52, 0x0D, 0xB6, 0x01, 0xA7, 0x04, 0x04,
	0x58, 0x46, 0x04, 0x01, 0xC4, 0x5C, 0x8C, 0xEA, 0x81, 0xD4, 0x78, 0x44,
	0x01, 0x52, 0xB2, 0x01, 0xA0, 0x37, 0xD6, 0x1E, 0x37, 0x5E, 0x1B, 0x79,
	0x5C, 0xDB, 0x45, 0x16, 0x8F, 0xC3, 0x61, 0xFB, 0x01, 0x97, 0x1D, 0xED,
	0x80, 0x42, 0xFB, 0xEB, 0x85, 0x52, 0xB7, 0x01, 0xA1, 0x88, 0x00, 0x80,
	0x40, 0x03, 0xB6, 0x01, 0xA1, 0x89, 0x0A, 0x66, 0x44, 0x21, 0x3E, 0xFA,
	0x01, 0xA0, 0x81, 0x10, 0x88, 0x08, 0xA4, 0x45, 0x02, 0x52, 0x53, 0x01,
	0xC4, 0xEC, 0x89, 0x04, 0x00, 0x44, 0x03, 0x86, 0x04, 0x00, 0x9A, 0x78,
	0x9C, 0x78, 0x43, 0x06, 0x3C, 0x40, 0x03, 0x86, 0x0A, 0x66, 0xBA, 0x01,
	0xA1, 0xFA, 0x01, 0x9A, 0x56, 0xB2, 0x01, 0x9A, 0x37, 0x12, 0x17, 0x79,
	0x66, 0x9A, 0x44, 0x12, 0xB6, 0x01, 0x95, 0x87, 0x07, 0x00, 0x37, 0xD2,
	0x05, 0x88, 0x01, 0x00, 0x45, 0x04, 0x99, 0x74, 0x42, 0x02, 0x72, 0xDD,
	0x79, 0x5C, 0xDD, 0x45, 0x13, 0xDA, 0x9E, 0xC6, 0x01, 0x92, 0x9E, 0xCB,
	0x66, 0xB3, 0x01, 0x8E, 0x8E, 0x00, 0x9A, 0x01, 0xD1, 0x98, 0x72, 0xDD,
	0x35, 0xF6, 0x1F, 0x79, 0xE8, 0x57, 0x45, 0x1A, 0xFA, 0x02, 0x31, 0xF6,
	0x02, 0x36, 0x46, 0x12, 0x79, 0x93, 0x56, 0x45, 0x0D, 0x35, 0x5F, 0x0A,
	0xB6, 0x01, 0xAB, 0x46, 0x05, 0xB6, 0x01, 0x8F, 0x47, 0x02, 0x72, 0xDE,
	0x79, 0x5C, 0xDE, 0x45, 0x2B, 0xB6, 0x01, 0x95, 0x87, 0x08, 0x00, 0x98,
	0x74, 0x44, 0x03, 0x01, 0xC4, 0xEC, 0x89, 0x00, 0x60, 0x42, 0x19, 0xDA,
	0x9A, 0x35, 0x12, 0x02, 0xCA, 0x66, 0x81, 0x10, 0x87, 0x00, 0x7B, 0xB9,
	0x01, 0x9B, 0x45, 0x08, 0x88, 0x00, 0x48, 0xB9, 0x01, 0x9B, 0x43, 0x02,
	0x72, 0xE2, 0x37, 0xBF, 0x08, 0xDA, 0x9E, 0xC6, 0x01, 0x92, 0x9E, 0x40,
	0x0B, 0x79, 0x99, 0xE2, 0x45, 0x06, 0xDA, 0x9E, 0xC2, 0xFE, 0x92, 0x9E,
	0xDA, 0x9E, 0xDB, 0x9A, 0x35, 0x12, 0x04, 0xC2, 0xFE, 0xCB, 0x66, 0x79,
	0x11, 0x5D, 0x44, 0x10, 0xCE, 0x01, 0x46, 0x0C, 0xFB, 0x01, 0x8E, 0x8F,
	0xC3, 0xC5, 0x21, 0x92, 0x44, 0x05, 0xCB, 0x66, 0xB3, 0x01, 0x8E, 0x79,
	0x5C, 0xDE, 0x45, 0x51, 0xFB, 0x01, 0x9A, 0x47, 0x0A, 0x13, 0x13, 0x46,
	0x48, 0xDA, 0x9E, 0xCE, 0x01, 0x47, 0x42, 0xDA, 0x9A, 0x81, 0x10, 0x3E,
	0xFA, 0x01, 0x97, 0xDB, 0x9A, 0xBC, 0x01, 0x9B, 0x47, 0x17, 0x45, 0x0B,
	0xCC, 0x7A, 0x45, 0x11, 0xC5, 0x01, 0x44, 0x0D, 0x53, 0x40, 0x0A, 0xCC,
	0x86, 0x42, 0x06, 0xC1, 0x01, 0x44, 0x02, 0xCB, 0xFF, 0xFA, 0x01, 0x8E,
	0xC0, 0x08, 0x92, 0x78, 0xC4, 0x0B, 0x92, 0x79, 0x8F, 0x00, 0x78, 0x01,
	0xC3, 0xD7, 0x8F, 0xC3, 0xC5, 0x21, 0x92, 0x8E, 0x00, 0x9A, 0x01, 0xD1,
	0x98, 0x96, 0x59, 0xB8, 0x01, 0xA5, 0x47, 0x11, 0x14, 0x15, 0x01, 0xC4,
	0xD5, 0x89, 0x00, 0x00, 0x46, 0x01, 0x57, 0xB7, 0x01, 0xA5, 0xBA, 0x01,
	0xA5, 0x9E, 0x59, 0x79, 0x02, 0x5D, 0x45, 0x1B, 0x79, 0x14, 0x59, 0x44,
	0x11, 0x79, 0x0D, 0x59, 0x45, 0x11, 0xB6, 0x01, 0xA5, 0x98, 0x59, 0x45,
	0x05, 0x89, 0x02, 0x00, 0x44, 0x05, 0x86, 0x04, 0x00, 0x40, 0x14, 0x3C,
	0x87, 0x01, 0x00, 0xB8, 0x01, 0xA3, 0x44, 0x02, 0x52, 0x53, 0x06, 0x45,
	0x03, 0x06, 0x44, 0x03, 0x86, 0xFF, 0xFF, 0x0A, 0x01, 0xA3, 0x3E, 0xCA,
	0x50, 0x79, 0x3D, 0xD0, 0x45, 0x23, 0x37, 0x56, 0x20, 0x86, 0x08, 0x00,
	0x37, 0x5E, 0x08, 0x37, 0x1E, 0x05, 0xFA, 0x01, 0x97, 0x81, 0x10, 0x8F,
	0xC2, 0xFE, 0x01, 0xC4, 0x8A, 0x37, 0x5E, 0x03, 0x35, 0x1E, 0x06, 0xCC,
	0x50, 0x44, 0x02, 0xCA, 0x50, 0xB2, 0x01, 0x9F, 0x37, 0xD6, 0x19, 0xDB,
	0x9A, 0x35, 0x12, 0x02, 0xCB, 0x66, 0x52, 0xF1, 0x01, 0xA0, 0x80, 0x00,
	0x06, 0x06, 0x06, 0x06, 0xB7, 0x01, 0xA1, 0x88, 0x08, 0x00, 0x40, 0x03,
	0xB6, 0x01, 0x9B, 0xB7, 0x01, 0x8F, 0x04, 0x9A, 0x78, 0x52, 0x53, 0x35,
	0x9F, 0x06, 0x35, 0x5F, 0x03, 0x37, 0x7F, 0x14, 0x8F, 0xC3, 0x4A, 0x37,
	0xD6, 0x01, 0x1D, 0x37, 0xD0, 0x07, 0x1D, 0x1D, 0x35, 0xD2, 0x02, 0x1D,
	0x1D, 0xEB, 0x80, 0x06, 0x97, 0x78, 0x9A, 0x78, 0xFB, 0x01, 0x91, 0x52,
	0x06, 0x06, 0xB7, 0x01, 0x92, 0x06, 0x97, 0x78, 0x3E, 0x3C, 0x04, 0xF1,
	0x01, 0x9F, 0x80, 0x00, 0x88, 0x00, 0x50, 0x79, 0xE4, 0x57, 0x44, 0x08,
	0x37, 0x7E, 0x0A, 0x79, 0xDF, 0x57, 0x45, 0x05, 0x79, 0x1F, 0xDC, 0x44,
	0x03, 0x03, 0xD9, 0x29, 0x77, 0x7E, 0x9A, 0x78, 0x79, 0x78, 0x5B, 0x44,
	0x08, 0x79, 0x70, 0x5B, 0x44, 0x05, 0x75, 0xDF, 0x8C, 0x77, 0xDF, 0xDB,
	0x5B, 0x8F, 0xC3, 0x1D, 0x01, 0xC4, 0x47, 0x5B, 0x52, 0x97, 0x78, 0x40,
	0x04, 0x75, 0x7E, 0x75, 0xDF, 0xBA, 0x01, 0x9D, 0x63, 0x75, 0x3E, 0x75,
	0xFE, 0xDA, 0x4E, 0xB2, 0x01, 0xD7, 0xDA, 0x4F, 0xB2, 0x01, 0xD8, 0xFA,
	0x01, 0xD1, 0x92, 0x4E, 0x37, 0xDE, 0x0D, 0x35, 0xBE, 0x0A, 0x79, 0x8A,
	0x64, 0x42, 0x05, 0x79, 0x76, 0x64, 0x44, 0x02, 0x72, 0x6A, 0x79, 0x1E,
	0xEA, 0x45, 0x2B, 0x35, 0xB9, 0x28, 0xCA, 0xE3, 0x37, 0x3E, 0x02, 0xCA,
	0xE1, 0xDC, 0x57, 0x42, 0x1D, 0xFA, 0x02, 0x31, 0xF6, 0x02, 0x30, 0xF6,
	0x02, 0x36, 0x46, 0x12, 0x35, 0xF0, 0x0F, 0x35, 0x36, 0x14, 0xFA, 0x02,
	0x42, 0xCE, 0x40, 0x47, 0x05, 0x01, 0xDB, 0x92, 0x40, 0x03, 0x01, 0xDB,
	0x8C, 0x75, 0x3E, 0x03, 0xDC, 0x77, 0x77, 0x3E, 0x79, 0x18, 0xB4, 0x44,
	0x03, 0x03, 0xDA, 0x10, 0x72, 0xB4, 0xB6, 0x02, 0x26, 0x9A, 0x78, 0xB6,
	0x02, 0x28, 0x9A, 0x7A, 0xB6, 0x01, 0xBE, 0x37, 0x1E, 0x06, 0x37, 0x7E,
	0x03, 0xB6, 0x01, 0xC0, 0x8E, 0x1E, 0xB8, 0x01, 0xC5, 0x07, 0xBE, 0x02,
	0x2A, 0x01, 0xC5, 0x07, 0x3C, 0x98, 0x7A, 0x43, 0x22, 0x3E, 0xCA, 0xC8,
	0x01, 0xC5, 0x5B, 0x96, 0x78, 0x01, 0xC5, 0x9B, 0x89, 0x00, 0xC8, 0x45,
	0x09, 0x96, 0x78, 0x97, 0x7A, 0x3E, 0xCB, 0xC8, 0x40, 0x0C, 0x6D, 0x35,
	0x1E, 0x1C, 0xB6, 0x01, 0xBE, 0x40, 0x13, 0x53, 0x9E, 0x7A, 0x6D, 0x6E,
	0xB6, 0x02, 0x2A, 0x8E, 0x1E, 0xB8, 0x01, 0xC5, 0x07, 0x3C, 0x7E, 0x01,
	0xC5, 0x9B, 0xBA, 0x01, 0xC0, 0x3E, 0x7C, 0xB2, 0x01, 0xBD, 0xCC, 0xC8,
	0x45, 0x0E, 0x35, 0x1E, 0x0B, 0x0A, 0x01, 0xBE, 0x77, 0x9E, 0x01, 0xDB,
	0xA3, 0xBA, 0x01, 0xC4, 0x79, 0x7A, 0xB5, 0x44, 0x02, 0x40, 0x49, 0x72,
	0xB5, 0x35, 0x1E, 0x44, 0x37, 0xBE, 0x41, 0xB6, 0x01, 0xBE, 0x9E, 0x5F,
	0x4B, 0x13, 0x79, 0x76, 0x62, 0x43, 0x22, 0x3E, 0xFA, 0x01, 0xBD, 0xCC,
	0xC8, 0x44, 0x1B, 0x3C, 0x87, 0x00, 0x0C, 0x40, 0x0C, 0x79, 0x66, 0x62,
	0x44, 0x0F, 0x88, 0x00, 0x02, 0x44, 0x02, 0x52, 0x53, 0x8F, 0xC3, 0xC1,
	0x21, 0x9F, 0xBA, 0x01, 0xBE, 0x3E, 0xFA, 0x01, 0xBD, 0xCC, 0xC8, 0x44,
	0x03, 0x0A, 0x01, 0xC0, 0x8C, 0x00, 0x4D, 0x45, 0x03, 0x01, 0xDC, 0x3D,
	0x03, 0xDC, 0x77, 0x79, 0x14, 0x59, 0x44, 0x08, 0x79, 0x16, 0x50, 0x45,
	0x03, 0x35, 0x56, 0x02, 0x72, 0xE4, 0x37, 0x5E, 0x07, 0x79, 0x40, 0xE4,
	0x45, 0x02, 0x75, 0x1E, 0x35, 0x1E, 0x40, 0x37, 0x3E, 0x1F, 0x79, 0x14,
	0x59, 0x44, 0x0D, 0x79, 0x16, 0x50, 0x45, 0x08, 0x37, 0x56, 0x05, 0x77,
	0xDE, 0x03, 0xDB, 0x34, 0xB6, 0x01, 0xBE, 0x89, 0x00, 0x80, 0x44, 0x11,
	0x35, 0xBE, 0x09, 0x40, 0x19, 0xFA, 0x02, 0x42, 0xCE, 0x40, 0x46, 0x12,
	0x01, 0xDB, 0x79, 0x40, 0x0D, 0x77, 0x1E, 0x01, 0xDC, 0x3D, 0x89, 0xC7,
	0xAE, 0x43, 0x03, 0x01, 0xDB, 0x77, 0x75, 0xDE, 0x03, 0xDB, 0x74, 0x75,
	0xDE, 0xB6, 0x01, 0xC4, 0x75, 0xFE, 0x79, 0xB3, 0x64, 0x44, 0x10, 0x79,
	0x4D, 0x64, 0x42, 0xEA, 0x77, 0xFE, 0x88, 0x07, 0xAE, 0x44, 0x0C, 0x52,
	0x53, 0x40, 0x08, 0x87, 0x07, 0xAE, 0x44, 0x03, 0x86, 0xFF, 0xFF, 0xBA,
	0x01, 0xC4, 0x96, 0x62, 0x35, 0xFE, 0x1C, 0x89, 0x29, 0x5C, 0x44, 0x05,
	0x86, 0x1A, 0x00, 0x40, 0x03, 0x88, 0x0F, 0x5C, 0x9A, 0x62, 0xDA, 0x64,
	0xCC, 0x29, 0x44, 0x03, 0xCA, 0x1A, 0x8C, 0xC4, 0x0F, 0x40, 0x1A, 0x89,
	0xD6, 0xA4, 0x45, 0x05, 0x86, 0xE6, 0x00, 0x40, 0x03, 0x87, 0x0F, 0x5C,
	0x9A, 0x62, 0xDA, 0x64, 0xCC, 0xD7, 0x45, 0x03, 0xCA, 0xE6, 0x8C, 0xC0,
	0x0F, 0x92, 0x64, 0x01, 0xDC, 0x3D, 0x35, 0xFE, 0x08, 0x89, 0xC7, 0xAE,
	0x43, 0x03, 0x01, 0xDB, 0x77, 0x03, 0xDB, 0x74, 0x35, 0xBE, 0x0A, 0x01,
	0xDB, 0x75, 0x79, 0x03, 0x6A, 0x45, 0x35, 0x77, 0xBE, 0xB6, 0x01, 0xC4,
	0x9E, 0x5F, 0x4B, 0x0F, 0x79, 0x85, 0x62, 0x43, 0x19, 0x87, 0x00, 0x10,
	0x44, 0x14, 0x86, 0xFF, 0xFF, 0x40, 0x0F, 0x79, 0x76, 0x62, 0x44, 0x0A,
	0x35, 0x7E, 0x07, 0x88, 0x00, 0x10, 0x44, 0x02, 0x52, 0x53, 0xBA, 0x01,
	0xC4, 0xB6, 0x01, 0xBE, 0x89, 0x00, 0x4D, 0x45, 0x03, 0x01, 0xDC, 0x3D,
	0x63, 0x75, 0x5E, 0x75, 0x1E, 0x86, 0xCC, 0xCD, 0xBA, 0x01, 0xC2, 0x75,
	0xBE, 0x52, 0x53, 0xBA, 0x01, 0xBE, 0x86, 0xCC, 0xCD, 0xBA, 0x01, 0xC4,
	0x52, 0xB2, 0x01, 0xBD, 0x40, 0x05, 0xCA, 0xC8, 0xB2, 0x01, 0xBD, 0x52,
	0x53, 0xBA, 0x01, 0xC0, 0x86, 0xCC, 0xCD, 0xBA, 0x01, 0xC6, 0x63, 0x75,
	0x18, 0xBE, 0x01, 0xC0, 0x35, 0x9E, 0x0A, 0xBC, 0x01, 0xBE, 0x46, 0x05,
	0xB6, 0x01, 0xC4, 0x40, 0x29, 0xB6, 0x01, 0xC2, 0x88, 0xCC, 0xCD, 0x44,
	0x03, 0x01, 0xC4, 0xE7, 0x01, 0xC5, 0x07, 0x35, 0x18, 0x0A, 0x87, 0xCC,
	0xCD, 0x44, 0x10, 0x86, 0xFF, 0xFF, 0x40, 0x0B, 0x88, 0xCC, 0xCD, 0x45,
	0x02, 0x52, 0x53, 0x54, 0x55, 0x84, 0x00, 0x35, 0x9E, 0x5C, 0xB9, 0x01,
	0xC8, 0x43, 0x0E, 0x37, 0x1E, 0x4F, 0x37, 0x3E, 0x4C, 0xBE, 0x01, 0xC4,
	0xBC, 0x01, 0xC8, 0x42, 0x33, 0x77, 0x7E, 0xB6, 0x01, 0xC8, 0x68, 0x88,
	0xCC, 0xCD, 0x54, 0x55, 0x84, 0x00, 0x3E, 0x86, 0xCC, 0xCD, 0xB8, 0x01,
	0xC2, 0x42, 0x05, 0xB6, 0x01, 0xBE, 0x40, 0x0B, 0x01, 0xC5, 0x9B, 0x8F,
	0xC3, 0xC1, 0x21, 0x9F, 0xBA, 0x01, 0xC0, 0x7E, 0x35, 0x1E, 0x06, 0xBA,
	0x01, 0xBE, 0x0A, 0x01, 0xC4, 0x3C, 0x40, 0x13, 0x3E, 0xFA, 0x01, 0xBD,
	0x47, 0x0A, 0xCC, 0xC8, 0x44, 0x06, 0xB6, 0x01, 0xBE, 0xBA, 0x01, 0xC0,
	0x3C, 0x75, 0x7E, 0xBA, 0x01, 0xC6, 0x75, 0x9E, 0x63, 0x75, 0x18, 0xB6,
	0x01, 0xC4, 0x88, 0xCC, 0xCD, 0x44, 0x03, 0x01, 0xC4, 0xE7, 0x3E, 0xB6,
	0x01, 0xBE, 0x01, 0xC5, 0x9B, 0x35, 0x18, 0x0A, 0x87, 0xCC, 0xCD, 0x44,
	0x10, 0x86, 0xFF, 0xFF, 0x40, 0x0B, 0x88, 0xCC, 0xCD, 0x45, 0x02, 0x52,
	0x53, 0x54, 0x55, 0x84, 0x00, 0xBA, 0x01, 0xC2, 0x89, 0xC7, 0xAE, 0x42,
	0x03, 0x77, 0x5E, 0x8C, 0x75, 0x5E, 0x63, 0xDA, 0x4E, 0xB2, 0x01, 0xD1,
	0xFA, 0x01, 0xDA, 0x92, 0x4F, 0x79, 0x34, 0x59, 0x44, 0x02, 0x75, 0x1F,
	0x79, 0x3C, 0x59, 0x45, 0x02, 0x77, 0x1F, 0xDA, 0xC9, 0x35, 0x99, 0x03,
	0x35, 0x5A, 0x07, 0xCC, 0x18, 0x44, 0x03, 0x52, 0x92, 0xC9, 0x37, 0x5A,
	0x14, 0x35, 0x1F, 0x11, 0x37, 0x56, 0x0E, 0x37, 0x99, 0x0B, 0x79, 0x0A,
	0x5D, 0x45, 0x06, 0xCC, 0x18, 0x44, 0x02, 0x72, 0xB6, 0xDA, 0x4F, 0xB2,
	0x01, 0xDA, 0xFA, 0x01, 0xDB, 0x92, 0x4F, 0x79, 0x34, 0x59, 0x44, 0x02,
	0x75, 0x1F, 0x79, 0x3C, 0x59, 0x45, 0x02, 0x77, 0x1F, 0xDA, 0xCA, 0x37,
	0x9A, 0x06, 0x37, 0xBA, 0x0A, 0x37, 0x39, 0x07, 0xCC, 0x18, 0x44, 0x03,
	0x52, 0x92, 0xCA, 0xFB, 0x01, 0xDC, 0xCF, 0x04, 0x46, 0x1C, 0xDA, 0xCA,
	0xCC, 0x18, 0x44, 0x16, 0x37, 0x39, 0x13, 0x37, 0x9A, 0x10, 0x37, 0xBA,
	0x0D, 0x35, 0x99, 0x0A, 0x79, 0x19, 0x5D, 0x45, 0x05, 0x35, 0x1F, 0x02,
	0x72, 0xB7, 0xDA, 0x4F, 0xB2, 0x01, 0xDB, 0x52, 0xB2, 0x01, 0x68, 0xFA,
	0x01, 0xCF, 0x92, 0x4E, 0x79, 0x8D, 0x56, 0x42, 0x02, 0x77, 0x1E, 0x35,
	0x19, 0x04, 0x75, 0x1E, 0x72, 0xE5, 0x79, 0x1F, 0xE5, 0x45, 0x05, 0x37,
	0x1E, 0x02, 0x77, 0x1B, 0x40, 0x0E, 0x35, 0x50, 0x02, 0x75, 0x3B, 0xDB,
	0xA2, 0x4B, 0x04, 0x72, 0xE5, 0x75, 0x1B, 0x63, 0xDA, 0x4E, 0xB2, 0x01,
	0xCF, 0x37, 0x19, 0x02, 0x75, 0xFD, 0x79, 0x14, 0x59, 0x45, 0x0A, 0x79,
	0x07, 0xC7, 0x45, 0x05, 0x37, 0xFD, 0x02, 0x77, 0x3B, 0x40, 0x06, 0x35,
	0x19, 0x02, 0x77, 0xFD, 0x63, 0x37, 0x20, 0x08, 0x35, 0xDD, 0x07, 0x77,
	0xDD, 0x72, 0xC2, 0x8C, 0x75, 0xDD, 0x03, 0xE1, 0x12, 0xFA, 0x02, 0x42,
	0xCE, 0x08, 0x47, 0x03, 0x77, 0xFC, 0x8C, 0x75, 0xFC, 0xCE, 0x10, 0x47,
	0x03, 0x77, 0x5C, 0x8C, 0x75, 0x5C, 0x35, 0xD9, 0x1F, 0x37, 0x50, 0x12,
	0x75, 0x50, 0x35, 0x78, 0x03, 0x37, 0x3D, 0x0A, 0x75, 0x3D, 0x96, 0x4B,
	0xC2, 0xC5, 0xC3, 0x05, 0x9A, 0x4B, 0x75, 0x78, 0xDA, 0xA0, 0xC2, 0x70,
	0x92, 0xA0, 0x75, 0xB8, 0x37, 0xD9, 0x15, 0xB6, 0x01, 0x0A, 0xB7, 0x01,
	0x1A, 0x01, 0xC4, 0xDC, 0xB3, 0x02, 0x17, 0xB6, 0x01, 0x98, 0x01, 0xC4,
	0xDF, 0xB3, 0x02, 0x19, 0xFA, 0x01, 0xCF, 0x92, 0x4E, 0xFA, 0x01, 0xD9,
	0x92, 0x4F, 0x37, 0x5F, 0x43, 0x79, 0x1E, 0x59, 0x45, 0x3E, 0x79, 0x64,
	0x5D, 0x44, 0x39, 0x79, 0x2D, 0x50, 0x45, 0x34, 0xDB, 0x84, 0xCF, 0x40,
	0x46, 0x2E, 0xDB, 0x80, 0xCF, 0x08, 0x46, 0x28, 0xDB, 0x80, 0xCF, 0x40,
	0x46, 0x22, 0xDB, 0x80, 0xCF, 0x20, 0x46, 0x1C, 0xDB, 0x82, 0xCF, 0x40,
	0x46, 0x16, 0x37, 0xFF, 0x13, 0xBE, 0x01, 0x87, 0x8C, 0x01, 0x31, 0x44,
	0x0B, 0xFA, 0x01, 0x86, 0xCC, 0x48, 0x45, 0x04, 0xCC, 0x8F, 0x45, 0x02,
	0x72, 0xEC, 0x79, 0x3C, 0xEC, 0x45, 0x0D, 0x77, 0xBC, 0x37, 0x50, 0x08,
	0xDB, 0xA0, 0xC7, 0x20, 0x93, 0xA0, 0x77, 0x78, 0x37, 0x36, 0x31, 0xFB,
	0x01, 0x85, 0x79, 0x0A, 0xED, 0x44, 0x1B, 0xFA, 0x01, 0x86, 0xCC, 0x48,
	0x44, 0x02, 0x77, 0x3E, 0xCC, 0x8F, 0x45, 0x24, 0x37, 0x3E, 0x21, 0x57,
	0x46, 0x01, 0x51, 0xB3, 0x01, 0x85, 0x75, 0x3E, 0x40, 0x16, 0xCD, 0x04,
	0x45, 0x0A, 0x35, 0x50, 0x07, 0xCA, 0xDF, 0x01, 0xDF, 0xAA, 0x75, 0xBC,
	0x53, 0xB3, 0x01, 0x85, 0x75, 0x3E, 0x72, 0xED, 0x40, 0x21, 0x75, 0xFF,
	0xBE, 0x01, 0x87, 0x8C, 0x00, 0x03, 0x45, 0x07, 0x8C, 0x01, 0x31, 0x44,
	0x02, 0x77, 0xFF, 0x52, 0x53, 0xBA, 0x01, 0x87, 0x63, 0xBE, 0x01, 0x87,
	0x1C, 0x47, 0x03, 0x0A, 0x01, 0x87, 0x63, 0xDA, 0x4E, 0xB2, 0x01, 0xCF,
	0x35, 0xD0, 0x3E, 0xDA, 0x5D, 0x46, 0x24, 0x79, 0x28, 0x59, 0x45, 0x21,
	0x79, 0x64, 0x59, 0x44, 0x1C, 0x79, 0x33, 0x50, 0x45, 0x17, 0x79, 0xE4,
	0x57, 0x43, 0x12, 0x35, 0xD3, 0x0F, 0xDA, 0x80, 0xCE, 0x08, 0x46, 0x09,
	0xDA, 0x80, 0xCE, 0x20, 0x47, 0x05, 0x8C, 0x75, 0xDB, 0x72, 0xE6, 0x79,
	0x7A, 0xE6, 0x45, 0x02, 0x77, 0xDB, 0x79, 0x05, 0x5D, 0x45, 0x06, 0xDA,
	0xA0, 0xC2, 0xFB, 0x92, 0xA0, 0x37, 0xBF, 0x1F, 0x79, 0x1E, 0x59, 0x45,
	0x1A, 0x79, 0x64, 0x5D, 0x44, 0x15, 0x79, 0xDC, 0x57, 0x45, 0x10, 0xDA,
	0x80, 0xCE, 0x40, 0x46, 0x0A, 0xDA, 0x80, 0xCE, 0x08, 0x46, 0x04, 0xDA,
	0x5F, 0x4A, 0x02, 0x72, 0xEE, 0x79, 0x5A, 0xEE, 0x45, 0x0D, 0x77, 0xDC,
	0x37, 0x50, 0x08, 0xDA, 0xA0, 0xC6, 0x40, 0x92, 0xA0, 0x77, 0x78, 0xDA,
	0x5F, 0x4A, 0x0A, 0x35, 0x50, 0x07, 0x75, 0xDC, 0xCA, 0xBF, 0x01, 0xDF,
	0xAA, 0x37, 0x50, 0x17, 0x37, 0xB9, 0x14, 0x35, 0x19, 0x11, 0x79, 0x5C,
	0xD0, 0x45, 0x03, 0x37, 0x39, 0x06, 0x35, 0x79, 0x03, 0x35, 0xD2, 0x03,
	0x77, 0xB8, 0x8C, 0x75, 0xB8, 0x37, 0x19, 0x06, 0xDA, 0xA0, 0xC2, 0xF7,
	0x92, 0xA0, 0xFA, 0x01, 0xD5, 0x92, 0x4E, 0x05, 0x96, 0x4B, 0x37, 0xAA,
	0x05, 0x79, 0x7A, 0xBF, 0x42, 0x05, 0x75, 0x9D, 0x52, 0x40, 0x21, 0x35,
	0xAD, 0x10, 0x35, 0xA9, 0x0D, 0x79, 0x7A, 0xBE, 0x43, 0x08, 0x35, 0x19,
	0x05, 0x79, 0x7A, 0xC0, 0x42, 0x14, 0xC2, 0x85, 0x75, 0xFE, 0x75, 0x98,
	0x6C, 0xDA, 0x6D, 0xC2, 0xFE, 0x92, 0x6D, 0x7C, 0xC3, 0x01, 0x9A, 0x4B,
	0x75, 0x78, 0x9A, 0x78, 0x37, 0x78, 0x02, 0x77, 0x3D, 0x07, 0x01, 0xF7,
	0x61, 0x6C, 0x5A, 0xC3, 0x1F, 0x8E, 0x00, 0x82, 0xE7, 0x00, 0xD2, 0xA0,
	0xC2, 0x60, 0x92, 0x7A, 0xD7, 0x7A, 0x01, 0xD1, 0x98, 0x7D, 0xC3, 0xFF,
	0x8E, 0x00, 0x80, 0xE7, 0x00, 0x01, 0xD1, 0x98, 0xDB, 0x79, 0xC3, 0x60,
	0xD7, 0x84, 0x37, 0xFE, 0x02, 0xC7, 0x01, 0x8E, 0x00, 0x84, 0x01, 0xD1,
	0x98, 0x40, 0x15, 0xDA, 0x84, 0xC2, 0x60, 0x92, 0xA0, 0x63, 0x5B, 0xD2,
	0xA0, 0x92, 0xA0, 0x8E, 0x00, 0x84, 0xE3, 0x00, 0x01, 0xD1, 0x98, 0x63,
	0xDA, 0x4E, 0xB2, 0x01, 0xD5, 0x52, 0x01, 0xE0, 0xA5, 0x47, 0x03, 0x77,
	0x96, 0x8C, 0x75, 0x96, 0x35, 0xAA, 0x03, 0x03, 0xE0, 0x8D, 0x35, 0xB9,
	0x03, 0x37, 0x1D, 0x6A, 0xDA, 0xA9, 0x56, 0x47, 0x26, 0xFB, 0x01, 0x83,
	0x57, 0x46, 0x2E, 0xDA, 0xA8, 0x47, 0x1C, 0x50, 0x47, 0x0C, 0xCB, 0x78,
	0xCE, 0x0F, 0x46, 0x4E, 0x81, 0x10, 0xCB, 0x69, 0x40, 0x48, 0x92, 0xA8,
	0xDA, 0xA9, 0x01, 0xE0, 0xA5, 0x47, 0x0D, 0xCB, 0x5A, 0x40, 0x2D, 0x01,
	0xE0, 0xA5, 0x46, 0x04, 0xCB, 0x7C, 0x40, 0x22, 0x52, 0xCB, 0x3B, 0x40,
	0x1F, 0x49, 0x03, 0x03, 0xE0, 0x99, 0xDA, 0xA8, 0x46, 0x22, 0xB2, 0x01,
	0x83, 0x37, 0xB9, 0x22, 0x77, 0x1D, 0xDA, 0xA9, 0x4B, 0x06, 0x46, 0x0C,
	0x61, 0x7F, 0x46, 0x08, 0xCB, 0xFC, 0xCA, 0x80, 0x92, 0xA9, 0x40, 0x69,
	0x92, 0xA9, 0x8F, 0xE0, 0xCC, 0x0D, 0xEA, 0x82, 0xCB, 0xF8, 0x92, 0xA8,
	0x40, 0x5B, 0x37, 0x50, 0x1E, 0x37, 0x16, 0x1B, 0xFB, 0x01, 0x83, 0xCD,
	0x7E, 0x44, 0x02, 0xCB, 0x7F, 0xCD, 0xFE, 0x4C, 0x02, 0xCB, 0xFF, 0x57,
	0x47, 0x05, 0x48, 0x05, 0xCB, 0xFE, 0x8C, 0xCB, 0x7E, 0x40, 0x33, 0x37,
	0x50, 0x05, 0xCB, 0xFE, 0x35, 0x3D, 0x2B, 0xCB, 0xB4, 0xDA, 0x78, 0xC2,
	0xEF, 0x46, 0x23, 0xDA, 0x79, 0xC2, 0x01, 0x46, 0x1D, 0xFA, 0x01, 0xD5,
	0xCE, 0x80, 0x46, 0x16, 0xDA, 0x6D, 0xCE, 0x01, 0x46, 0x10, 0x35, 0x98,
	0x0D, 0xFB, 0x01, 0x83, 0x57, 0x4A, 0x02, 0x48, 0x05, 0x53, 0x37, 0x16,
	0x01, 0x51, 0x75, 0x1D, 0x33, 0xFF, 0xA9, 0x72, 0xA8, 0xB3, 0x01, 0x83,
	0x4A, 0x03, 0x75, 0x29, 0x8C, 0x77, 0x29, 0x40, 0x6C, 0x8F, 0xE0, 0xCC,
	0xC0, 0x03, 0x0D, 0xCC, 0x42, 0x42, 0x1D, 0x8E, 0x00, 0x00, 0xEB, 0x80,
	0x0E, 0xEB, 0x81, 0xEF, 0x00, 0x47, 0xEA, 0xCC, 0x42, 0x44, 0x0E, 0xEB,
	0x82, 0xED, 0x85, 0x46, 0x08, 0xC0, 0x03, 0x1D, 0x1D, 0x1D, 0x40, 0xEF,
	0x52, 0x58, 0x63, 0x80, 0x01, 0x21, 0x80, 0x80, 0x21, 0x80, 0x02, 0x31,
	0x80, 0x04, 0x41, 0x6D, 0x01, 0x61, 0x82, 0x20, 0x12, 0x82, 0x04, 0x12,
	0x80, 0x08, 0x22, 0x82, 0x10, 0x32, 0x80, 0x10, 0x42, 0x82, 0x40, 0x52,
	0x80, 0x20, 0x13, 0x84, 0x01, 0x43, 0x82, 0x02, 0x14, 0x80, 0x40, 0x24,
	0xA0, 0x04, 0x24, 0xA0, 0x08, 0x34, 0x82, 0x08, 0x74, 0x48, 0x20, 0x15,
	0x82, 0x01, 0x25, 0x48, 0x10, 0x35, 0x82, 0x80, 0x45, 0x63, 0x03, 0xE3,
	0x63, 0x37, 0xB9, 0x25, 0x37, 0x19, 0x24, 0x37, 0x79, 0x21, 0x37, 0x59,
	0x1E, 0xFA, 0x01, 0x54, 0xCC, 0x9A, 0x45, 0x17, 0xFA, 0x01, 0x4F, 0xCC,
	0x9A, 0x45, 0x10, 0x96, 0x59, 0x46, 0x0C, 0x79, 0xB4, 0x5D, 0x45, 0x07,
	0x35, 0x39, 0x07, 0x40, 0x02, 0x75, 0x10, 0x03, 0xE2, 0xB5, 0x52, 0xCB,
	0x04, 0x9A, 0x2E, 0x72, 0x27, 0x35, 0xF9, 0x1A, 0x35, 0x99, 0x03, 0x03,
	0xE1, 0x9D, 0xCA, 0x0A, 0xB2, 0x02, 0x23, 0xCB, 0x15, 0xC7, 0xC0, 0xB3,
	0x02, 0x24, 0x33, 0x01, 0x29, 0x33, 0x0D, 0x26, 0x40, 0x26, 0xCA, 0x15,
	0x37, 0xA9, 0x02, 0xC8, 0x01, 0x35, 0xE2, 0x02, 0xC8, 0x04, 0xB2, 0x02,
	0x23, 0xCA, 0x0A, 0xC6, 0xA0, 0x37, 0x3A, 0x02, 0xC8, 0x04, 0x37, 0x1A,
	0x02, 0xC8, 0x08, 0xB2, 0x02, 0x24, 0x33, 0x02, 0x29, 0x33, 0x0E, 0x26,
	0x8E, 0xF9, 0xC8, 0x1C, 0x46, 0xFD, 0x01, 0xE2, 0x54, 0x8E, 0xF9, 0xC0,
	0x1C, 0x46, 0xFD, 0x40, 0xAC, 0x05, 0x52, 0x53, 0x9A, 0x2E, 0xCA, 0x80,
	0xB2, 0x02, 0x24, 0x8E, 0xF9, 0xC8, 0x1C, 0x46, 0xFD, 0x01, 0xE2, 0x54,
	0x8E, 0xF9, 0xC0, 0x1C, 0x46, 0xFD, 0x01, 0xE2, 0x6F, 0x8E, 0xF9, 0xC0,
	0x1C, 0x46, 0xFD, 0x33, 0x04, 0x22, 0x33, 0x08, 0x26, 0x85, 0x00, 0x85,
	0x00, 0x75, 0x47, 0x77, 0x46, 0xCB, 0x2F, 0x51, 0x46, 0xFD, 0x57, 0x33,
	0x03, 0x22, 0x37, 0xA2, 0x06, 0x35, 0x82, 0x03, 0x35, 0x62, 0x02, 0x40,
	0x4F, 0x75, 0x29, 0x52, 0x5B, 0x8F, 0x00, 0x40, 0x82, 0x56, 0x8D, 0x03,
	0x00, 0x45, 0xF9, 0x8F, 0x00, 0x40, 0x1A, 0x0B, 0x46, 0x39, 0x57, 0x8D,
	0x03, 0x00, 0x45, 0xF6, 0x01, 0xE2, 0x6F, 0x57, 0x5A, 0x46, 0xE1, 0x8E,
	0xC0, 0x00, 0x52, 0x53, 0x8F, 0x01, 0x00, 0xA7, 0x00, 0x1C, 0x1C, 0x1F,
	0x46, 0xF9, 0x01, 0xE2, 0x6F, 0x8C, 0x00, 0x00, 0x46, 0xEE, 0x89, 0xAA,
	0x55, 0x46, 0x10, 0x35, 0xA2, 0x0E, 0x37, 0x82, 0x0B, 0x35, 0x62, 0x08,
	0x13, 0x77, 0x29, 0xCA, 0x19, 0x40, 0x13, 0x53, 0x71, 0x29, 0x47, 0x02,
	0x75, 0x29, 0xCA, 0x7D, 0x59, 0x47, 0x07, 0xCD, 0xFF, 0x46, 0x02, 0xCA,
	0x5E, 0x12, 0x8E, 0xF7, 0xB5, 0x1C, 0x46, 0xFD, 0x61, 0x25, 0x50, 0x46,
	0xF5, 0xCD, 0xAA, 0x46, 0xDF, 0x03, 0xE1, 0xE1, 0x68, 0x71, 0x00, 0x47,
	0x02, 0x75, 0x00, 0x01, 0xFB, 0x1D, 0x01, 0xF8, 0x7C, 0x37, 0x19, 0x1E,
	0x37, 0x79, 0x1B, 0x35, 0xC2, 0x18, 0x35, 0x40, 0x15, 0x78, 0x63, 0x71,
	0x00, 0x47, 0x02, 0x75, 0x00, 0x37, 0x20, 0x0A, 0x35, 0x80, 0x07, 0x35,
	0xC2, 0x04, 0x35, 0x40, 0x01, 0x63, 0x8E, 0xF9, 0xC0, 0x1C, 0x46, 0xFD,
	0x71, 0x00, 0x47, 0x02, 0x75, 0x00, 0x8E, 0xF9, 0xC0, 0x1C, 0x46, 0xFD,
	0x8F, 0x00, 0x40, 0x52, 0x53, 0x9A, 0x2C, 0x8A, 0x8D, 0x02, 0xFF, 0x43,
	0xFA, 0x8B, 0x02, 0xFF, 0x33, 0xDD, 0x20, 0x33, 0xD9, 0x22, 0x33, 0x03,
	0x29, 0x33, 0x08, 0x26, 0x77, 0x10, 0x03, 0xC6, 0x7A, 0x35, 0x10, 0x03,
	0x03, 0xE3, 0x62, 0xCA, 0x09, 0xC6, 0xE0, 0xB2, 0x02, 0x24, 0x52, 0x35,
	0x39, 0x16, 0x37, 0xDA, 0x02, 0xC6, 0x01, 0x37, 0xFA, 0x02, 0xC6, 0x02,
	0x37, 0x7A, 0x02, 0xC6, 0x04, 0x37, 0x5A, 0x02, 0xC6, 0x08, 0x40, 0x17,
	0x37, 0x9A, 0x02, 0xC6, 0x01, 0x37, 0xBA, 0x02, 0xC6, 0x02, 0x37, 0x59,
	0x02, 0xC6, 0x04, 0xDB, 0x07, 0xCF, 0x02, 0x47, 0x02, 0xC6, 0x08, 0xDB,
	0x57, 0xCD, 0x18, 0x45, 0x5F, 0xFA, 0x02, 0x45, 0xCD, 0x26, 0x45, 0x5D,
	0xFA, 0x02, 0x44, 0xCD, 0x3A, 0x45, 0x53, 0xFA, 0x01, 0xCE, 0x37, 0x19,
	0x0F, 0xFA, 0x01, 0xCD, 0x37, 0x39, 0x09, 0xFA, 0x01, 0xCC, 0x37, 0x79,
	0x03, 0xFA, 0x01, 0xCB, 0xCD, 0x6B, 0x45, 0x3D, 0xDA, 0x54, 0x37, 0x39,
	0x03, 0xFA, 0x02, 0x2E, 0xCD, 0x92, 0x45, 0x31, 0xFA, 0x01, 0x4F, 0xCD,
	0xA9, 0x45, 0x2A, 0xFA, 0x01, 0x86, 0xCD, 0xBC, 0x45, 0x23, 0xCA, 0xB8,
	0xCD, 0xCB, 0x45, 0x1D, 0xDA, 0x5D, 0xCD, 0xDC, 0x45, 0x17, 0xFA, 0x01,
	0x02, 0xCD, 0xEA, 0x45, 0x10, 0xDA, 0x55, 0xCD, 0xF3, 0x45, 0x0A, 0xFA,
	0x01, 0x54, 0x40, 0x05, 0xC0, 0x08, 0x12, 0x12, 0x12, 0x81, 0x04, 0xBA,
	0x01, 0x98, 0x63, 0x71, 0xF1, 0x47, 0x03, 0x03, 0xE3, 0xA6, 0x86, 0xE1,
	0x07, 0x01, 0xC4, 0xB9, 0xDA, 0xE8, 0x56, 0x92, 0xE8, 0xCE, 0x01, 0x46,
	0x06, 0x86, 0xE9, 0x01, 0x01, 0xC4, 0xB9, 0x01, 0xE4, 0x35, 0x01, 0xCB,
	0x0B, 0x01, 0xEC, 0x1A, 0x01, 0xD3, 0x76, 0xFA, 0x01, 0xD7, 0x92, 0x4E,
	0x01, 0xD4, 0xBC, 0xFA, 0x01, 0xD1, 0x92, 0x4E, 0x01, 0xDA, 0x63, 0xDA,
	0x4E, 0xB2, 0x01, 0xD1, 0x01, 0xDD, 0x69, 0x01, 0xE1, 0x15, 0x01, 0xE4,
	0x54, 0x01, 0xE5, 0x51, 0x35, 0x16, 0x03, 0x03, 0xE4, 0x52, 0x8F, 0xC1,
	0x12, 0x01, 0xC3, 0xEE, 0x9A, 0x7A, 0x96, 0x59, 0x8F, 0xC1, 0x2D, 0x01,
	0xC4, 0x34, 0x6C, 0x8F, 0xC1, 0x37, 0x01, 0xC4, 0x42, 0x7D, 0x0B, 0x44,
	0x01, 0x5B, 0x35, 0x10, 0x08, 0xDA, 0x9F, 0xCC, 0x7A, 0x45, 0x02, 0xCB,
	0x1A, 0x52, 0x9E, 0x7A, 0x01, 0xC5, 0x07, 0x9A, 0x7A, 0xDB, 0x56, 0x8F,
	0xC1, 0x3C, 0x01, 0xC4, 0x47, 0x5B, 0x9E, 0x7A, 0x01, 0xC5, 0x4F, 0x9A,
	0x7A, 0x37, 0xF6, 0x11, 0x86, 0x07, 0x58, 0x35, 0x19, 0x29, 0x86, 0x05,
	0x64, 0x37, 0x56, 0x23, 0x86, 0x01, 0x4A, 0x40, 0x1E, 0x35, 0x7D, 0x13,
	0x53, 0xDA, 0x98, 0x35, 0x12, 0x02, 0xCA, 0x50, 0x85, 0x61, 0x44, 0x02,
	0xCB, 0xFF, 0x9E, 0x7A, 0x01, 0xC5, 0x5A, 0x89, 0xF4, 0x24, 0x43, 0x03,
	0x86, 0xF4, 0x24, 0x05, 0xBA, 0x01, 0x0A, 0xBA, 0x01, 0x0C, 0xBA, 0x01,
	0x0E, 0xBA, 0x01, 0x10, 0x75, 0xF5, 0x07, 0x40, 0x1D, 0xDA, 0x9F, 0x37,
	0x16, 0x06, 0x37, 0x19, 0x03, 0x56, 0x47, 0x0E, 0x79, 0x20, 0x5B, 0x44,
	0x09, 0x79, 0x3D, 0xD0, 0x44, 0x04, 0xCC, 0xA8, 0x45, 0x01, 0x52, 0x92,
	0x9F, 0x63, 0x40, 0x65, 0xBE, 0x01, 0x3A, 0xFA, 0x02, 0x37, 0x47, 0x17,
	0x37, 0x54, 0x0A, 0x37, 0x5D, 0x07, 0x81, 0x80, 0x06, 0x44, 0x02, 0xCA,
	0xFF, 0x5B, 0xC1, 0x80, 0x44, 0x02, 0xCB, 0xFF, 0x01, 0xC5, 0x4F, 0xFB,
	0x01, 0x1C, 0x4B, 0x03, 0x01, 0xC5, 0x4F, 0x6E, 0x01, 0xD1, 0xA1, 0x52,
	0xD1, 0x62, 0x80, 0x00, 0x87, 0x01, 0x00, 0x9A, 0x78, 0x2E, 0xAE, 0x00,
	0x01, 0xC4, 0xF5, 0x01, 0xC4, 0xDC, 0xB3, 0x01, 0xCA, 0xFA, 0x01, 0xD1,
	0x92, 0x4E, 0x01, 0xDB, 0xA3, 0xDA, 0x4E, 0xB2, 0x01, 0xD1, 0xB6, 0x01,
	0xC6, 0x01, 0xC4, 0xC9, 0x97, 0x78, 0x88, 0x01, 0x99, 0x44, 0x02, 0x52,
	0x53, 0x7E, 0x01, 0xC4, 0xF5, 0xBA, 0x01, 0x38, 0x63, 0x8E, 0x00, 0x80,
	0xFA, 0x02, 0x30, 0x0C, 0xFA, 0x02, 0x31, 0x0C, 0x0C, 0xFA, 0x02, 0x34,
	0x0C, 0x0C, 0x0C, 0x0C, 0x37, 0x56, 0x05, 0xFA, 0x02, 0x33, 0x0C, 0x0C,
	0xFA, 0x02, 0x36, 0x0C, 0x3C, 0xF5, 0x01, 0x20, 0x84, 0x00, 0x06, 0x3E,
	0xFB, 0x02, 0x3B, 0xCD, 0x80, 0x47, 0x04, 0x01, 0xC4, 0xF1, 0x3E, 0xB6,
	0x02, 0x2C, 0x01, 0xC5, 0x07, 0x3E, 0x37, 0x56, 0x05, 0xDB, 0x60, 0x01,
	0xC5, 0x4F, 0xFB, 0x02, 0x35, 0x01, 0xC4, 0xF1, 0xBA, 0x01, 0x3A, 0x75,
	0x18, 0xDA, 0x9A, 0x35, 0x12, 0x02, 0xCA, 0x66, 0x81, 0x04, 0x9A, 0x79,
	0xB6, 0x01, 0x98, 0x98, 0x79, 0x44, 0x03, 0x01, 0xC4, 0xE7, 0x3E, 0xCA,
	0x19, 0x01, 0xC5, 0x5B, 0x01, 0xC4, 0xE9, 0x37, 0x38, 0x05, 0x87, 0x00,
	0x10, 0x49, 0x05, 0x58, 0x4B, 0x05, 0x47, 0x04, 0xCB, 0xFF, 0x41, 0x53,
	0xB3, 0x01, 0x43, 0x40, 0x15, 0x96, 0x52, 0x58, 0x46, 0x01, 0x53, 0x9A,
	0x78, 0xFA, 0x01, 0x43, 0x81, 0x40, 0x97, 0x78, 0x44, 0x03, 0x86, 0xFF,
	0xFF, 0x63, 0x03, 0xE7, 0xCD, 0x01, 0xE7, 0x67, 0xB2, 0x01, 0x37, 0x3C,
	0xB2, 0x01, 0x45, 0xFB, 0x01, 0x44, 0x01, 0xC5, 0x4F, 0x0A, 0x01, 0x31,
	0x96, 0x50, 0x35, 0x10, 0x06, 0x35, 0x16, 0x03, 0x37, 0xF7, 0x03, 0x03,
	0xE6, 0x27, 0xB6, 0x01, 0x0A, 0x87, 0x05, 0x91, 0x44, 0x03, 0x86, 0xFF,
	0xFF, 0x04, 0x04, 0x04, 0x9A, 0x78, 0xFA, 0x01, 0x09, 0x81, 0xAB, 0x87,
	0x05, 0x3F, 0x44, 0x03, 0x86, 0xFF, 0xFF, 0x88, 0x07, 0x55, 0x01, 0xC4,
	0xDC, 0x5A, 0x8F, 0x00, 0xF6, 0xA1, 0x80, 0x87, 0x01, 0x00, 0x45, 0x04,
	0x97, 0x78, 0x44, 0x02, 0xCA, 0xFF, 0xCC, 0x0E, 0x43, 0x02, 0xCA, 0x0E,
	0x6C, 0x10, 0x92, 0x7B, 0x37, 0xD7, 0x29, 0x61, 0x84, 0x01, 0xC4, 0xCA,
	0x9A, 0x78, 0xDA, 0x5E, 0x92, 0x7A, 0x91, 0x7B, 0x79, 0x00, 0x7A, 0x4A,
	0x09, 0xD4, 0x7B, 0x97, 0x78, 0x45, 0x05, 0x52, 0x53, 0x8C, 0x97, 0x78,
	0x06, 0x06, 0x06, 0x01, 0xE7, 0x6D, 0xFB, 0x01, 0x44, 0x01, 0xC5, 0x4F,
	0x7C, 0x92, 0x7B, 0xB6, 0x01, 0x33, 0x9A, 0x78, 0x6E, 0x8F, 0x00, 0x78,
	0xDB, 0x7A, 0x01, 0xC5, 0x6D, 0x7E, 0x70, 0x7B, 0x46, 0xF2, 0x75, 0x18,
	0xB8, 0x01, 0x35, 0x44, 0x03, 0x01, 0xC4, 0xE7, 0x68, 0xDA, 0x50, 0xC4,
	0x61, 0x43, 0x0E, 0x8E, 0x00, 0x00, 0x01, 0xC5, 0x5B, 0x87, 0x01, 0x00,
	0x7E, 0x01, 0xC5, 0x07, 0x41, 0x78, 0x01, 0xC4, 0xE9, 0x37, 0x18, 0x08,
	0x97, 0x50, 0x45, 0x0B, 0x52, 0x53, 0x40, 0x07, 0x97, 0x50, 0x44, 0x03,
	0x86, 0xFF, 0xFF, 0xBA, 0x02, 0x08, 0xB6, 0x01, 0x31, 0xB8, 0x01, 0x35,
	0x45, 0x06, 0x4A, 0x08, 0xCA, 0x7F, 0x40, 0x04, 0x4B, 0x02, 0xCA, 0x80,
	0xB2, 0x01, 0x46, 0xB6, 0x01, 0x33, 0xB8, 0x01, 0x35, 0x45, 0x06, 0x4A,
	0x08, 0xCA, 0x7F, 0x40, 0x04, 0x4B, 0x02, 0xCA, 0x80, 0xB2, 0x01, 0x47,
	0x01, 0xEA, 0x22, 0x01, 0xE8, 0x65, 0xFA, 0x01, 0xD6, 0x92, 0x4E, 0x37,
	0x16, 0x03, 0x03, 0xE7, 0x5E, 0xCA, 0x61, 0xD4, 0x98, 0x44, 0x01, 0x52,
	0x81, 0x12, 0x68, 0x01, 0xC4, 0xDB, 0x93, 0xFC, 0x78, 0xB7, 0x02, 0x08,
	0x44, 0x03, 0x86, 0xFF, 0xFF, 0x89, 0x00, 0x00, 0x44, 0x06, 0x86, 0x00,
	0x00, 0x77, 0x58, 0x8C, 0x75, 0x58, 0x01, 0xC4, 0xCC, 0x3E, 0x6E, 0xFA,
	0x01, 0xCA, 0x01, 0xC5, 0x5B, 0x8E, 0x64, 0x00, 0x35, 0xD6, 0x03, 0x8E,
	0x64, 0x00, 0x01, 0xC5, 0x9B, 0x88, 0x33, 0x33, 0x44, 0x02, 0x52, 0x53,
	0xBA, 0x01, 0xC8, 0x7E, 0xB6, 0x01, 0x38, 0x01, 0xC4, 0xCC, 0x01, 0xC5,
	0x07, 0x35, 0x10, 0x16, 0x9A, 0x78, 0xB6, 0x01, 0x27, 0x4A, 0x08, 0x97,
	0x78, 0x45, 0x0B, 0x52, 0x53, 0x40, 0x07, 0x97, 0x78, 0x44, 0x03, 0x86,
	0xFF, 0xFF, 0x9A, 0x78, 0x79, 0x30, 0x59, 0x44, 0x08, 0x79, 0x2C, 0x59,
	0x44, 0x05, 0x75, 0x3E, 0x8C, 0x77, 0x3E, 0x79, 0x39, 0x50, 0x45, 0x10,
	0x35, 0x56, 0x0D, 0x79, 0xCA, 0x57, 0x45, 0x08, 0x79, 0xD2, 0x57, 0x45,
	0x05, 0x77, 0x1E, 0x8C, 0x75, 0x1E, 0x8F, 0x01, 0x12, 0x8E, 0xC2, 0x5B,
	0x37, 0x3E, 0x03, 0x8E, 0xC2, 0x5F, 0x6E, 0x6F, 0xEA, 0x00, 0x9E, 0x78,
	0x35, 0x10, 0x03, 0x35, 0x1E, 0x01, 0x52, 0x01, 0xC5, 0x5B, 0x97, 0x78,
	0x44, 0x03, 0x86, 0xFF, 0xFF, 0x8F, 0xC3, 0xB9, 0x21, 0xA7, 0x7F, 0x7E,
	0x8A, 0x8D, 0x01, 0x18, 0x42, 0x03, 0x1C, 0x40, 0xD9, 0x35, 0xF6, 0x03,
	0x37, 0x7D, 0x1B, 0x86, 0x02, 0x94, 0x35, 0x56, 0x03, 0x86, 0x0A, 0xC8,
	0x05, 0xBA, 0x01, 0x0A, 0xBA, 0x01, 0x0C, 0xBA, 0x01, 0x0E, 0xBA, 0x01,
	0x10, 0x77, 0xF5, 0x07, 0x40, 0x14, 0x8E, 0x01, 0x0A, 0x8F, 0x01, 0x12,
	0x05, 0x1B, 0xAA, 0x00, 0x1C, 0x1C, 0x8C, 0x01, 0x10, 0x43, 0xF6, 0x77,
	0xF5, 0x07, 0xDA, 0x4E, 0xB2, 0x01, 0xD6, 0x01, 0xF3, 0x75, 0x63, 0x01,
	0xE5, 0x39, 0x04, 0x04, 0x04, 0xCC, 0x05, 0x45, 0x0A, 0xC0, 0x05, 0x04,
	0xCC, 0x08, 0x45, 0x03, 0xC0, 0x08, 0x04, 0x3E, 0x96, 0x59, 0x04, 0x04,
	0xCC, 0x06, 0x45, 0x03, 0xC0, 0x06, 0x04, 0x8F, 0xC0, 0x06, 0x01, 0xC4,
	0x8A, 0x68, 0x01, 0xC4, 0xCD, 0x3E, 0x96, 0x59, 0x8F, 0xC0, 0xC7, 0x01,
	0xC4, 0x85, 0x92, 0x7A, 0x7E, 0x63, 0xBE, 0x01, 0x31, 0x37, 0x16, 0x03,
	0x0A, 0x01, 0x33, 0x8F, 0x01, 0x33, 0xFB, 0x01, 0x37, 0x01, 0xC5, 0x6D,
	0x63, 0xB6, 0x01, 0x33, 0x35, 0x16, 0x12, 0xB8, 0x01, 0x35, 0x47, 0x10,
	0x14, 0x15, 0x18, 0x15, 0x89, 0x00, 0x00, 0x46, 0x01, 0x57, 0xB7, 0x01,
	0x35, 0xBA, 0x01, 0x35, 0x63, 0x8F, 0xC1, 0x68, 0xFB, 0x01, 0x29, 0x4A,
	0x03, 0x8F, 0xC1, 0x72, 0x96, 0x59, 0x01, 0xC4, 0x30, 0xB2, 0x01, 0x3C,
	0x35, 0xB4, 0x1A, 0x8F, 0xC1, 0x85, 0x01, 0xC4, 0x42, 0x61, 0x58, 0x9A,
	0x78, 0x8F, 0xC1, 0x7C, 0x01, 0xC4, 0x42, 0x97, 0x78, 0x44, 0x03, 0x86,
	0xFF, 0xFF, 0xBA, 0x01, 0x3D, 0x8F, 0xC1, 0x8E, 0x01, 0xC3, 0xEE, 0x9A,
	0x78, 0x8F, 0xC1, 0xB0, 0x01, 0xC3, 0xEE, 0x61, 0x36, 0xB7, 0x01, 0x3D,
	0x44, 0x03, 0x86, 0xFF, 0xFF, 0x61, 0x38, 0xBA, 0x01, 0x3F, 0x8F, 0xC1,
	0x9F, 0x01, 0xC3, 0xEE, 0x9A, 0x78, 0x8F, 0xC1, 0xC1, 0x01, 0xC3, 0xEE,
	0x61, 0x19, 0x61, 0x23, 0xBA, 0x01, 0x41, 0x03, 0xEA, 0x17, 0x37, 0xB4,
	0x0D, 0xB6, 0x01, 0x3D, 0x88, 0x00, 0x0C, 0x44, 0x02, 0x52, 0x53, 0xBA,
	0x01, 0x3D, 0x63, 0x3E, 0xDA, 0x96, 0x35, 0x12, 0x02, 0xCA, 0x00, 0x01,
	0xC5, 0x5B, 0x63, 0x97, 0x78, 0x44, 0x03, 0x86, 0xFF, 0xFF, 0x3E, 0xFA,
	0x02, 0x41, 0x01, 0xC5, 0x5B, 0xC0, 0x04, 0x44, 0x03, 0x86, 0xFF, 0xFF,
	0x63, 0x71, 0x71, 0x47, 0x03, 0x03, 0xEA, 0x0B, 0xB6, 0x02, 0x08, 0x8F,
	0xC1, 0x54, 0x01, 0xC4, 0x30, 0x04, 0x35, 0xB4, 0x17, 0xBA, 0x01, 0x2B,
	0xBA, 0x01, 0x2D, 0xBA, 0x01, 0x2F, 0x52, 0x53, 0xBA, 0x01, 0x29, 0xBA,
	0x01, 0x27, 0x33, 0xFF, 0xAA, 0x03, 0xEA, 0x0B, 0x68, 0xBE, 0x01, 0x2F,
	0xB9, 0x01, 0x2F, 0x44, 0x04, 0x3E, 0xB6, 0x01, 0x2F, 0x9A, 0x78, 0x3A,
	0x7A, 0x8F, 0x00, 0x78, 0xB6, 0x01, 0x2B, 0x01, 0xC3, 0xE0, 0x68, 0x75,
	0x18, 0xB8, 0x01, 0x2B, 0x44, 0x03, 0x01, 0xC4, 0xE7, 0x89, 0x01, 0x00,
	0x45, 0x29, 0x3E, 0xFA, 0x02, 0x40, 0x37, 0x18, 0x03, 0xFA, 0x02, 0x3F,
	0x54, 0xCC, 0x00, 0x46, 0x01, 0x50, 0x81, 0x80, 0x01, 0xC5, 0x07, 0x3C,
	0x01, 0xC4, 0xE9, 0xB7, 0x01, 0x29, 0x48, 0x08, 0x86, 0x7F, 0xFF, 0x37,
	0x18, 0x02, 0x56, 0x57, 0xBA, 0x01, 0x29, 0x78, 0xBA, 0x01, 0x2B, 0x8F,
	0x00, 0x78, 0xB6, 0x01, 0x2D, 0x01, 0xC3, 0xE0, 0xBA, 0x01, 0x2D, 0x78,
	0x3F, 0x37, 0x13, 0x02, 0x72, 0xAA, 0x79, 0x02, 0xAA, 0x44, 0x08, 0x76,
	0xAA, 0x35, 0x56, 0x03, 0x87, 0x01, 0xF4, 0xB8, 0x01, 0x2D, 0xBE, 0x01,
	0x2D, 0x0A, 0x01, 0x2F, 0xBE, 0x01, 0x2B, 0x0A, 0x01, 0x2D, 0x69, 0x0A,
	0x01, 0x2B, 0x75, 0x18, 0x44, 0x03, 0x01, 0xC4, 0xE7, 0x3E, 0xFB, 0x02,
	0x3D, 0x37, 0x18, 0x03, 0xFB, 0x02, 0x3E, 0x01, 0xC5, 0x4F, 0x9A, 0x78,
	0x8F, 0xC1, 0x63, 0x01, 0xC4, 0x37, 0x92, 0x7A, 0xFA, 0x02, 0x3F, 0x37,
	0x18, 0x03, 0xFA, 0x02, 0x40, 0x91, 0x7A, 0x06, 0x44, 0x02, 0xCA, 0xFF,
	0x5B, 0x55, 0xCD, 0x00, 0x46, 0x01, 0x51, 0x6D, 0x9E, 0x78, 0x01, 0xC5,
	0x5B, 0x58, 0x4A, 0x03, 0x86, 0x7F, 0xFF, 0x01, 0xC4, 0xE9, 0x9A, 0x7A,
	0x9E, 0x78, 0x7C, 0x81, 0x80, 0x01, 0xC5, 0x07, 0x3C, 0x01, 0xC4, 0xE9,
	0x9A, 0x78, 0x75, 0x18, 0xB6, 0x01, 0x29, 0x4A, 0x03, 0x01, 0xC4, 0xE7,
	0x3E, 0x68, 0xFA, 0x01, 0x3C, 0x6C, 0x81, 0x80, 0x04, 0x04, 0x54, 0x55,
	0x84, 0x00, 0x89, 0x00, 0x00, 0x46, 0x02, 0x50, 0x51, 0x01, 0xC5, 0x07,
	0x3C, 0x01, 0xC4, 0xE9, 0x97, 0x78, 0x48, 0x08, 0x86, 0x7F, 0xFF, 0x37,
	0x18, 0x02, 0x56, 0x57, 0x01, 0xEA, 0x0C, 0xBA, 0x01, 0x29, 0x7C, 0x7E,
	0x01, 0xC5, 0x5B, 0x04, 0x04, 0x01, 0xC4, 0xE9, 0x97, 0x7A, 0x48, 0x08,
	0x86, 0x7F, 0xFF, 0x37, 0x18, 0x02, 0x56, 0x57, 0x01, 0xEA, 0x0C, 0x3E,
	0x75, 0x18, 0x58, 0x4A, 0x03, 0x01, 0xC4, 0xE7, 0x68, 0x89, 0x00, 0x20,
	0x44, 0x22, 0x86, 0x00, 0x40, 0x92, 0x79, 0x93, 0x7B, 0xFA, 0x01, 0x41,
	0x92, 0x7A, 0xFA, 0x01, 0x3F, 0x92, 0x7C, 0x33, 0x02, 0x78, 0x3C, 0x87,
	0x00, 0x20, 0x5A, 0x53, 0x8F, 0x00, 0x78, 0x01, 0xC3, 0xF4, 0x40, 0x09,
	0xB6, 0x01, 0x3F, 0x37, 0x18, 0x03, 0xB6, 0x01, 0x41, 0x3E, 0x78, 0x06,
	0x01, 0xC5, 0x07, 0x01, 0xC5, 0x39, 0x01, 0xC4, 0xE9, 0xBA, 0x01, 0x27,
	0x01, 0xE8, 0x32, 0x63, 0x58, 0x4A, 0x07, 0x79, 0x7A, 0xD0, 0x44, 0x02,
	0x52, 0x53, 0x63, 0x61, 0x09, 0x01, 0xE8, 0x65, 0x00, 0x00, 0x00, 0x03,
	0xC7, 0x49, 0x79, 0x3D, 0xC7, 0x45, 0x06, 0x77, 0x55, 0x75, 0x95, 0x75,
	0x15, 0x8F, 0xC2, 0x67, 0xDA, 0x56, 0x53, 0x01, 0xC3, 0xF4, 0x92, 0x78,
	0x8F, 0xC2, 0x72, 0x01, 0xC3, 0xF2, 0x91, 0x78, 0x01, 0xC4, 0xCB, 0xBA,
	0x01, 0x73, 0x8F, 0xC2, 0x7D, 0x01, 0xC3, 0xF2, 0xB2, 0x01, 0x72, 0xFA,
	0x01, 0xD2, 0x92, 0x4E, 0x8F, 0xC2, 0xF2, 0xDB, 0x5B, 0x01, 0xC4, 0x44,
	0x92, 0x7A, 0x35, 0x56, 0x09, 0xFA, 0x01, 0x33, 0xC0, 0x0A, 0xDC, 0x7A,
	0x44, 0x04, 0x77, 0x1E, 0x72, 0xA3, 0x79, 0xD2, 0x57, 0x45, 0x05, 0x79,
	0x78, 0x5B, 0x45, 0x02, 0x75, 0x1E, 0x37, 0x1E, 0x18, 0xFB, 0x01, 0x47,
	0xCD, 0x06, 0x4D, 0x11, 0xFA, 0x01, 0x33, 0xDC, 0x7A, 0x45, 0x0A, 0x8F,
	0xC2, 0xF7, 0x01, 0xC3, 0xF2, 0x92, 0xA3, 0x75, 0x1E, 0x40, 0x15, 0xDA,
	0xA3, 0x47, 0x07, 0xC4, 0x09, 0x44, 0x01, 0x52, 0x92, 0xA3, 0x63, 0xDA,
	0xA3, 0xCC, 0x2B, 0x43, 0x02, 0xCA, 0x2B, 0x63, 0xDA, 0x4E, 0xB2, 0x01,
	0xD2, 0xFA, 0x01, 0xD3, 0x92, 0x4E, 0x35, 0xD0, 0x27, 0x79, 0x5C, 0xD0,
	0x45, 0x22, 0xDB, 0xFB, 0x8F, 0xC2, 0xCD, 0x01, 0xC4, 0x44, 0xDC, 0x5B,
	0x43, 0x16, 0x79, 0x28, 0x5B, 0x45, 0x11, 0x79, 0x03, 0x5D, 0x45, 0x0C,
	0x79, 0xD2, 0x57, 0x45, 0x07, 0x79, 0x93, 0x56, 0x45, 0x02, 0x77, 0x3E,
	0xFA, 0x01, 0x47, 0xFB, 0x01, 0x33, 0x9A, 0x78, 0x37, 0x56, 0x04, 0x72,
	0xD9, 0x75, 0x3E, 0x37, 0x39, 0x06, 0x75, 0x1E, 0x75, 0x5E, 0x40, 0x3A,
	0xCC, 0xFE, 0x4D, 0x3B, 0x35, 0x5E, 0x0C, 0xCC, 0x05, 0x4D, 0x08, 0xCD,
	0x21, 0x45, 0x04, 0x72, 0xBD, 0x77, 0x5E, 0x8F, 0xC2, 0xE7, 0xDB, 0xFB,
	0x01, 0xC4, 0x44, 0xDC, 0xBD, 0x45, 0x20, 0x96, 0x78, 0x37, 0x3E, 0x1D,
	0x35, 0x1E, 0x1A, 0xCC, 0x09, 0x4D, 0x16, 0xCD, 0x4D, 0x45, 0x12, 0x79,
	0x1F, 0xD9, 0x44, 0x0D, 0x77, 0x7E, 0x77, 0x1E, 0x40, 0x07, 0xCA, 0xFF,
	0xB2, 0x01, 0x5E, 0x75, 0x7E, 0x96, 0x78, 0x37, 0x14, 0x03, 0x37, 0x56,
	0x08, 0xCC, 0x08, 0x4D, 0x0F, 0xCD, 0x26, 0x45, 0x0B, 0x52, 0x92, 0xDA,
	0xB2, 0x01, 0x62, 0xDA, 0x5B, 0xB2, 0x01, 0x67, 0x03, 0xEC, 0x24, 0x37,
	0x7E, 0x0C, 0xFB, 0x01, 0x57, 0x8F, 0xC2, 0xD4, 0x01, 0xC4, 0x44, 0xB2,
	0x01, 0x5E, 0x96, 0x59, 0x89, 0x54, 0x00, 0x44, 0x03, 0x01, 0xC8, 0xC0,
	0xBA, 0x01, 0x63, 0x3E, 0xB8, 0x01, 0x65, 0x45, 0x05, 0x01, 0xC4, 0xE0,
	0x40, 0x06, 0x53, 0xDA, 0x5B, 0xB2, 0x01, 0x67, 0xB3, 0x01, 0x61, 0x0A,
	0x01, 0x65, 0x35, 0x56, 0x1E, 0xDA, 0x5B, 0xF4, 0x01, 0x67, 0x44, 0x01,
	0x52, 0xCC, 0x0E, 0x44, 0x12, 0x37, 0x3E, 0x0F, 0xDA, 0xFB, 0xCC, 0x20,
	0x45, 0x09, 0xCC, 0x8D, 0x44, 0x05, 0x79, 0x99, 0xD9, 0x45, 0x08, 0x86,
	0xFF, 0xFE, 0xB2, 0x01, 0x62, 0x93, 0xDA, 0xFB, 0x01, 0x61, 0xF5, 0x01,
	0x62, 0x44, 0x01, 0x53, 0x8F, 0xC2, 0xDB, 0x01, 0xC4, 0x44, 0x68, 0x8F,
	0xC2, 0xEE, 0xDB, 0x52, 0x01, 0xC4, 0x3E, 0x5B, 0x7E, 0x01, 0xC5, 0x4F,
	0xF4, 0x01, 0x57, 0x45, 0x01, 0x52, 0x54, 0xB2, 0x01, 0x5F, 0xFC, 0x01,
	0x5E, 0x43, 0x03, 0xFA, 0x01, 0x5E, 0xF0, 0x01, 0x60, 0x44, 0x02, 0xCA,
	0xFF, 0xCC, 0x00, 0x44, 0x02, 0xCA, 0x00, 0xB2, 0x01, 0x5D, 0x63, 0xFB,
	0x01, 0xD3, 0xCF, 0x08, 0x46, 0x0C, 0xCB, 0x04, 0xF1, 0x01, 0x5E, 0x44,
	0x02, 0xCB, 0xFF, 0xB3, 0x01, 0x5E, 0x63, 0x52, 0x79, 0x14, 0xDA, 0x45,
	0x09, 0xFA, 0x01, 0x62, 0xC0, 0x04, 0x44, 0x02, 0xCA, 0xFF, 0xB2, 0x01,
	0x62, 0x63, 0x8F, 0xC2, 0xE2, 0x01, 0xC3, 0xEE, 0xB2, 0x01, 0x60, 0x63,
	0xDA, 0x4E, 0xB2, 0x01, 0xD3, 0x01, 0xF6, 0xC5, 0x71, 0x31, 0x47, 0x03,
	0x03, 0xEF, 0xB0, 0x01, 0xEA, 0x97, 0xDA, 0x57, 0x79, 0x32, 0x59, 0x45,
	0x04, 0xCC, 0x86, 0x44, 0x0C, 0xCC, 0xDC, 0x44, 0x08, 0x35, 0x56, 0x42,
	0x79, 0x61, 0x50, 0x43, 0x15, 0xFA, 0x01, 0x56, 0xC4, 0x80, 0x47, 0x3D,
	0x42, 0x04, 0xC0, 0x01, 0x40, 0x02, 0xC4, 0x01, 0x45, 0x33, 0xC0, 0x80,
	0x40, 0x31, 0x92, 0x78, 0x8F, 0xC2, 0x84, 0x01, 0xC3, 0xF0, 0x92, 0x7C,
	0xDA, 0x78, 0x8F, 0xC2, 0x95, 0x01, 0xC3, 0xF0, 0x92, 0x7A, 0x86, 0x4E,
	0x57, 0x92, 0x79, 0x93, 0x7B, 0x33, 0x02, 0x78, 0x96, 0x50, 0x8F, 0x00,
	0x78, 0x01, 0xC3, 0xF4, 0x40, 0x09, 0x8F, 0xC2, 0xA6, 0x01, 0xC3, 0xF0,
	0x8C, 0xCA, 0x80, 0xB2, 0x01, 0x56, 0xFA, 0x01, 0xD4, 0x92, 0x4E, 0xCA,
	0x55, 0x37, 0x56, 0x1E, 0x79, 0x5C, 0xD0, 0x45, 0x19, 0x79, 0x3D, 0xD2,
	0x45, 0x14, 0x96, 0x74, 0x87, 0x00, 0xC0, 0x98, 0x59, 0x44, 0x02, 0x52,
	0x53, 0x01, 0xC4, 0xE0, 0x8F, 0xC2, 0xB7, 0x01, 0xC4, 0x44, 0x92, 0x78,
	0x75, 0x1E, 0x35, 0xD6, 0x07, 0x37, 0x3E, 0x0A, 0x75, 0x3E, 0x40, 0x04,
	0x71, 0x3E, 0x46, 0x02, 0x77, 0x1E, 0x35, 0xD2, 0x07, 0x37, 0x5E, 0x0A,
	0x75, 0x5E, 0x40, 0x04, 0x71, 0x5E, 0x46, 0x02, 0x77, 0x1E, 0x35, 0x16,
	0x1C, 0x37, 0x56, 0x21, 0x79, 0x28, 0x5B, 0x44, 0x1C, 0x79, 0x15, 0x5B,
	0x45, 0x17, 0x79, 0x02, 0x5D, 0x44, 0x12, 0x79, 0xE4, 0x57, 0x45, 0x0D,
	0x35, 0x1E, 0x0A, 0x40, 0x22, 0x52, 0x53, 0xBA, 0x01, 0x7F, 0xBA, 0x01,
	0x81, 0x72, 0xD8, 0x61, 0x0C, 0x61, 0x03, 0x03, 0xED, 0x6E, 0x05, 0x52,
	0xB2, 0x01, 0x78, 0x07, 0x63, 0x86, 0x80, 0x80, 0xBA, 0x01, 0x7B, 0xBA,
	0x01, 0x7D, 0x63, 0xFA, 0x01, 0x78, 0xCC, 0x20, 0x45, 0x44, 0x61, 0xE6,
	0x8F, 0x01, 0x7B, 0x6F, 0x7E, 0x1D, 0x8D, 0x01, 0x7F, 0x44, 0x08, 0xEA,
	0x00, 0xEC, 0x80, 0x44, 0xF4, 0x40, 0xF0, 0xEA, 0x00, 0xCC, 0x83, 0x45,
	0x0E, 0xEA, 0x04, 0xC0, 0x09, 0xCC, 0x33, 0x43, 0x02, 0xCA, 0x33, 0xA2,
	0x04, 0x61, 0xC6, 0x8F, 0x01, 0x7F, 0x1A, 0x47, 0x15, 0x8D, 0x01, 0x83,
	0x45, 0xF8, 0x8F, 0x01, 0x7F, 0xEA, 0x80, 0xC4, 0x09, 0x44, 0x01, 0x52,
	0x82, 0x8D, 0x01, 0x83, 0x45, 0xF3, 0xDA, 0xD8, 0x46, 0x13, 0x05, 0x8F,
	0x01, 0x7F, 0xCA, 0x2B, 0xEC, 0x80, 0x44, 0x02, 0xA2, 0x80, 0x1D, 0x8D,
	0x01, 0x83, 0x45, 0xF4, 0x07, 0xDB, 0x78, 0x79, 0x06, 0xD8, 0x45, 0x35,
	0x52, 0x53, 0x8F, 0x01, 0x7F, 0xE1, 0x80, 0x80, 0x00, 0x1D, 0x8D, 0x01,
	0x83, 0x45, 0xF6, 0x01, 0xC4, 0xDF, 0x93, 0x79, 0xDB, 0xA1, 0x11, 0x11,
	0x11, 0x11, 0xC1, 0x02, 0xC3, 0x03, 0x8F, 0x01, 0x7F, 0x0F, 0x52, 0xDB,
	0x78, 0xE1, 0x80, 0x80, 0x00, 0xD5, 0x79, 0x84, 0x00, 0x47, 0x06, 0x45,
	0x03, 0xCB, 0xFF, 0x41, 0x53, 0x8F, 0xC3, 0xBF, 0x21, 0x98, 0xB3, 0x01,
	0x58, 0x40, 0x52, 0x79, 0x5C, 0xD8, 0x45, 0x33, 0x8E, 0x01, 0x7B, 0xDA,
	0xA2, 0x10, 0x10, 0x10, 0x10, 0xC2, 0x03, 0x0C, 0xEA, 0x00, 0x81, 0x07,
	0x68, 0x96, 0xF6, 0xB8, 0x01, 0x79, 0x7F, 0x87, 0x04, 0x24, 0x4A, 0x02,
	0x52, 0x53, 0x01, 0xC4, 0xDE, 0xCD, 0xB3, 0x45, 0x14, 0xEA, 0x04, 0x47,
	0x07, 0xC4, 0x1A, 0x44, 0x01, 0x52, 0xA2, 0x04, 0x01, 0xED, 0x19, 0x52,
	0xB2, 0x01, 0x78, 0x40, 0x07, 0x0F, 0x3D, 0x01, 0xC4, 0xDE, 0xA3, 0x00,
	0x96, 0xF6, 0xBA, 0x01, 0x79, 0xFA, 0x01, 0x78, 0x56, 0xB2, 0x01, 0x78,
	0x63, 0xDA, 0x4E, 0xB2, 0x01, 0xD4, 0xFA, 0x02, 0x3C, 0x37, 0x56, 0x37,
	0x5B, 0x52, 0x06, 0x87, 0x00, 0x55, 0xF5, 0x01, 0x58, 0x84, 0x00, 0x44,
	0x02, 0x52, 0x53, 0x01, 0xC4, 0xE0, 0x93, 0x78, 0x8F, 0xC2, 0xC0, 0xDB,
	0x5B, 0x01, 0xC4, 0x47, 0x8E, 0xC2, 0xC9, 0x37, 0xD6, 0x01, 0x1C, 0x35,
	0xD2, 0x02, 0x1C, 0x1C, 0xEC, 0x00, 0x44, 0x02, 0xEA, 0x00, 0xDC, 0x78,
	0x43, 0x05, 0x01, 0xED, 0x12, 0xDA, 0x78, 0xB2, 0x01, 0x55, 0xFB, 0x01,
	0x5C, 0xDA, 0xA6, 0xCC, 0xFF, 0x47, 0x1B, 0x58, 0x46, 0x0A, 0xCB, 0x2B,
	0x35, 0x53, 0x1B, 0x35, 0x73, 0x18, 0x40, 0x11, 0xCC, 0x0C, 0x44, 0x06,
	0xC5, 0x01, 0x44, 0x09, 0x40, 0x04, 0xC5, 0x09, 0x44, 0x03, 0x53, 0xCA,
	0xFE, 0x56, 0x47, 0x02, 0x92, 0xA6, 0xB3, 0x01, 0x5C, 0x40, 0x2A, 0x37,
	0x73, 0x11, 0x79, 0x0A, 0x5D, 0x45, 0x09, 0x79, 0x29, 0x52, 0x45, 0x04,
	0x72, 0xA6, 0x40, 0x03, 0x33, 0xFF, 0xA6, 0x63, 0x37, 0x53, 0x11, 0x79,
	0x0A, 0x5D, 0x45, 0x09, 0x79, 0x29, 0x52, 0x45, 0x04, 0x72, 0xA6, 0x40,
	0x03, 0x33, 0xFF, 0xA6, 0x63, 0x01, 0xEA, 0xA3, 0xF0, 0x02, 0x16, 0x44,
	0x02, 0xCA, 0xFF, 0xFB, 0x02, 0x43, 0xCF, 0x0F, 0x47, 0x06, 0xC0, 0x1A,
	0x44, 0x02, 0xCA, 0xFF, 0xF0, 0x01, 0x5C, 0x44, 0x02, 0xCA, 0xFF, 0xB2,
	0x02, 0x1B, 0xFA, 0x01, 0xD5, 0x92, 0x4E, 0x79, 0x87, 0x5C, 0x42, 0x05,
	0x79, 0x24, 0x5B, 0x44, 0x04, 0x75, 0xDE, 0x40, 0x34, 0x35, 0xD0, 0x31,
	0x37, 0xDE, 0x07, 0x75, 0xDE, 0x86, 0x00, 0x00, 0x40, 0x29, 0xB6, 0x01,
	0x5A, 0xCC, 0xFE, 0x44, 0x20, 0x35, 0x56, 0x0F, 0x89, 0x00, 0x56, 0x45,
	0x05, 0x87, 0x00, 0x09, 0x40, 0x15, 0x87, 0x00, 0x22, 0x40, 0x10, 0x89,
	0x00, 0x10, 0x45, 0x05, 0x87, 0x00, 0x09, 0x40, 0x06, 0x87, 0x00, 0x01,
	0x8C, 0xCA, 0xFE, 0xBA, 0x01, 0x5A, 0x40, 0x1C, 0x35, 0xD0, 0x18, 0x35,
	0x13, 0x15, 0x37, 0x74, 0x12, 0x37, 0xBE, 0x0F, 0x37, 0x56, 0x0C, 0x79,
	0x05, 0x5D, 0x45, 0x07, 0x79, 0xC4, 0x57, 0x45, 0x02, 0x77, 0xDE, 0x63,
	0xDA, 0x4E, 0xB2, 0x01, 0xD5, 0x52, 0xFB, 0x01, 0x55, 0xF1, 0x01, 0x56,
	0x16, 0xF1, 0x02, 0x39, 0x80, 0x00, 0x88, 0x00, 0x85, 0x4B, 0x0B, 0x89,
	0x00, 0xE7, 0x43, 0x02, 0xCB, 0xE7, 0xCD, 0x00, 0x44, 0x02, 0xCB, 0x00,
	0xB3, 0x01, 0x57, 0xFA, 0x01, 0xD3, 0x92, 0x4E, 0x01, 0xEB, 0x57, 0x35,
	0xB0, 0x09, 0x35, 0xF6, 0x06, 0x35, 0x10, 0x15, 0x37, 0x7D, 0x04, 0xCB,
	0x40, 0x40, 0x08, 0x37, 0xB9, 0x0B, 0x37, 0x56, 0x08, 0xCB, 0x40, 0xB3,
	0x01, 0x59, 0x03, 0xEF, 0xB0, 0xFB, 0x01, 0x59, 0xC1, 0x04, 0x45, 0x05,
	0xFD, 0x01, 0x57, 0x43, 0x03, 0xFB, 0x01, 0x57, 0x37, 0x19, 0x06, 0xCD,
	0x2B, 0x43, 0x02, 0xCB, 0x2B, 0xB3, 0x01, 0x59, 0x63, 0x75, 0xCD, 0x6E,
	0x6F, 0xDB, 0xA1, 0x4B, 0x1F, 0x79, 0x3F, 0xC2, 0x45, 0x1A, 0xFA, 0x01,
	0x89, 0x37, 0xCC, 0x04, 0x56, 0x46, 0x01, 0x50, 0x35, 0xC0, 0x0E, 0xCC,
	0x02, 0x47, 0x07, 0xCC, 0x06, 0x45, 0x05, 0x77, 0xFB, 0x8C, 0x75, 0xFB,
	0x52, 0xB2, 0x01, 0x89, 0x75, 0xCC, 0xDB, 0xA1, 0x37, 0xE0, 0x1E, 0x37,
	0xC0, 0x22, 0x59, 0x4B, 0x33, 0x5A, 0x57, 0xC2, 0x0F, 0xCC, 0x05, 0x45,
	0x2B, 0xC3, 0xF0, 0xC1, 0x10, 0x5A, 0xCD, 0x20, 0x47, 0x17, 0xCD, 0x40,
	0x46, 0x1E, 0x52, 0x40, 0x10, 0x52, 0xCD, 0x35, 0x47, 0x15, 0x40, 0x06,
	0xCA, 0x20, 0xCD, 0x15, 0x47, 0x0D, 0x59, 0x4B, 0x0A, 0x37, 0x50, 0x07,
	0x35, 0x16, 0x04, 0x77, 0x78, 0x77, 0x3B, 0x5B, 0x93, 0xA1, 0x40, 0x2F,
	0x86, 0x55, 0x00, 0x8F, 0x00, 0xF0, 0x8A, 0x8A, 0x8A, 0x86, 0xFF, 0xFF,
	0x9A, 0xF6, 0x92, 0xA1, 0x92, 0xA2, 0x63, 0x37, 0x19, 0x11, 0x71, 0xF4,
	0x46, 0x14, 0x79, 0x0C, 0xAE, 0x45, 0x0F, 0xCA, 0xFF, 0x92, 0xA1, 0x92,
	0xA2, 0x40, 0x07, 0x37, 0xF4, 0x04, 0x75, 0xF4, 0x72, 0xAE, 0x63, 0x01,
	0xF4, 0x6F, 0x75, 0x72, 0x77, 0x2D, 0x7F, 0x7E, 0x73, 0x01, 0xCD, 0x35,
	0x01, 0xDD, 0x2A, 0x9E, 0x18, 0x0A, 0x01, 0x05, 0x52, 0xDB, 0xA1, 0x4A,
	0x02, 0xCA, 0x08, 0x7A, 0xC7, 0x7B, 0xA2, 0x59, 0x4B, 0x1C, 0xDB, 0xA2,
	0xC3, 0x07, 0xCF, 0x01, 0x46, 0x1F, 0x8F, 0x00, 0xF0, 0x0F, 0xCC, 0x08,
	0x44, 0x08, 0x3C, 0xB8, 0x01, 0x07, 0xCC, 0x55, 0x45, 0x03, 0x86, 0x55,
	0x00, 0x8A, 0x0A, 0x01, 0x07, 0x96, 0xF0, 0x97, 0xF2, 0x97, 0xF4, 0x9A,
	0xF6, 0xDB, 0xA2, 0x4A, 0x03, 0x03, 0xF2, 0x6F, 0xC3, 0x07, 0x6D, 0x46,
	0x02, 0x75, 0x31, 0xCD, 0x04, 0x46, 0x34, 0x35, 0x55, 0x31, 0x79, 0x3C,
	0x5B, 0x44, 0x2C, 0xCA, 0x02, 0xCB, 0x56, 0xB8, 0x01, 0x75, 0x04, 0x92,
	0xA4, 0x9E, 0xF4, 0x01, 0xC5, 0x5A, 0x79, 0x00, 0xA4, 0x47, 0x02, 0x97,
	0xF4, 0x88, 0x00, 0x35, 0xB7, 0x01, 0x07, 0xB8, 0x01, 0x73, 0x3E, 0x05,
	0x99, 0x08, 0x4A, 0x06, 0x37, 0x15, 0x03, 0x01, 0xF2, 0x29, 0x07, 0x7D,
	0x37, 0x55, 0x28, 0xCD, 0x03, 0x46, 0x02, 0x75, 0x95, 0x35, 0x95, 0x1C,
	0xCA, 0x2B, 0xB2, 0x01, 0x6F, 0xCA, 0x4B, 0xB2, 0x02, 0x18, 0x59, 0x46,
	0x05, 0x05, 0x75, 0x06, 0x40, 0x07, 0xCD, 0x05, 0x46, 0x06, 0x05, 0x77,
	0x06, 0x01, 0xF2, 0x5A, 0x03, 0xF2, 0x6F, 0x3F, 0xCD, 0x01, 0x47, 0x07,
	0xCD, 0x03, 0x47, 0x0A, 0x03, 0xF1, 0xE7, 0xFB, 0x01, 0x59, 0x75, 0xB5,
	0x40, 0x03, 0xFB, 0x01, 0x6F, 0x75, 0x95, 0x35, 0xF6, 0x11, 0x35, 0x10,
	0x19, 0x35, 0x7D, 0x0B, 0x37, 0x56, 0x13, 0x37, 0xB9, 0x10, 0x86, 0x00,
	0x80, 0x40, 0x03, 0x86, 0x00, 0x56, 0x3E, 0x04, 0xB3, 0x01, 0x6F, 0x3C,
	0x40, 0x47, 0xFD, 0x01, 0x5D, 0x45, 0x03, 0xFB, 0x01, 0x5D, 0x52, 0x06,
	0x9A, 0xA4, 0x52, 0xFB, 0x01, 0x57, 0x06, 0xF5, 0x02, 0x1B, 0x84, 0x00,
	0x44, 0x02, 0x52, 0x53, 0x99, 0xA4, 0x45, 0x02, 0x96, 0xA4, 0xB9, 0x01,
	0x5A, 0x45, 0x03, 0xB6, 0x01, 0x5A, 0x3E, 0x04, 0xB3, 0x01, 0x6F, 0xFA,
	0x01, 0x58, 0x0C, 0x3C, 0x88, 0x00, 0x55, 0x44, 0x02, 0x52, 0x53, 0x3E,
	0xFA, 0x02, 0x46, 0x79, 0x30, 0xA2, 0x44, 0x03, 0xFA, 0x02, 0x47, 0x0C,
	0x3C, 0x89, 0x01, 0xCD, 0x43, 0x03, 0x86, 0x01, 0xCD, 0x3E, 0x04, 0x11,
	0xC1, 0x35, 0xB3, 0x02, 0x18, 0x3C, 0x88, 0x00, 0x07, 0x44, 0x02, 0x52,
	0x53, 0xBA, 0x01, 0x75, 0x3D, 0xCA, 0x06, 0x09, 0xCB, 0x56, 0xB8, 0x01,
	0x75, 0x3E, 0xDA, 0x59, 0x81, 0xE9, 0x92, 0xA4, 0x3C, 0x11, 0xDD, 0xA4,
	0x44, 0x09, 0x50, 0x4A, 0x04, 0x52, 0xDB, 0xA4, 0x8C, 0xC1, 0x80, 0x56,
	0xBA, 0x01, 0x6B, 0x3C, 0x93, 0xA4, 0x5B, 0x52, 0x85, 0x06, 0x7B, 0xA4,
	0x85, 0x06, 0x5A, 0x01, 0xF2, 0x63, 0x79, 0x00, 0xA4, 0x47, 0x02, 0x97,
	0xF6, 0x88, 0x00, 0x35, 0xB7, 0x01, 0x05, 0x61, 0x24, 0x77, 0x15, 0xB6,
	0x01, 0x6B, 0x50, 0xB2, 0x01, 0x6B, 0x46, 0x7F, 0x5A, 0x61, 0x70, 0x93,
	0xA4, 0x5B, 0x52, 0x85, 0x03, 0x7B, 0xA4, 0x85, 0x03, 0xDA, 0xA4, 0x88,
	0x00, 0x35, 0xB7, 0x01, 0x05, 0x61, 0x39, 0x40, 0x66, 0xB8, 0x01, 0x73,
	0x3E, 0x79, 0x1D, 0xF6, 0x44, 0x17, 0xB8, 0x01, 0x70, 0x4B, 0x09, 0x04,
	0x58, 0x46, 0x0E, 0xFD, 0x01, 0x72, 0x44, 0x09, 0x52, 0xFB, 0x01, 0x72,
	0x06, 0xB7, 0x01, 0x70, 0x3E, 0x0A, 0x01, 0x69, 0x05, 0x37, 0x06, 0x0C,
	0x96, 0x04, 0x87, 0x00, 0x04, 0x99, 0x08, 0x4A, 0x28, 0x56, 0x9A, 0x08,
	0x77, 0x06, 0x40, 0x10, 0xBA, 0x01, 0x69, 0x05, 0x35, 0x75, 0x04, 0x77,
	0xB5, 0x40, 0x16, 0x05, 0x75, 0x06, 0x75, 0x35, 0xB6, 0x01, 0x69, 0x88,
	0x00, 0x04, 0x99, 0x04, 0x4A, 0x02, 0x96, 0x04, 0x87, 0x00, 0x04, 0x9A,
	0x08, 0x07, 0x63, 0x3F, 0x91, 0xF6, 0x3E, 0x3D, 0x91, 0xF7, 0x80, 0x00,
	0x0C, 0x3C, 0x63, 0xDA, 0xA2, 0x4A, 0x03, 0x03, 0xF3, 0xAF, 0xB6, 0x01,
	0x0A, 0x35, 0x16, 0x21, 0x35, 0xB4, 0x53, 0x79, 0x18, 0x5B, 0x44, 0x05,
	0x79, 0x1F, 0xD0, 0x45, 0x14, 0x79, 0x11, 0xA2, 0x46, 0x0F, 0x04, 0x77,
	0xB4, 0x8E, 0xF3, 0x69, 0x01, 0xF3, 0xE7, 0x1C, 0x01, 0xF3, 0xE7, 0x40,
	0x29, 0x75, 0xB4, 0x8E, 0xF3, 0x69, 0x79, 0x12, 0xA2, 0x47, 0x13, 0x79,
	0x32, 0xA2, 0x47, 0x0E, 0x1C, 0x79, 0x02, 0xA2, 0x47, 0x08, 0x79, 0x22,
	0xA2, 0x47, 0x03, 0x03, 0xF3, 0x45, 0x37, 0xF5, 0x01, 0x04, 0x01, 0xF3,
	0xE7, 0x1C, 0x1C, 0x01, 0xF3, 0xE7, 0xCA, 0x02, 0xB2, 0x01, 0x4B, 0xCA,
	0x10, 0xB2, 0x01, 0x4D, 0x40, 0x54, 0xFB, 0x01, 0x4E, 0x5A, 0xCD, 0x35,
	0x42, 0xEC, 0xC3, 0x0F, 0xCD, 0x05, 0x42, 0xE6, 0xDC, 0xA2, 0x46, 0x61,
	0xFB, 0x01, 0x4B, 0xC3, 0x03, 0x8E, 0xF3, 0x69, 0x0E, 0x8F, 0x01, 0x0A,
	0x0F, 0x0F, 0xA6, 0x80, 0x01, 0xF3, 0xE7, 0xFA, 0x01, 0x4B, 0x56, 0xC2,
	0x03, 0xB2, 0x01, 0x4B, 0xB6, 0x01, 0x4C, 0x09, 0x45, 0x08, 0xCC, 0x05,
	0x43, 0x18, 0xCA, 0x05, 0x40, 0x14, 0xCC, 0xFD, 0x44, 0x0A, 0x6D, 0xFB,
	0x01, 0x4B, 0x11, 0x7D, 0x45, 0x02, 0x75, 0x71, 0xCC, 0xFB, 0x44, 0x02,
	0xCA, 0xFB, 0x08, 0xB2, 0x01, 0x4D, 0xFA, 0x01, 0x4B, 0x81, 0x06, 0xF1,
	0x01, 0x4D, 0xC5, 0x0C, 0x44, 0x02, 0xC1, 0x18, 0xCD, 0x18, 0x45, 0x02,
	0xC5, 0x18, 0x52, 0x85, 0x06, 0x13, 0x13, 0x13, 0x13, 0x08, 0xB2, 0x01,
	0x4E, 0x37, 0xB4, 0x1D, 0xFA, 0x01, 0x4E, 0x5B, 0xC2, 0x07, 0xC3, 0x30,
	0xC4, 0x03, 0x44, 0x06, 0xC5, 0x10, 0xC3, 0x30, 0xC0, 0x06, 0x08, 0xDC,
	0xA2, 0x46, 0x08, 0xFA, 0x01, 0x4B, 0x10, 0x45, 0x02, 0x75, 0x71, 0x40,
	0x46, 0x10, 0x40, 0x80, 0x20, 0xEF, 0xBF, 0x7F, 0xDF, 0x38, 0x3C, 0x3E,
	0x3A, 0xB6, 0x01, 0x0A, 0x87, 0x05, 0x91, 0x14, 0x15, 0x01, 0xC4, 0xCC,
	0x3E, 0x96, 0x59, 0x01, 0xC4, 0xCC, 0x01, 0xC5, 0x07, 0x85, 0x31, 0x8F,
	0xC2, 0x63, 0x35, 0x56, 0x02, 0x1D, 0x1D, 0x79, 0xB3, 0x57, 0x45, 0x01,
	0x1D, 0xEA, 0x80, 0xB2, 0x01, 0x09, 0xE1, 0x80, 0xCD, 0x1A, 0x43, 0x02,
	0xCB, 0x1A, 0xC5, 0x18, 0x55, 0xC1, 0x0A, 0xB3, 0x01, 0x4C, 0x63, 0x01,
	0xF5, 0x2A, 0xDA, 0xA2, 0xCC, 0x00, 0x47, 0x04, 0xCC, 0x20, 0x46, 0x02,
	0x75, 0x51, 0xC2, 0x07, 0x46, 0x0A, 0x75, 0x11, 0x75, 0x34, 0x01, 0xED,
	0xCB, 0x01, 0xCE, 0x29, 0x63, 0x01, 0xF4, 0x60, 0x40, 0x03, 0x01, 0xF4,
	0x5B, 0x44, 0x03, 0x03, 0xF4, 0x5A, 0x8E, 0xF3, 0x69, 0x61, 0x21, 0x1C,
	0x8C, 0xF3, 0x6C, 0x43, 0xF8, 0x40, 0x73, 0x61, 0x77, 0x45, 0x6F, 0x89,
	0x00, 0x0D, 0x45, 0x6A, 0x3F, 0xFA, 0x01, 0xDC, 0xC6, 0x02, 0xB2, 0x01,
	0xDC, 0x3D, 0x40, 0x09, 0x61, 0x5D, 0x45, 0x5A, 0x89, 0x00, 0x0D, 0x45,
	0x55, 0x68, 0x52, 0xEB, 0x08, 0x3F, 0x05, 0xDA, 0x25, 0xEE, 0x00, 0x46,
	0x08, 0x78, 0x68, 0xB7, 0x01, 0x1A, 0x6E, 0x40, 0x0E, 0xA6, 0x80, 0x98,
	0x04, 0xCC, 0xFF, 0x46, 0x02, 0x52, 0x53, 0x6E, 0x2E, 0xA7, 0x02, 0x44,
	0x03, 0x86, 0xFF, 0xFF, 0x68, 0x2E, 0x96, 0xF6, 0x89, 0x3D, 0x09, 0x43,
	0x03, 0x86, 0x3D, 0x09, 0x06, 0x06, 0xA9, 0x00, 0x45, 0x02, 0xA6, 0x00,
	0x7E, 0x7E, 0x97, 0x04, 0xAA, 0x80, 0x96, 0x26, 0xE6, 0x00, 0xE3, 0x04,
	0x9A, 0x26, 0x96, 0x26, 0xE2, 0x04, 0xE7, 0x00, 0x93, 0x27, 0x92, 0x26,
	0x78, 0x07, 0x63, 0x3F, 0xCA, 0x9C, 0x40, 0x03, 0x3F, 0xCA, 0x9F, 0xD2,
	0x43, 0x46, 0x05, 0x35, 0x93, 0x02, 0x65, 0x41, 0x67, 0x3D, 0x63, 0xDB,
	0xA1, 0xFA, 0x01, 0xB7, 0x59, 0x46, 0x04, 0x77, 0x22, 0x40, 0x06, 0xC3,
	0x07, 0x46, 0x05, 0x75, 0x22, 0x03, 0xF5, 0x15, 0x51, 0x46, 0x03, 0x03,
	0xF5, 0x0B, 0x51, 0x47, 0x03, 0x03, 0xF5, 0x29, 0x35, 0xB0, 0x75, 0x37,
	0x46, 0x72, 0x35, 0xAD, 0x6F, 0x35, 0xA9, 0x6C, 0x79, 0x7A, 0xBE, 0x43,
	0x67, 0x79, 0x7A, 0xC0, 0x43, 0x62, 0x5B, 0x37, 0xA2, 0x02, 0xC1, 0x04,
	0x11, 0x11, 0x11, 0x15, 0x48, 0x1E, 0x45, 0x4B, 0x79, 0x39, 0x59, 0x45,
	0x4F, 0x79, 0x90, 0x59, 0x44, 0x4A, 0x79, 0x03, 0xA7, 0x44, 0x04, 0x76,
	0xA7, 0x40, 0x41, 0x37, 0xF8, 0x3E, 0x77, 0xB6, 0x77, 0x1C, 0x40, 0x38,
	0x79, 0x0E, 0x59, 0x45, 0x33, 0x79, 0x90, 0x59, 0x44, 0x2E, 0xDB, 0x80,
	0xCF, 0x80, 0x46, 0x28, 0xC2, 0xF0, 0xC0, 0x10, 0xCC, 0xC0, 0x45, 0x05,
	0x77, 0x98, 0x52, 0x40, 0x04, 0xCC, 0x60, 0x46, 0x18, 0x75, 0x46, 0x85,
	0x00, 0x85, 0x00, 0x85, 0x00, 0x77, 0x46, 0x77, 0xB6, 0x40, 0x0A, 0x35,
	0x1C, 0x06, 0x75, 0xB6, 0x75, 0x98, 0x72, 0xA7, 0x52, 0x40, 0x1B, 0x75,
	0x22, 0x40, 0x02, 0x77, 0x22, 0x77, 0x02, 0x40, 0x14, 0x37, 0xA2, 0x02,
	0xC6, 0x08, 0x75, 0x02, 0x35, 0x82, 0x02, 0xC6, 0x02, 0x35, 0x62, 0x02,
	0xC6, 0x01, 0xB2, 0x01, 0xB7, 0x63, 0xDB, 0xA2, 0x4A, 0x03, 0x03, 0xF6,
	0xC4, 0xC3, 0x0F, 0x46, 0x02, 0x40, 0x07, 0xCD, 0x01, 0x46, 0x00, 0x03,
	0xF6, 0xC4, 0xFA, 0x01, 0xB8, 0x56, 0x47, 0x03, 0xB2, 0x01, 0xB8, 0xDA,
	0x59, 0xCC, 0x90, 0x44, 0x1D, 0xCC, 0x10, 0x45, 0x22, 0x35, 0x56, 0x1F,
	0xFA, 0x02, 0x3A, 0xCC, 0x04, 0x45, 0x18, 0x79, 0xD2, 0x57, 0x45, 0x13,
	0x77, 0xF8, 0x37, 0xB6, 0x17, 0xFA, 0x01, 0xB9, 0x40, 0x0D, 0x37, 0xF8,
	0x06, 0xFA, 0x01, 0xB3, 0xB2, 0x01, 0xB5, 0x75, 0xF8, 0xCA, 0x1A, 0x72,
	0xE3, 0x03, 0xF6, 0x00, 0xFA, 0x01, 0xB7, 0xC2, 0x03, 0x47, 0x3A, 0x8F,
	0xC3, 0x94, 0x0D, 0xEA, 0x80, 0xFB, 0x01, 0xB8, 0xCD, 0x04, 0x42, 0x0D,
	0x12, 0xCD, 0x01, 0x42, 0x08, 0x6D, 0xFB, 0x02, 0x16, 0x7D, 0x46, 0x01,
	0x12, 0xF0, 0x01, 0xB3, 0x44, 0x02, 0xCA, 0xFF, 0xB2, 0x01, 0xB3, 0xCD,
	0x04, 0x45, 0x0E, 0xF4, 0x01, 0xBA, 0x43, 0x09, 0x10, 0x10, 0x56, 0xF0,
	0x01, 0xBA, 0xB2, 0x01, 0xBA, 0x52, 0xB2, 0x01, 0xB8, 0xFA, 0x01, 0xB9,
	0x5B, 0xF4, 0x01, 0xBB, 0x44, 0x08, 0xF0, 0x01, 0xB3, 0x45, 0x08, 0x52,
	0x40, 0x05, 0xF0, 0x01, 0xB3, 0x45, 0x03, 0x0B, 0x43, 0x01, 0x5A, 0xFB,
	0x01, 0x57, 0x13, 0x45, 0x17, 0xF5, 0x02, 0x3A, 0x44, 0x12, 0xF1, 0x01,
	0xB9, 0x45, 0x01, 0x53, 0x0B, 0x43, 0x09, 0x5A, 0xCC, 0x1A, 0x44, 0x02,
	0xCA, 0x1A, 0x40, 0x0C, 0xFB, 0x01, 0x68, 0x46, 0x07, 0xFC, 0x01, 0xBA,
	0x42, 0x07, 0x5B, 0x8C, 0xCB, 0x1A, 0xB3, 0x01, 0xBA, 0xB2, 0x01, 0xB3,
	0xFA, 0x01, 0xB9, 0xB2, 0x01, 0xBB, 0x52, 0x35, 0x56, 0x2F, 0xFA, 0x01,
	0xB3, 0x79, 0xD2, 0x57, 0x44, 0x04, 0xC0, 0x00, 0x40, 0x13, 0xCB, 0x90,
	0xCD, 0x91, 0x44, 0x0D, 0x79, 0x90, 0x59, 0x45, 0x08, 0xFA, 0x01, 0xB5,
	0xF4, 0x03, 0x06, 0x40, 0x03, 0xF4, 0x01, 0xB9, 0x44, 0x08, 0xF0, 0x02,
	0x3A, 0x45, 0x06, 0x52, 0x40, 0x03, 0xFA, 0x02, 0x3A, 0xB2, 0x02, 0x16,
	0x79, 0x40, 0xCB, 0x44, 0x03, 0x03, 0xF6, 0xC4, 0x72, 0xCB, 0xFA, 0x01,
	0xB3, 0xC4, 0x02, 0x44, 0x01, 0x52, 0xFB, 0x02, 0x16, 0x46, 0x06, 0xCC,
	0x1A, 0x44, 0x02, 0xCA, 0x1A, 0xB2, 0x01, 0xB3, 0xFB, 0x01, 0xB9, 0x47,
	0x3A, 0xDA, 0x59, 0xCC, 0x18, 0x45, 0x34, 0xCC, 0x8C, 0x44, 0x30, 0xFA,
	0x01, 0xBA, 0xC4, 0x11, 0x44, 0x12, 0xFA, 0x01, 0xBC, 0x8F, 0xC3, 0x98,
	0x0D, 0xEA, 0x80, 0x08, 0xCC, 0xAB, 0x43, 0x02, 0xCA, 0xAB, 0x40, 0x0E,
	0xC4, 0x11, 0x43, 0x13, 0x02, 0x09, 0x45, 0x04, 0xCC, 0x1A, 0x44, 0x02,
	0xCA, 0x1A, 0x8F, 0x03, 0x04, 0xFB, 0x01, 0xBC, 0x0F, 0xA2, 0x80, 0x8E,
	0xC3, 0x9B, 0xFB, 0x01, 0xBC, 0x13, 0x0E, 0xDA, 0x5B, 0x53, 0xEC, 0x00,
	0x45, 0x06, 0x57, 0xEC, 0x01, 0x45, 0x01, 0x57, 0xB3, 0x01, 0xBC, 0x8F,
	0x03, 0x04, 0x0F, 0xEA, 0x80, 0xB2, 0x01, 0xB9, 0x63, 0x37, 0xB6, 0x0B,
	0x05, 0x86, 0x9A, 0x9A, 0xBA, 0x03, 0x04, 0xB2, 0x03, 0x06, 0x07, 0x79,
	0xD2, 0x57, 0x45, 0x0D, 0x35, 0xB6, 0x0A, 0xDA, 0x5C, 0xCC, 0x96, 0x44,
	0x06, 0xCC, 0x6A, 0x43, 0x02, 0x72, 0xCC, 0x79, 0x06, 0xCC, 0x45, 0x03,
	0x77, 0x42, 0x8C, 0x75, 0x42, 0x63, 0x6E, 0x6F, 0x75, 0x0C, 0x37, 0x05,
	0x79, 0x75, 0x15, 0x37, 0xB5, 0x07, 0x75, 0xB5, 0x01, 0xF2, 0x4B, 0x40,
	0x0B, 0x96, 0x08, 0x87, 0x3F, 0x7A, 0x9A, 0x08, 0x75, 0x06, 0x77, 0x35,
	0x71, 0x75, 0x46, 0x5C, 0x01, 0xDD, 0x53, 0x35, 0x8D, 0x38, 0xB6, 0x01,
	0x8A, 0x56, 0x46, 0x01, 0x50, 0xCC, 0x05, 0x45, 0x02, 0x77, 0x93, 0x79,
	0x3F, 0xC2, 0x45, 0x2E, 0x79, 0x3C, 0x59, 0x45, 0x08, 0x79, 0x73, 0x56,
	0x45, 0x24, 0x35, 0x19, 0x21, 0xCD, 0x01, 0x42, 0x02, 0x72, 0xC1, 0x57,
	0x46, 0x01, 0x51, 0xCD, 0x09, 0x45, 0x15, 0x79, 0x3F, 0xC1, 0x45, 0x10,
	0x77, 0x5B, 0x77, 0x9D, 0x40, 0x0A, 0x75, 0x8D, 0x75, 0x93, 0x75, 0x5B,
	0xCA, 0x01, 0xCB, 0x01, 0xBA, 0x01, 0x8A, 0x40, 0x0F, 0x35, 0x9D, 0x02,
	0x72, 0xE7, 0xC2, 0xFB, 0x79, 0x2E, 0xE7, 0x43, 0x02, 0xC6, 0x04, 0x63,
	0x40, 0x25, 0x96, 0x08, 0xBA, 0x01, 0x70, 0x35, 0xB0, 0x06, 0x35, 0x19,
	0x03, 0x75, 0x55, 0x8C, 0x77, 0x55, 0x37, 0x75, 0x04, 0x75, 0x75, 0x77,
	0x95, 0x35, 0x35, 0x0B, 0x35, 0x55, 0x08, 0x96, 0xF6, 0xB7, 0x01, 0x70,
	0x01, 0xF2, 0x09, 0x7F, 0x7E, 0x73, 0x75, 0x8C, 0x6E, 0x6F, 0xDA, 0xFE,
	0x5B, 0xC3, 0x03, 0x47, 0x05, 0xC0, 0x80, 0x44, 0x0B, 0x52, 0xCB, 0x00,
	0x93, 0xFD, 0x77, 0x2B, 0x67, 0x17, 0x93, 0x06, 0x92, 0xFE, 0x01, 0xD3,
	0x89, 0xDA, 0x04, 0x10, 0x10, 0x10, 0x44, 0x00, 0x75, 0x52, 0x77, 0x2D,
	0x7F, 0x7E, 0x73, 0x86, 0xAD, 0x19, 0x01, 0xC4, 0xB9, 0x01, 0xFB, 0x1D,
	0xDB, 0xAB, 0x71, 0x66, 0x47, 0x47, 0xFA, 0x02, 0x42, 0xCE, 0x04, 0x47,
	0x07, 0x35, 0x77, 0x1D, 0x77, 0x77, 0x40, 0x05, 0x37, 0x77, 0x16, 0x75,
	0x77, 0x72, 0xAC, 0xC1, 0x10, 0xCD, 0x20, 0x45, 0x2A, 0xCB, 0x20, 0xDA,
	0x6D, 0xC2, 0xFE, 0x92, 0x6D, 0x75, 0xF6, 0x40, 0x1E, 0x76, 0xAC, 0x79,
	0x16, 0xAC, 0x45, 0x17, 0x75, 0x77, 0x75, 0x66, 0x72, 0xAC, 0xC3, 0x0F,
	0x57, 0xCD, 0x03, 0x45, 0x0A, 0xCB, 0x03, 0xDA, 0x6D, 0xC6, 0x01, 0x92,
	0x6D, 0x77, 0xF6, 0x93, 0xAB, 0x01, 0xF8, 0x7C, 0x01, 0xF0, 0x33, 0x01,
	0xEB, 0xF3, 0x76, 0xC6, 0xCA, 0x01, 0xDE, 0xC6, 0x47, 0x03, 0x01, 0xE7,
	0x9E, 0x01, 0xE7, 0xB1, 0x79, 0x56, 0xB2, 0x45, 0x14, 0x72, 0xB2, 0x01,
	0xCC, 0xB7, 0x01, 0xF9, 0xED, 0x96, 0x59, 0x04, 0x04, 0x95, 0x5D, 0x44,
	0x02, 0xCB, 0xFF, 0x93, 0xFB, 0x37, 0x32, 0x29, 0xDA, 0x04, 0x10, 0x10,
	0x10, 0x45, 0x19, 0x10, 0x45, 0x10, 0x10, 0x45, 0x09, 0x10, 0x45, 0x02,
	0x40, 0x17, 0x75, 0xF1, 0x40, 0x13, 0x75, 0xD1, 0x40, 0x0F, 0x75, 0xB1,
	0x75, 0x91, 0x40, 0x09, 0x86, 0xC7, 0x06, 0x01, 0xC4, 0xB9, 0x01, 0xF9,
	0x22, 0x77, 0xF2, 0x63, 0x79, 0x04, 0xC5, 0x43, 0x0C, 0xFA, 0x01, 0xDD,
	0xC2, 0xBF, 0xB2, 0x01, 0xDD, 0x92, 0x12, 0x40, 0x0A, 0xDA, 0x03, 0xCE,
	0x40, 0x47, 0x18, 0xCE, 0x08, 0x46, 0x02, 0x72, 0xC5, 0xFA, 0x01, 0xDD,
	0xC6, 0x40, 0xB2, 0x01, 0xDD, 0x92, 0x12, 0x86, 0x92, 0x00, 0x9A, 0x1A,
	0x33, 0xB7, 0x03, 0x79, 0x24, 0x76, 0x45, 0x14, 0x75, 0x4F, 0xFA, 0x01,
	0xDD, 0xC2, 0x7F, 0xB2, 0x01, 0xDD, 0x92, 0x12, 0xDA, 0x03, 0xC6, 0x80,
	0x92, 0x03, 0x40, 0x29, 0x77, 0x4F, 0x79, 0x04, 0xC4, 0x43, 0x28, 0xFA,
	0x01, 0xDD, 0xC2, 0x7F, 0x92, 0x12, 0xC6, 0x80, 0xB2, 0x01, 0xDD, 0x92,
	0x12, 0x86, 0x81, 0xDE, 0x9A, 0x18, 0x33, 0x4F, 0x03, 0xDB, 0x77, 0x57,
	0x46, 0x01, 0x51, 0x93, 0x77, 0xCD, 0x03, 0x45, 0x04, 0x77, 0xF6, 0x75,
	0x4B, 0x72, 0xC4, 0x63, 0x6E, 0x6F, 0x75, 0x4D, 0xDB, 0x76, 0xDA, 0x03,
	0xCE, 0x30, 0x46, 0x0D, 0x35, 0x4A, 0x0A, 0x01, 0xF9, 0x9B, 0x72, 0xC4,
	0x72, 0x77, 0x53, 0x40, 0x04, 0x57, 0x46, 0x01, 0x51, 0x93, 0x76, 0x86,
	0x81, 0xDE, 0x9A, 0x18, 0x33, 0x4F, 0x03, 0xDB, 0x2A, 0xDB, 0x1C, 0x7F,
	0x7E, 0x73, 0xDA, 0x98, 0x35, 0x12, 0x02, 0xCA, 0x50, 0xB2, 0x02, 0x0D,
	0xDA, 0x96, 0x35, 0x12, 0x02, 0xCA, 0x00, 0xB2, 0x02, 0x10, 0xDA, 0xD0,
	0xB2, 0x02, 0x0E, 0xDA, 0xEA, 0xB2, 0x02, 0x0F, 0xDA, 0x60, 0xB2, 0x02,
	0x11, 0xB6, 0x01, 0x0A, 0xBA, 0x02, 0x06, 0xB6, 0x03, 0x04, 0xBA, 0x02,
	0x13, 0xFA, 0x03, 0x06, 0xB2, 0x02, 0x15, 0xFA, 0x01, 0xBD, 0xB2, 0x02,
	0x1C, 0x96, 0x4B, 0xBA, 0x02, 0x1E, 0xDA, 0x46, 0xB2, 0x02, 0x20, 0x52,
	0xFB, 0x01, 0xD5, 0xCF, 0x80, 0x47, 0x02, 0xC6, 0x01, 0xFB, 0x01, 0xD9,
	0xCF, 0x04, 0x47, 0x02, 0xC6, 0x02, 0x37, 0x39, 0x02, 0xC6, 0x04, 0xFB,
	0x01, 0xD7, 0xCF, 0x01, 0x47, 0x02, 0xC6, 0x08, 0x37, 0x5D, 0x02, 0xC6,
	0x10, 0x37, 0x79, 0x02, 0xC6, 0x20, 0xB2, 0x02, 0x21, 0xDA, 0x43, 0xB2,
	0x02, 0x22, 0x63, 0x8E, 0x02, 0x26, 0x8F, 0x01, 0xDE, 0x1B, 0xAA, 0x00,
	0x1C, 0x1C, 0x8C, 0x02, 0x48, 0x45, 0xF6, 0x63, 0x75, 0x2D, 0x6E, 0x6F,
	0x71, 0x72, 0x46, 0x03, 0x01, 0xF0, 0x59, 0x71, 0x52, 0x46, 0x03, 0x01,
	0xF7, 0xC7, 0x7F, 0x7E, 0x73, 0x75, 0xED, 0x6E, 0x6F, 0x71, 0xA4, 0x47,
	0x05, 0x75, 0xA4, 0x96, 0x1A, 0x8C, 0x96, 0x34, 0x79, 0x05, 0xB3, 0x42,
	0x09, 0x98, 0x71, 0x89, 0x00, 0xFA, 0x43, 0x0F, 0x97, 0x71, 0x9A, 0x71,
	0x05, 0xDA, 0x6F, 0x56, 0x47, 0x02, 0x92, 0x6F, 0x07, 0x72, 0xB3, 0x40,
	0x18, 0x52, 0x8E, 0x00, 0x6F, 0x6A, 0x00, 0x6A, 0x01, 0xE0, 0x01, 0x44,
	0x02, 0xCA, 0xFF, 0xCC, 0x02, 0x42, 0x01, 0x52, 0x7A, 0x5D, 0x92, 0x73,
	0x63, 0x7F, 0x7E, 0x73, 0x75, 0x6D, 0x6E, 0x6F, 0x35, 0xCB, 0x0F, 0xDA,
	0x06, 0x77, 0x2B, 0x33, 0x02, 0x06, 0xCB, 0x0D, 0x35, 0xEB, 0x09, 0x51,
	0x46, 0xFA, 0xDB, 0x06, 0xCA, 0xFF, 0x40, 0x1D, 0x75, 0x6D, 0x35, 0xCB,
	0xF5, 0xDB, 0x06, 0x3E, 0x37, 0x32, 0x03, 0x37, 0xF2, 0x0D, 0x79, 0x18,
	0xAD, 0x42, 0x08, 0x71, 0x00, 0x47, 0x02, 0x75, 0x00, 0x75, 0xF2, 0xDA,
	0xFD, 0x6C, 0x35, 0x32, 0x0D, 0x52, 0xDB, 0xFD, 0x57, 0xCD, 0x0E, 0x46,
	0x34, 0x77, 0x32, 0x03, 0xFA, 0xC9, 0xDA, 0xFE, 0x56, 0xC2, 0x7F, 0x5B,
	0xC3, 0x07, 0x8F, 0xFA, 0xFA, 0x35, 0x30, 0x06, 0x35, 0x10, 0x03, 0x8F,
	0xFB, 0x02, 0x0F, 0xEB, 0x80, 0x4A, 0x16, 0xCD, 0x81, 0x47, 0x06, 0xCD,
	0x80, 0x47, 0x1A, 0x40, 0x52, 0x5B, 0x11, 0x11, 0x11, 0xC3, 0x0F, 0x8F,
	0xFB, 0x0A, 0x0F, 0xEB, 0x80, 0x77, 0x2B, 0x93, 0xFD, 0x67, 0x17, 0xC3,
	0x1F, 0x93, 0x06, 0x40, 0x3A, 0x6C, 0x75, 0x2B, 0xCA, 0xDA, 0x92, 0x06,
	0xCA, 0x0E, 0x35, 0xEB, 0x05, 0x50, 0x46, 0xFA, 0x40, 0x03, 0x37, 0xCB,
	0x04, 0xDA, 0x06, 0x40, 0x1C, 0xDB, 0x06, 0xDA, 0x2B, 0xC2, 0x01, 0x89,
	0x00, 0x1F, 0x46, 0x04, 0x86, 0xFF, 0xDC, 0x41, 0x06, 0x3F, 0x1B, 0x75,
	0x2B, 0x92, 0x06, 0x85, 0x00, 0x75, 0x2B, 0x93, 0x06, 0x75, 0x6D, 0x7C,
	0x56, 0xC2, 0x7F, 0x92, 0xFE, 0x7D, 0xCD, 0xFF, 0x46, 0x03, 0x03, 0xFB,
	0x1A, 0x13, 0xC3, 0x1E, 0x8F, 0xFA, 0xDE, 0x0F, 0xAF, 0x80, 0x3C, 0x5B,
	0x23, 0x80, 0xFB, 0x8A, 0xFC, 0x9B, 0xFC, 0x5D, 0xFF, 0x58, 0xFF, 0x7B,
	0xFE, 0xEA, 0xFF, 0xBE, 0xFF, 0xC4, 0xFE, 0x15, 0xFF, 0xCA, 0xFF, 0x21,
	0xFF, 0xD6, 0xFF, 0xB8, 0xFF, 0xD0, 0x82, 0x02, 0x81, 0x80, 0x82, 0x08,
	0x01, 0x80, 0x82, 0x03, 0x81, 0x80, 0x82, 0x08, 0x01, 0x80, 0x04, 0x0A,
	0x03, 0x06, 0x04, 0x05, 0x03, 0x07, 0x04, 0x0A, 0x03, 0x09, 0x04, 0x0D,
	0x03, 0x0C, 0x7F, 0x7E, 0x73, 0x52, 0x37, 0x20, 0x02, 0xC6, 0x01, 0x35,
	0x40, 0x02, 0xC6, 0x02, 0x35, 0x60, 0x02, 0xC6, 0x04, 0x35, 0x80, 0x02,
	0xC6, 0x08, 0x37, 0xA0, 0x02, 0xC6, 0x10, 0x35, 0xC2, 0x02, 0xC6, 0x20,
	0x35, 0xE2, 0x02, 0xC6, 0x40, 0x37, 0x49, 0x02, 0xC6, 0x80, 0x8E, 0x00,
	0x49, 0x8F, 0x01, 0x03, 0x61, 0x2F, 0x52, 0x37, 0x69, 0x02, 0xC6, 0x01,
	0x37, 0x08, 0x02, 0xC6, 0x02, 0x35, 0x28, 0x02, 0xC6, 0x04, 0x35, 0x48,
	0x02, 0xC6, 0x08, 0x35, 0xC8, 0x02, 0xC6, 0x10, 0x35, 0xE8, 0x02, 0xC6,
	0x20, 0x35, 0x0D, 0x02, 0xC6, 0x40, 0x37, 0x83, 0x02, 0xC6, 0x80, 0x8E,
	0x00, 0x4A, 0x8F, 0x01, 0x04, 0x5B, 0xE8, 0x00, 0xE2, 0x80, 0xA3, 0x80,
	0xE3, 0x00, 0x08, 0xA2, 0x00, 0x63, 0x8F, 0xC3, 0xC7, 0x21, 0x90, 0xFA,
	0x01, 0x8C, 0x44, 0x22, 0x8E, 0x66, 0x66, 0x37, 0x50, 0x04, 0x77, 0xBB,
	0x77, 0x78, 0xCE, 0x01, 0x46, 0x06, 0xC6, 0x01, 0x72, 0xDF, 0x40, 0x17,
	0x79, 0x0F, 0xDF, 0x45, 0x02, 0x77, 0xBB, 0x8E, 0x66, 0x66, 0x77, 0x7D,
	0x40, 0x09, 0xC2, 0xFE, 0x35, 0x50, 0x02, 0x75, 0xBB, 0x75, 0x7D, 0xB2,
	0x01, 0x8C, 0x3C, 0x88, 0x29, 0x40, 0x44, 0x04, 0x52, 0x53, 0x40, 0x14,
	0x3E, 0x6D, 0x81, 0x49, 0xBA, 0x01, 0x25, 0x7C, 0x81, 0x49, 0x0C, 0x3C,
	0xB7, 0x01, 0x25, 0x44, 0x03, 0x86, 0xFF, 0xFF, 0x35, 0x10, 0x4D, 0x35,
	0x37, 0x10, 0x79, 0x0C, 0x04, 0x45, 0x45, 0x77, 0x37, 0x92, 0xFA, 0x37,
	0x19, 0x3E, 0x77, 0x57, 0x40, 0x3A, 0x98, 0x50, 0x14, 0x15, 0x01, 0xC4,
	0xD7, 0x97, 0x50, 0x3F, 0x35, 0x57, 0x16, 0xD4, 0xFA, 0x44, 0x01, 0x54,
	0xCC, 0x01, 0x3D, 0x42, 0xE5, 0x37, 0x19, 0x09, 0x77, 0x57, 0x79, 0xFF,
	0xC7, 0x45, 0x02, 0x77, 0x17, 0x37, 0x17, 0x14, 0x37, 0xAA, 0x11, 0x68,
	0xDB, 0xFA, 0x8F, 0xC3, 0xBD, 0x21, 0x9A, 0x8E, 0x00, 0x98, 0x01, 0xD1,
	0x98, 0x75, 0x17, 0x78, 0x9A, 0x50, 0xBA, 0x02, 0x00, 0x03, 0xFC, 0x57,
	0xDB, 0x98, 0x8F, 0xC3, 0xBD, 0x21, 0x9A, 0x44, 0x03, 0x01, 0xC8, 0x08,
	0xDA, 0x98, 0x35, 0x12, 0x02, 0xCA, 0x50, 0x53, 0x04, 0x85, 0x61, 0x44,
	0x02, 0xCB, 0xFF, 0xB3, 0x01, 0x44, 0x63, 0x01, 0xCC, 0xD6, 0x03, 0xFB,
	0x1A, 0x3C, 0x06, 0x45, 0x03, 0x06, 0x44, 0x02, 0xCA, 0xFF, 0xB2, 0x01,
	0x86, 0xDB, 0x5F, 0x8F, 0xC2, 0x49, 0x35, 0x56, 0x0A, 0x1D, 0xFA, 0x01,
	0x02, 0x12, 0x16, 0x16, 0xC2, 0x03, 0x0D, 0x8C, 0x17, 0x0A, 0x45, 0x09,
	0xEA, 0x85, 0x51, 0x4B, 0x0D, 0x47, 0x09, 0x40, 0x0A, 0xEA, 0x80, 0x57,
	0x4B, 0x05, 0x46, 0x02, 0x77, 0x94, 0x5B, 0x93, 0x5F, 0xB3, 0x02, 0x12,
	0x03, 0xFB, 0x1A, 0xB3, 0x01, 0x4F, 0xFA, 0x01, 0x8C, 0xCD, 0x0D, 0x45,
	0x28, 0xCD, 0xFB, 0x42, 0x27, 0x35, 0x39, 0x05, 0x37, 0x3C, 0x0F, 0x40,
	0x16, 0xCD, 0x4D, 0x44, 0x1B, 0xCD, 0x31, 0x42, 0x0E, 0x35, 0x50, 0x02,
	0x75, 0x3C, 0xCE, 0x20, 0x47, 0x02, 0x75, 0xF0, 0xC6, 0x20, 0x8C, 0xC2,
	0xDF, 0xC2, 0xF7, 0x40, 0x23, 0x35, 0x39, 0xF7, 0x77, 0xF0, 0x75, 0x76,
	0xCB, 0x10, 0xB3, 0x01, 0x01, 0xC2, 0xDF, 0xCE, 0x08, 0x46, 0x04, 0x72,
	0xDF, 0xC6, 0x08, 0x35, 0x50, 0x06, 0x79, 0x0F, 0xDF, 0x45, 0x05, 0x8C,
	0x77, 0x78, 0x77, 0x3C, 0xB2, 0x01, 0x8C, 0x37, 0xF0, 0x0D, 0x72, 0xEF,
	0x86, 0x00, 0x00, 0x9A, 0x52, 0xBA, 0x02, 0x02, 0x03, 0xFD, 0x9E, 0x35,
	0x39, 0x02, 0x72, 0xEF, 0xFA, 0x03, 0x00, 0xCB, 0xAE, 0x35, 0x10, 0x57,
	0x37, 0x32, 0x54, 0x37, 0x12, 0x51, 0x71, 0xB7, 0x46, 0x08, 0xC0, 0x08,
	0x44, 0x02, 0xCA, 0xFF, 0x40, 0x35, 0xDB, 0xEF, 0xCD, 0x40, 0x45, 0x04,
	0xC5, 0x40, 0x40, 0xF8, 0xCD, 0x0A, 0x46, 0x0A, 0xC0, 0x01, 0x44, 0x02,
	0xCA, 0xFF, 0x76, 0xEF, 0x40, 0x1D, 0x79, 0x02, 0xEF, 0x45, 0x29, 0x6C,
	0x3C, 0x01, 0xC4, 0xDB, 0xC1, 0x01, 0x44, 0x02, 0xCB, 0xFF, 0x7C, 0x0B,
	0x43, 0x1A, 0x71, 0xB2, 0x47, 0x18, 0xC4, 0x01, 0x44, 0x01, 0x52, 0x5B,
	0x8F, 0xC3, 0xD3, 0x21, 0x84, 0x6E, 0x8E, 0x03, 0x00, 0x01, 0xD1, 0x98,
	0x7E, 0x40, 0x03, 0x5A, 0x75, 0xB2, 0x53, 0x04, 0x04, 0x68, 0x3C, 0x2E,
	0xA8, 0x00, 0x44, 0x02, 0x52, 0x53, 0xBA, 0x01, 0x50, 0x7E, 0xB6, 0x01,
	0x52, 0x87, 0x03, 0x7B, 0x45, 0x05, 0xB9, 0x01, 0x50, 0x43, 0x03, 0xB6,
	0x01, 0x50, 0x9A, 0x52, 0xBA, 0x02, 0x02, 0xCB, 0x4C, 0x35, 0x76, 0x02,
	0xCB, 0x52, 0x0B, 0x45, 0x03, 0x77, 0x76, 0x8C, 0x75, 0x76, 0x37, 0xF0,
	0x09, 0x52, 0x92, 0x5E, 0x75, 0xD7, 0x77, 0xF7, 0x40, 0x5B, 0x9E, 0xFF,
	0x96, 0x52, 0x6E, 0x2E, 0xA8, 0x00, 0x7E, 0x44, 0x17, 0x54, 0x55, 0x84,
	0x00, 0x89, 0x3D, 0x71, 0x45, 0x02, 0x77, 0xF7, 0xCE, 0xE0, 0x46, 0x04,
	0x06, 0x06, 0x54, 0x8C, 0xCA, 0x80, 0x40, 0x0F, 0xCC, 0x33, 0x45, 0x02,
	0x77, 0xB3, 0xCE, 0xE0, 0x46, 0x03, 0x06, 0x06, 0x8C, 0xCA, 0x7F, 0xFB,
	0x01, 0x46, 0x4A, 0x01, 0x55, 0xCD, 0x01, 0x44, 0x02, 0x75, 0xF7, 0xDB,
	0x5E, 0x92, 0x5E, 0x35, 0x56, 0x15, 0x79, 0xA0, 0x5B, 0x44, 0x10, 0x08,
	0x49, 0x0A, 0x58, 0x47, 0x0A, 0x4A, 0x01, 0x54, 0xCC, 0x02, 0x45, 0x05,
	0x77, 0xD7, 0x8C, 0x75, 0xD7, 0x96, 0x52, 0x9A, 0xFF, 0x01, 0xC9, 0x96,
	0x01, 0xCE, 0x3C, 0x01, 0xCD, 0x8D, 0x03, 0xFB, 0x1A, 0xB3, 0x01, 0x54,
	0x37, 0xD5, 0x09, 0x79, 0x18, 0xB9, 0x45, 0x04, 0xCD, 0xF0, 0x44, 0x0A,
	0xFA, 0x01, 0xDC, 0xC2, 0xFB, 0xB2, 0x01, 0xDC, 0x40, 0x1B, 0xFA, 0x01,
	0xDC, 0xC6, 0x04, 0xB2, 0x01, 0xDC, 0x86, 0xFF, 0xFF, 0xBA, 0x01, 0x52,
	0x75, 0x7C, 0xFA, 0x01, 0x8C, 0xC2, 0xBF, 0xB2, 0x01, 0x8C, 0x03, 0xFE,
	0xE7, 0xFA, 0x01, 0x8C, 0xCD, 0x0D, 0x45, 0x1A, 0xCD, 0xFB, 0x42, 0x19,
	0x37, 0x59, 0x0F, 0xCD, 0x4D, 0x42, 0x12, 0xCD, 0x31, 0x42, 0x07, 0xC2,
	0xBF, 0x35, 0x50, 0x02, 0x75, 0x7C, 0xC2, 0x7F, 0x40, 0x1A, 0x35, 0x59,
	0xF9, 0xC6, 0x40, 0xCE, 0x80, 0x46, 0x04, 0x72, 0xDF, 0xC6, 0x80, 0x35,
	0x50, 0x06, 0x79, 0x0F, 0xDF, 0x45, 0x05, 0x8C, 0x77, 0x78, 0x77, 0x7C,
	0xB2, 0x01, 0x8C, 0xCE, 0x40, 0x47, 0x07, 0x86, 0xA0, 0x42, 0x75, 0xBD,
	0x40, 0x52, 0xCA, 0xAE, 0x35, 0x12, 0x04, 0x75, 0xBD, 0x40, 0x3C, 0x37,
	0xD5, 0x34, 0x3C, 0x01, 0xC4, 0xCA, 0xF1, 0x03, 0x02, 0x80, 0x00, 0x04,
	0xF1, 0x03, 0x02, 0x80, 0x00, 0x04, 0x58, 0x47, 0x02, 0xCB, 0xFF, 0xFA,
	0x03, 0x02, 0x71, 0xBD, 0x46, 0x06, 0xC0, 0x01, 0x44, 0x02, 0xCA, 0xFF,
	0x0B, 0x42, 0x01, 0x5B, 0x8F, 0xC3, 0xD5, 0x21, 0x82, 0x6E, 0x8E, 0x03,
	0x02, 0x01, 0xD1, 0x98, 0x7E, 0x8C, 0x75, 0xBD, 0xFA, 0x03, 0x02, 0x53,
	0x04, 0x04, 0x68, 0x3C, 0x2E, 0xA8, 0x00, 0x7E, 0x44, 0x02, 0x52, 0x53,
	0xBA, 0x01, 0x52, 0x03, 0xFB, 0x1A, 0x8F, 0xC3, 0xC9, 0x21, 0x8E, 0xFA,
	0x01, 0x8C, 0x44, 0x19, 0xCE, 0x04, 0x46, 0x04, 0xC6, 0x04, 0x72, 0xDF,
	0x35, 0x50, 0x06, 0x79, 0x0F, 0xDF, 0x45, 0x05, 0x8C, 0x77, 0x78, 0x77,
	0x9B, 0xCB, 0x79, 0x40, 0x07, 0x35, 0x50, 0x02, 0x75, 0x9B, 0xC2, 0xFB,
	0xB2, 0x01, 0x8C, 0xC9, 0xFF, 0x93, 0x54, 0xB3, 0x02, 0x0A, 0x03, 0xFB,
	0x1A, 0x8F, 0xC3, 0xCB, 0x21, 0x8C, 0xFA, 0x01, 0x8D, 0x44, 0x19, 0xCE,
	0x01, 0x46, 0x04, 0xC6, 0x01, 0x72, 0xDF, 0x35, 0x50, 0x06, 0x79, 0x0F,
	0xDF, 0x45, 0x05, 0x8C, 0x77, 0x78, 0x77, 0x9C, 0xCB, 0x79, 0x40, 0x07,
	0x35, 0x50, 0x02, 0x75, 0x9C, 0xC2, 0xFE, 0xB2, 0x01, 0x8D, 0xC9, 0xFF,
	0x93, 0x55, 0xB3, 0x02, 0x0B, 0x03, 0xFB, 0x1A, 0x93, 0x56, 0xB3, 0x02,
	0x0C, 0x37, 0xAA, 0x0A, 0xCD, 0x53, 0x45, 0x06, 0x71, 0xD4, 0x47, 0x02,
	0x77, 0x46, 0xDB, 0x56, 0x8F, 0xC1, 0x40, 0x01, 0xC4, 0x44, 0x01, 0xC4,
	0xCA, 0xBA, 0x01, 0x1A, 0x03, 0xFB, 0x1A, 0x8F, 0xC3, 0xCD, 0x21, 0x8A,
	0xFA, 0x01, 0x8C, 0x44, 0x1A, 0xCE, 0x02, 0x46, 0x04, 0xC6, 0x02, 0x72,
	0xDF, 0x35, 0x50, 0x06, 0x79, 0x0F, 0xDF, 0x45, 0x05, 0x8C, 0x77, 0x78,
	0x77, 0x7B, 0x8E, 0x1B, 0x00, 0x40, 0x07, 0x35, 0x50, 0x02, 0x75, 0x7B,
	0xC2, 0xFD, 0xB2, 0x01, 0x8C, 0x3C, 0xC8, 0xFF, 0xC9, 0xFF, 0xC3, 0xC0,
	0x9A, 0x57, 0xBA, 0x02, 0x04, 0x03, 0xFB, 0x1A, 0xB3, 0x01, 0x02, 0x03,
	0xFB, 0x1A, 0xB3, 0x01, 0xCB, 0x03, 0xFB, 0x1A, 0xB3, 0x01, 0xCC, 0x03,
	0xFB, 0x1A, 0xB3, 0x01, 0xCD, 0x03, 0xFB, 0x1A, 0xB3, 0x01, 0xCE, 0x03,
	0xFB, 0x1A, 0x03, 0xFB, 0x1A, 0x5F, 0x64, 0xC4, 0x82, 0x88, 0xF8, 0xF4,
	0xFA, 0x08, 0xC0, 0x03, 0xC0, 0x03, 0xF9, 0xC1, 0xC0, 0x03, 0xF9, 0xAC,
	0xC0, 0x03, 0xC0, 0x03, 0xF6, 0xF2, 0xC0, 0x03, 0xC0, 0x03, 0xF7, 0x9A,
	0xC0, 0x03, 0xEF, 0xB1, 0xC0, 0x03, 0xC6, 0x03
};


#if 0

const uint8_t DMCU_Image[32768] =
{
	0x33, 0x02, 0x1F, 0x05, 0x8B, 0x01, 0xBF, 0x33, 0x18, 0x07, 0xCA, 0x55,
	0x92, 0x40, 0x33, 0xE3, 0x11, 0x33, 0x3F, 0x24, 0x33, 0x00, 0x27, 0x33,
	0x00, 0x26, 0x01, 0x80, 0x77, 0x01, 0x80, 0xDB, 0xDA, 0x40, 0x92, 0x00,
	0xC8, 0xFF, 0x92, 0x01, 0xCA, 0x00, 0x92, 0x20, 0x92, 0x22, 0x92, 0x29,
	0x8E, 0xFF, 0x00, 0x1C, 0x46, 0xFD, 0xDB, 0x20, 0x0B, 0x47, 0x02, 0x61,
	0x49, 0xDB, 0x22, 0x0B, 0x47, 0x02, 0x61, 0x50, 0x6C, 0xDB, 0x23, 0xC3,
	0x20, 0x11, 0x11, 0x11, 0x11, 0xC2, 0x02, 0x0B, 0x47, 0x02, 0x61, 0x56,
	0x7C, 0x6C, 0xDB, 0x23, 0xC3, 0x10, 0x11, 0x11, 0x11, 0x11, 0xC2, 0x01,
	0x0B, 0x47, 0x02, 0x61, 0x3D, 0x7C, 0x56, 0x46, 0xC1, 0xDA, 0x40, 0xC8,
	0xFF, 0x92, 0x40, 0xDA, 0x26, 0xC8, 0xFF, 0x92, 0x26, 0x40, 0xA3, 0x8E,
	0x80, 0x00, 0x52, 0x53, 0xA7, 0x00, 0x1C, 0x1C, 0x8C, 0x00, 0x00, 0x46,
	0xF7, 0x63, 0x6C, 0x8F, 0x80, 0xE0, 0x61, 0x36, 0x7C, 0x6C, 0xD8, 0x20,
	0x61, 0x41, 0x7C, 0x63, 0x6C, 0x8F, 0x80, 0xF0, 0x61, 0x28, 0x7C, 0x6C,
	0xD8, 0x22, 0x61, 0x33, 0x7C, 0x63, 0x6C, 0x8F, 0x81, 0x00, 0x61, 0x1A,
	0x7C, 0x63, 0x6C, 0x8F, 0x81, 0x0B, 0x61, 0x12, 0x7C, 0x63, 0x33, 0xA5,
	0x26, 0x40, 0xFB, 0xDB, 0x2B, 0xC3, 0x20, 0x47, 0xFA, 0x92, 0x06, 0x63,
	0x61, 0xF5, 0x1A, 0x58, 0x46, 0xFA, 0x63, 0x68, 0x8F, 0x81, 0x17, 0xC2,
	0x0F, 0x0D, 0x1A, 0x61, 0xE6, 0x78, 0x63, 0x61, 0xF2, 0x10, 0x10, 0x10,
	0x10, 0x40, 0xEC, 0x61, 0xF6, 0x5A, 0x40, 0xF3, 0x0A, 0x0D, 0x50, 0x4F,
	0x52, 0x54, 0x41, 0x20, 0x65, 0x72, 0x72, 0x6F, 0x72, 0x3A, 0x20, 0x00,
	0x0A, 0x0D, 0x50, 0x4F, 0x52, 0x54, 0x42, 0x20, 0x65, 0x72, 0x72, 0x6F,
	0x72, 0x3A, 0x20, 0x00, 0x0A, 0x0D, 0x49, 0x53, 0x20, 0x65, 0x72, 0x72,
	0x6F, 0x72, 0x00, 0x0A, 0x0D, 0x49, 0x52, 0x50, 0x20, 0x65, 0x72, 0x72,
	0x6F, 0x72, 0x00, 0x30, 0x31, 0x32, 0x33, 0x34, 0x35, 0x36, 0x37, 0x38,
	0x39, 0x41, 0x42, 0x43, 0x44, 0x45, 0x46, 0xFF, 0xFF, 0xFF, 0xFF, 0xFF,
	0xFF, 0xFF, 0xFF, 0xFF, 0xFF, 0xFF, 0xFF, 0xFF, 0xFF, 0xFF, 0xFF, 0xFF,
	0xFF, 0xFF, 0xFF, 0xFF, 0xFF, 0xFF, 0xFF, 0xFF, 0xFF, 0xFF, 0xFF, 0xFF,
	0xFF, 0xFF, 0xFF, 0xFF, 0xFF, 0xFF, 0xFF, 0xFF, 0xFF, 0xFF, 0xFF, 0xFF,
	0xFF, 0xFF, 0xFF, 0xFF, 0xFF, 0xFF, 0xFF, 0xFF, 0xFF, 0xFF, 0xFF, 0xFF,
	0xFF, 0xFF, 0xFF, 0xFF, 0xFF, 0xFF, 0xFF, 0xFF, 0xFF, 0xFF, 0xFF, 0xFF,
	0xFF, 0xFF, 0xFF, 0xFF, 0xFF, 0xFF, 0xFF, 0xFF, 0xFF, 0xFF, 0xFF, 0xFF,
	0xFF, 0xFF, 0xFF, 0xFF, 0xFF, 0xFF, 0xFF, 0xFF, 0xFF, 0xFF, 0xFF, 0xFF,
	0xFF, 0xFF, 0xFF, 0xFF, 0xFF, 0xFF, 0xFF, 0xFF, 0xFF, 0xFF, 0xFF, 0xFF,
	0xFF, 0xFF, 0xFF, 0xFF, 0xFF, 0xFF, 0xFF, 0xFF, 0xFF, 0xFF, 0xFF, 0xFF,
	0xFF, 0xFF, 0xFF, 0xFF, 0xFF, 0xFF, 0xFF, 0xFF, 0xFF, 0xFF, 0xFF, 0xFF,
	0xFF, 0xFF, 0xFF, 0xFF, 0xFF, 0xFF, 0xFF, 0xFF, 0xFF, 0xFF, 0xFF, 0xFF,
	0xFF, 0xFF, 0xFF, 0xFF, 0xFF, 0xFF, 0xFF, 0xFF, 0xFF, 0xFF, 0xFF, 0xFF,
	0xFF, 0xFF, 0xFF, 0xFF, 0xFF, 0xFF, 0xFF, 0xFF, 0xFF, 0xFF, 0xFF, 0xFF,
	0xFF, 0xFF, 0xFF, 0xFF, 0xFF, 0xFF, 0xFF, 0xFF, 0xFF, 0xFF, 0xFF, 0xFF,
	0xFF, 0xFF, 0xFF, 0xFF, 0xFF, 0xFF, 0xFF, 0xFF, 0xFF, 0xFF, 0xFF, 0xFF,
	0xFF, 0xFF, 0xFF, 0xFF, 0xFF, 0xFF, 0xFF, 0xFF, 0xFF, 0xFF, 0xFF, 0xFF,
	0xFF, 0xFF, 0xFF, 0xFF, 0xFF, 0xFF, 0xFF, 0xFF, 0xFF, 0xFF, 0xFF, 0xFF,
	0xFF, 0xFF, 0xFF, 0xFF, 0xFF, 0xFF, 0xFF, 0xFF, 0xFF, 0xFF, 0xFF, 0xFF,
	0xFF, 0xFF, 0xFF, 0xFF, 0xFF, 0xFF, 0xFF, 0xFF, 0xFF, 0xFF, 0xFF, 0xFF,
	0xFF, 0xFF, 0xFF, 0xFF, 0xFF, 0xFF, 0xFF, 0xFF, 0xFF, 0xFF, 0xFF, 0xFF,
	0xFF, 0xFF, 0xFF, 0xFF, 0xFF, 0xFF, 0xFF, 0xFF, 0xFF, 0xFF, 0xFF, 0xFF,
	0xFF, 0xFF, 0xFF, 0xFF, 0xFF, 0xFF, 0xFF, 0xFF, 0xFF, 0xFF, 0xFF, 0xFF,
	0xFF, 0xFF, 0xFF, 0xFF, 0xFF, 0xFF, 0xFF, 0xFF, 0xFF, 0xFF, 0xFF, 0xFF,
	0xFF, 0xFF, 0xFF, 0xFF, 0xFF, 0xFF, 0xFF, 0xFF, 0xFF, 0xFF, 0xFF, 0xFF,
	0xFF, 0xFF, 0xFF, 0xFF, 0xFF, 0xFF, 0xFF, 0xFF, 0xFF, 0xFF, 0xFF, 0xFF,
	0xFF, 0xFF, 0xFF, 0xFF, 0xFF, 0xFF, 0xFF, 0xFF, 0xFF, 0xFF, 0xFF, 0xFF,
	0xFF, 0xFF, 0xFF, 0xFF, 0xFF, 0xFF, 0xFF, 0xFF, 0xFF, 0xFF, 0xFF, 0xFF,
	0xFF, 0xFF, 0xFF, 0xFF, 0xFF, 0xFF, 0xFF, 0xFF, 0xFF, 0xFF, 0xFF, 0xFF,
	0xFF, 0xFF, 0xFF, 0xFF, 0xFF, 0xFF, 0xFF, 0xFF, 0xFF, 0xFF, 0xFF, 0xFF,
	0xFF, 0xFF, 0xFF, 0xFF, 0xFF, 0xFF, 0xFF, 0xFF, 0xFF, 0xFF, 0xFF, 0xFF,
	0xFF, 0xFF, 0xFF, 0xFF, 0xFF, 0xFF, 0xFF, 0xFF, 0xFF, 0xFF, 0xFF, 0xFF,
	0xFF, 0xFF, 0xFF, 0xFF, 0xFF, 0xFF, 0xFF, 0xFF, 0xFF, 0xFF, 0xFF, 0xFF,
	0xFF, 0xFF, 0xFF, 0xFF, 0xFF, 0xFF, 0xFF, 0xFF, 0xFF, 0xFF, 0xFF, 0xFF,
	0xFF, 0xFF, 0xFF, 0xFF, 0xFF, 0xFF, 0xFF, 0xFF, 0xFF, 0xFF, 0xFF, 0xFF,
	0xFF, 0xFF, 0xFF, 0xFF, 0xFF, 0xFF, 0xFF, 0xFF, 0xFF, 0xFF, 0xFF, 0xFF,
	0xFF, 0xFF, 0xFF, 0xFF, 0xFF, 0xFF, 0xFF, 0xFF, 0xFF, 0xFF, 0xFF, 0xFF,
	0xFF, 0xFF, 0xFF, 0xFF, 0xFF, 0xFF, 0xFF, 0xFF, 0xFF, 0xFF, 0xFF, 0xFF,
	0xFF, 0xFF, 0xFF, 0xFF, 0xFF, 0xFF, 0xFF, 0xFF, 0xFF, 0xFF, 0xFF, 0xFF,
	0xFF, 0xFF, 0xFF, 0xFF, 0xFF, 0xFF, 0xFF, 0xFF, 0xFF, 0xFF, 0xFF, 0xFF,
	0xFF, 0xFF, 0xFF, 0xFF, 0xFF, 0xFF, 0xFF, 0xFF, 0xFF, 0xFF, 0xFF, 0xFF,
	0xFF, 0xFF, 0xFF, 0xFF, 0xFF, 0xFF, 0xFF, 0xFF, 0xFF, 0xFF, 0xFF, 0xFF,
	0xFF, 0xFF, 0xFF, 0xFF, 0xFF, 0xFF, 0xFF, 0xFF, 0xFF, 0xFF, 0xFF, 0xFF,
	0xFF, 0xFF, 0xFF, 0xFF, 0xFF, 0xFF, 0xFF, 0xFF, 0xFF, 0xFF, 0xFF, 0xFF,
	0xFF, 0xFF, 0xFF, 0xFF, 0xFF, 0xFF, 0xFF, 0xFF, 0xFF, 0xFF, 0xFF, 0xFF,
	0xFF, 0xFF, 0xFF, 0xFF, 0xFF, 0xFF, 0xFF, 0xFF, 0xFF, 0xFF, 0xFF, 0xFF,
	0xFF, 0xFF, 0xFF, 0xFF, 0xFF, 0xFF, 0xFF, 0xFF, 0xFF, 0xFF, 0xFF, 0xFF,
	0xFF, 0xFF, 0xFF, 0xFF, 0xFF, 0xFF, 0xFF, 0xFF, 0xFF, 0xFF, 0xFF, 0xFF,
	0xFF, 0xFF, 0xFF, 0xFF, 0xFF, 0xFF, 0xFF, 0xFF, 0xFF, 0xFF, 0xFF, 0xFF,
	0xFF, 0xFF, 0xFF, 0xFF, 0xFF, 0xFF, 0xFF, 0xFF, 0xFF, 0xFF, 0xFF, 0xFF,
	0xFF, 0xFF, 0xFF, 0xFF, 0xFF, 0xFF, 0xFF, 0xFF, 0xFF, 0xFF, 0xFF, 0xFF,
	0xFF, 0xFF, 0xFF, 0xFF, 0xFF, 0xFF, 0xFF, 0xFF, 0xFF, 0xFF, 0xFF, 0xFF,
	0xFF, 0xFF, 0xFF, 0xFF, 0xFF, 0xFF, 0xFF, 0xFF, 0xFF, 0xFF, 0xFF, 0xFF,
	0xFF, 0xFF, 0xFF, 0xFF, 0xFF, 0xFF, 0xFF, 0xFF, 0xFF, 0xFF, 0xFF, 0xFF,
	0xFF, 0xFF, 0xFF, 0xFF, 0xFF, 0xFF, 0xFF, 0xFF, 0xFF, 0xFF, 0xFF, 0xFF,
	0xFF, 0xFF, 0xFF, 0xFF, 0xFF, 0xFF, 0xFF, 0xFF, 0xFF, 0xFF, 0xFF, 0xFF,
	0xFF, 0xFF, 0xFF, 0xFF, 0xFF, 0xFF, 0xFF, 0xFF, 0xFF, 0xFF, 0xFF, 0xFF,
	0xFF, 0xFF, 0xFF, 0xFF, 0xFF, 0xFF, 0xFF, 0xFF, 0xFF, 0xFF, 0xFF, 0xFF,
	0xFF, 0xFF, 0xFF, 0xFF, 0xFF, 0xFF, 0xFF, 0xFF, 0xFF, 0xFF, 0xFF, 0xFF,
	0xFF, 0xFF, 0xFF, 0xFF, 0xFF, 0xFF, 0xFF, 0xFF, 0xFF, 0xFF, 0xFF, 0xFF,
	0xFF, 0xFF, 0xFF, 0xFF, 0xFF, 0xFF, 0xFF, 0xFF, 0xFF, 0xFF, 0xFF, 0xFF,
	0xFF, 0xFF, 0xFF, 0xFF, 0xFF, 0xFF, 0xFF, 0xFF, 0xFF, 0xFF, 0xFF, 0xFF,
	0xFF, 0xFF, 0xFF, 0xFF, 0xFF, 0xFF, 0xFF, 0xFF, 0xFF, 0xFF, 0xFF, 0xFF,
	0xFF, 0xFF, 0xFF, 0xFF, 0xFF, 0xFF, 0xFF, 0xFF, 0xFF, 0xFF, 0xFF, 0xFF,
	0xFF, 0xFF, 0xFF, 0xFF, 0xFF, 0xFF, 0xFF, 0xFF, 0xFF, 0xFF, 0xFF, 0xFF,
	0xFF, 0xFF, 0xFF, 0xFF, 0xFF, 0xFF, 0xFF, 0xFF, 0xFF, 0xFF, 0xFF, 0xFF,
	0xFF, 0xFF, 0xFF, 0xFF, 0xFF, 0xFF, 0xFF, 0xFF, 0xFF, 0xFF, 0xFF, 0xFF,
	0xFF, 0xFF, 0xFF, 0xFF, 0xFF, 0xFF, 0xFF, 0xFF, 0xFF, 0xFF, 0xFF, 0xFF,
	0xFF, 0xFF, 0xFF, 0xFF, 0xFF, 0xFF, 0xFF, 0xFF, 0xFF, 0xFF, 0xFF, 0xFF,
	0xFF, 0xFF, 0xFF, 0xFF, 0xFF, 0xFF, 0xFF, 0xFF, 0xFF, 0xFF, 0xFF, 0xFF,
	0xFF, 0xFF, 0xFF, 0xFF, 0xFF, 0xFF, 0xFF, 0xFF, 0xFF, 0xFF, 0xFF, 0xFF,
	0xFF, 0xFF, 0xFF, 0xFF, 0xFF, 0xFF, 0xFF, 0xFF, 0xFF, 0xFF, 0xFF, 0xFF,
	0xFF, 0xFF, 0xFF, 0xFF, 0xFF, 0xFF, 0xFF, 0xFF, 0xFF, 0xFF, 0xFF, 0xFF,
	0xFF, 0xFF, 0xFF, 0xFF, 0xFF, 0xFF, 0xFF, 0xFF, 0xFF, 0xFF, 0xFF, 0xFF,
	0xFF, 0xFF, 0xFF, 0xFF, 0xFF, 0xFF, 0xFF, 0xFF, 0xFF, 0xFF, 0xFF, 0xFF,
	0xFF, 0xFF, 0xFF, 0xFF, 0xFF, 0xFF, 0xFF, 0xFF, 0xFF, 0xFF, 0xFF, 0xFF,
	0xFF, 0xFF, 0xFF, 0xFF, 0xFF, 0xFF, 0xFF, 0xFF, 0xFF, 0xFF, 0xFF, 0xFF,
	0xFF, 0xFF, 0xFF, 0xFF, 0xFF, 0xFF, 0xFF, 0xFF, 0xFF, 0xFF, 0xFF, 0xFF,
	0xFF, 0xFF, 0xFF, 0xFF, 0xFF, 0xFF, 0xFF, 0xFF, 0xFF, 0xFF, 0xFF, 0xFF,
	0xFF, 0xFF, 0xFF, 0xFF, 0xFF, 0xFF, 0xFF, 0xFF, 0xFF, 0xFF, 0xFF, 0xFF,
	0xFF, 0xFF, 0xFF, 0xFF, 0xFF, 0xFF, 0xFF, 0xFF, 0xFF, 0xFF, 0xFF, 0xFF,
	0xFF, 0xFF, 0xFF, 0xFF, 0xFF, 0xFF, 0xFF, 0xFF, 0xFF, 0xFF, 0xFF, 0xFF,
	0xFF, 0xFF, 0xFF, 0xFF, 0xFF, 0xFF, 0xFF, 0xFF, 0xFF, 0xFF, 0xFF, 0xFF,
	0xFF, 0xFF, 0xFF, 0xFF, 0xFF, 0xFF, 0xFF, 0xFF, 0xFF, 0xFF, 0xFF, 0xFF,
	0xFF, 0xFF, 0xFF, 0xFF, 0xFF, 0xFF, 0xFF, 0xFF, 0xFF, 0xFF, 0xFF, 0xFF,
	0xFF, 0xFF, 0xFF, 0xFF, 0xFF, 0xFF, 0xFF, 0xFF, 0xFF, 0xFF, 0xFF, 0xFF,
	0xFF, 0xFF, 0xFF, 0xFF, 0xFF, 0xFF, 0xFF, 0xFF, 0xFF, 0xFF, 0xFF, 0xFF,
	0xFF, 0xFF, 0xFF, 0xFF, 0xFF, 0xFF, 0xFF, 0xFF, 0xFF, 0xFF, 0xFF, 0xFF,
	0xFF, 0xFF, 0xFF, 0xFF, 0xFF, 0xFF, 0xFF, 0xFF, 0xFF, 0xFF, 0xFF, 0xFF,
	0xFF, 0xFF, 0xFF, 0xFF, 0xFF, 0xFF, 0xFF, 0xFF, 0xFF, 0xFF, 0xFF, 0xFF,
	0xFF, 0xFF, 0xFF, 0xFF, 0xFF, 0xFF, 0xFF, 0xFF, 0xFF, 0xFF, 0xFF, 0xFF,
	0xFF, 0xFF, 0xFF, 0xFF, 0xFF, 0xFF, 0xFF, 0xFF, 0xFF, 0xFF, 0xFF, 0xFF,
	0xFF, 0xFF, 0xFF, 0xFF, 0xFF, 0xFF, 0xFF, 0xFF, 0xFF, 0xFF, 0xFF, 0xFF,
	0xFF, 0xFF, 0xFF, 0xFF, 0xFF, 0xFF, 0xFF, 0xFF, 0xFF, 0xFF, 0xFF, 0xFF,
	0xFF, 0xFF, 0xFF, 0xFF, 0xFF, 0xFF, 0xFF, 0xFF, 0xFF, 0xFF, 0xFF, 0xFF,
	0xFF, 0xFF, 0xFF, 0xFF, 0xFF, 0xFF, 0xFF, 0xFF, 0xFF, 0xFF, 0xFF, 0xFF,
	0xFF, 0xFF, 0xFF, 0xFF, 0xFF, 0xFF, 0xFF, 0xFF, 0xFF, 0xFF, 0xFF, 0xFF,
	0xFF, 0xFF, 0xFF, 0xFF, 0xFF, 0xFF, 0xFF, 0xFF, 0xFF, 0xFF, 0xFF, 0xFF,
	0xFF, 0xFF, 0xFF, 0xFF, 0xFF, 0xFF, 0xFF, 0xFF, 0xFF, 0xFF, 0xFF, 0xFF,
	0xFF, 0xFF, 0xFF, 0xFF, 0xFF, 0xFF, 0xFF, 0xFF, 0xFF, 0xFF, 0xFF, 0xFF,
	0xFF, 0xFF, 0xFF, 0xFF, 0xFF, 0xFF, 0xFF, 0xFF, 0xFF, 0xFF, 0xFF, 0xFF,
	0xFF, 0xFF, 0xFF, 0xFF, 0xFF, 0xFF, 0xFF, 0xFF, 0xFF, 0xFF, 0xFF, 0xFF,
	0xFF, 0xFF, 0xFF, 0xFF, 0xFF, 0xFF, 0xFF, 0xFF, 0xFF, 0xFF, 0xFF, 0xFF,
	0xFF, 0xFF, 0xFF, 0xFF, 0xFF, 0xFF, 0xFF, 0xFF, 0xFF, 0xFF, 0xFF, 0xFF,
	0xFF, 0xFF, 0xFF, 0xFF, 0xFF, 0xFF, 0xFF, 0xFF, 0xFF, 0xFF, 0xFF, 0xFF,
	0xFF, 0xFF, 0xFF, 0xFF, 0xFF, 0xFF, 0xFF, 0xFF, 0xFF, 0xFF, 0xFF, 0xFF,
	0xFF, 0xFF, 0xFF, 0xFF, 0xFF, 0xFF, 0xFF, 0xFF, 0xFF, 0xFF, 0xFF, 0xFF,
	0xFF, 0xFF, 0xFF, 0xFF, 0xFF, 0xFF, 0xFF, 0xFF, 0xFF, 0xFF, 0xFF, 0xFF,
	0xFF, 0xFF, 0xFF, 0xFF, 0xFF, 0xFF, 0xFF, 0xFF, 0xFF, 0xFF, 0xFF, 0xFF,
	0xFF, 0xFF, 0xFF, 0xFF, 0xFF, 0xFF, 0xFF, 0xFF, 0xFF, 0xFF, 0xFF, 0xFF,
	0xFF, 0xFF, 0xFF, 0xFF, 0xFF, 0xFF, 0xFF, 0xFF, 0xFF, 0xFF, 0xFF, 0xFF,
	0xFF, 0xFF, 0xFF, 0xFF, 0xFF, 0xFF, 0xFF, 0xFF, 0xFF, 0xFF, 0xFF, 0xFF,
	0xFF, 0xFF, 0xFF, 0xFF, 0xFF, 0xFF, 0xFF, 0xFF, 0xFF, 0xFF, 0xFF, 0xFF,
	0xFF, 0xFF, 0xFF, 0xFF, 0xFF, 0xFF, 0xFF, 0xFF, 0xFF, 0xFF, 0xFF, 0xFF,
	0xFF, 0xFF, 0xFF, 0xFF, 0xFF, 0xFF, 0xFF, 0xFF, 0xFF, 0xFF, 0xFF, 0xFF,
	0xFF, 0xFF, 0xFF, 0xFF, 0xFF, 0xFF, 0xFF, 0xFF, 0xFF, 0xFF, 0xFF, 0xFF,
	0xFF, 0xFF, 0xFF, 0xFF, 0xFF, 0xFF, 0xFF, 0xFF, 0xFF, 0xFF, 0xFF, 0xFF,
	0xFF, 0xFF, 0xFF, 0xFF, 0xFF, 0xFF, 0xFF, 0xFF, 0xFF, 0xFF, 0xFF, 0xFF,
	0xFF, 0xFF, 0xFF, 0xFF, 0xFF, 0xFF, 0xFF, 0xFF, 0xFF, 0xFF, 0xFF, 0xFF,
	0xFF, 0xFF, 0xFF, 0xFF, 0xFF, 0xFF, 0xFF, 0xFF, 0xFF, 0xFF, 0xFF, 0xFF,
	0xFF, 0xFF, 0xFF, 0xFF, 0xFF, 0xFF, 0xFF, 0xFF, 0xFF, 0xFF, 0xFF, 0xFF,
	0xFF, 0xFF, 0xFF, 0xFF, 0xFF, 0xFF, 0xFF, 0xFF, 0xFF, 0xFF, 0xFF, 0xFF,
	0xFF, 0xFF, 0xFF, 0xFF, 0xFF, 0xFF, 0xFF, 0xFF, 0xFF, 0xFF, 0xFF, 0xFF,
	0xFF, 0xFF, 0xFF, 0xFF, 0xFF, 0xFF, 0xFF, 0xFF, 0xFF, 0xFF, 0xFF, 0xFF,
	0xFF, 0xFF, 0xFF, 0xFF, 0xFF, 0xFF, 0xFF, 0xFF, 0xFF, 0xFF, 0xFF, 0xFF,
	0xFF, 0xFF, 0xFF, 0xFF, 0xFF, 0xFF, 0xFF, 0xFF, 0xFF, 0xFF, 0xFF, 0xFF,
	0xFF, 0xFF, 0xFF, 0xFF, 0xFF, 0xFF, 0xFF, 0xFF, 0xFF, 0xFF, 0xFF, 0xFF,
	0xFF, 0xFF, 0xFF, 0xFF, 0xFF, 0xFF, 0xFF, 0xFF, 0xFF, 0xFF, 0xFF, 0xFF,
	0xFF, 0xFF, 0xFF, 0xFF, 0xFF, 0xFF, 0xFF, 0xFF, 0xFF, 0xFF, 0xFF, 0xFF,
	0xFF, 0xFF, 0xFF, 0xFF, 0xFF, 0xFF, 0xFF, 0xFF, 0xFF, 0xFF, 0xFF, 0xFF,
	0xFF, 0xFF, 0xFF, 0xFF, 0xFF, 0xFF, 0xFF, 0xFF, 0xFF, 0xFF, 0xFF, 0xFF,
	0xFF, 0xFF, 0xFF, 0xFF, 0xFF, 0xFF, 0xFF, 0xFF, 0xFF, 0xFF, 0xFF, 0xFF,
	0xFF, 0xFF, 0xFF, 0xFF, 0xFF, 0xFF, 0xFF, 0xFF, 0xFF, 0xFF, 0xFF, 0xFF,
	0xFF, 0xFF, 0xFF, 0xFF, 0xFF, 0xFF, 0xFF, 0xFF, 0xFF, 0xFF, 0xFF, 0xFF,
	0xFF, 0xFF, 0xFF, 0xFF, 0xFF, 0xFF, 0xFF, 0xFF, 0xFF, 0xFF, 0xFF, 0xFF,
	0xFF, 0xFF, 0xFF, 0xFF, 0xFF, 0xFF, 0xFF, 0xFF, 0xFF, 0xFF, 0xFF, 0xFF,
	0xFF, 0xFF, 0xFF, 0xFF, 0xFF, 0xFF, 0xFF, 0xFF, 0xFF, 0xFF, 0xFF, 0xFF,
	0xFF, 0xFF, 0xFF, 0xFF, 0xFF, 0xFF, 0xFF, 0xFF, 0xFF, 0xFF, 0xFF, 0xFF,
	0xFF, 0xFF, 0xFF, 0xFF, 0xFF, 0xFF, 0xFF, 0xFF, 0xFF, 0xFF, 0xFF, 0xFF,
	0xFF, 0xFF, 0xFF, 0xFF, 0xFF, 0xFF, 0xFF, 0xFF, 0xFF, 0xFF, 0xFF, 0xFF,
	0xFF, 0xFF, 0xFF, 0xFF, 0xFF, 0xFF, 0xFF, 0xFF, 0xFF, 0xFF, 0xFF, 0xFF,
	0xFF, 0xFF, 0xFF, 0xFF, 0xFF, 0xFF, 0xFF, 0xFF, 0xFF, 0xFF, 0xFF, 0xFF,
	0xFF, 0xFF, 0xFF, 0xFF, 0xFF, 0xFF, 0xFF, 0xFF, 0xFF, 0xFF, 0xFF, 0xFF,
	0xFF, 0xFF, 0xFF, 0xFF, 0xFF, 0xFF, 0xFF, 0xFF, 0xFF, 0xFF, 0xFF, 0xFF,
	0xFF, 0xFF, 0xFF, 0xFF, 0xFF, 0xFF, 0xFF, 0xFF, 0xFF, 0xFF, 0xFF, 0xFF,
	0xFF, 0xFF, 0xFF, 0xFF, 0xFF, 0xFF, 0xFF, 0xFF, 0xFF, 0xFF, 0xFF, 0xFF,
	0xFF, 0xFF, 0xFF, 0xFF, 0xFF, 0xFF, 0xFF, 0xFF, 0xFF, 0xFF, 0xFF, 0xFF,
	0xFF, 0xFF, 0xFF, 0xFF, 0xFF, 0xFF, 0xFF, 0xFF, 0xFF, 0xFF, 0xFF, 0xFF,
	0xFF, 0xFF, 0xFF, 0xFF, 0xFF, 0xFF, 0xFF, 0xFF, 0xFF, 0xFF, 0xFF, 0xFF,
	0xFF, 0xFF, 0xFF, 0xFF, 0xFF, 0xFF, 0xFF, 0xFF, 0xFF, 0xFF, 0xFF, 0xFF,
	0xFF, 0xFF, 0xFF, 0xFF, 0xFF, 0xFF, 0xFF, 0xFF, 0xFF, 0xFF, 0xFF, 0xFF,
	0xFF, 0xFF, 0xFF, 0xFF, 0xFF, 0xFF, 0xFF, 0xFF, 0xFF, 0xFF, 0xFF, 0xFF,
	0xFF, 0xFF, 0xFF, 0xFF, 0xFF, 0xFF, 0xFF, 0xFF, 0xFF, 0xFF, 0xFF, 0xFF,
	0xFF, 0xFF, 0xFF, 0xFF, 0xFF, 0xFF, 0xFF, 0xFF, 0xFF, 0xFF, 0xFF, 0xFF,
	0xFF, 0xFF, 0xFF, 0xFF, 0xFF, 0xFF, 0xFF, 0xFF, 0xFF, 0xFF, 0xFF, 0xFF,
	0xFF, 0xFF, 0xFF, 0xFF, 0xFF, 0xFF, 0xFF, 0xFF, 0xFF, 0xFF, 0xFF, 0xFF,
	0xFF, 0xFF, 0xFF, 0xFF, 0xFF, 0xFF, 0xFF, 0xFF, 0xFF, 0xFF, 0xFF, 0xFF,
	0xFF, 0xFF, 0xFF, 0xFF, 0xFF, 0xFF, 0xFF, 0xFF, 0xFF, 0xFF, 0xFF, 0xFF,
	0xFF, 0xFF, 0xFF, 0xFF, 0xFF, 0xFF, 0xFF, 0xFF, 0xFF, 0xFF, 0xFF, 0xFF,
	0xFF, 0xFF, 0xFF, 0xFF, 0xFF, 0xFF, 0xFF, 0xFF, 0xFF, 0xFF, 0xFF, 0xFF,
	0xFF, 0xFF, 0xFF, 0xFF, 0xFF, 0xFF, 0xFF, 0xFF, 0xFF, 0xFF, 0xFF, 0xFF,
	0xFF, 0xFF, 0xFF, 0xFF, 0xFF, 0xFF, 0xFF, 0xFF, 0xFF, 0xFF, 0xFF, 0xFF,
	0xFF, 0xFF, 0xFF, 0xFF, 0xFF, 0xFF, 0xFF, 0xFF, 0xFF, 0xFF, 0xFF, 0xFF,
	0xFF, 0xFF, 0xFF, 0xFF, 0xFF, 0xFF, 0xFF, 0xFF, 0xFF, 0xFF, 0xFF, 0xFF,
	0xFF, 0xFF, 0xFF, 0xFF, 0xFF, 0xFF, 0xFF, 0xFF, 0xFF, 0xFF, 0xFF, 0xFF,
	0xFF, 0xFF, 0xFF, 0xFF, 0xFF, 0xFF, 0xFF, 0xFF, 0xFF, 0xFF, 0xFF, 0xFF,
	0xFF, 0xFF, 0xFF, 0xFF, 0xFF, 0xFF, 0xFF, 0xFF, 0xFF, 0xFF, 0xFF, 0xFF,
	0xFF, 0xFF, 0xFF, 0xFF, 0xFF, 0xFF, 0xFF, 0xFF, 0xFF, 0xFF, 0xFF, 0xFF,
	0xFF, 0xFF, 0xFF, 0xFF, 0xFF, 0xFF, 0xFF, 0xFF, 0xFF, 0xFF, 0xFF, 0xFF,
	0xFF, 0xFF, 0xFF, 0xFF, 0xFF, 0xFF, 0xFF, 0xFF, 0xFF, 0xFF, 0xFF, 0xFF,
	0xFF, 0xFF, 0xFF, 0xFF, 0xFF, 0xFF, 0xFF, 0xFF, 0xFF, 0xFF, 0xFF, 0xFF,
	0xFF, 0xFF, 0xFF, 0xFF, 0xFF, 0xFF, 0xFF, 0xFF, 0xFF, 0xFF, 0xFF, 0xFF,
	0xFF, 0xFF, 0xFF, 0xFF, 0xFF, 0xFF, 0xFF, 0xFF, 0xFF, 0xFF, 0xFF, 0xFF,
	0xFF, 0xFF, 0xFF, 0xFF, 0xFF, 0xFF, 0xFF, 0xFF, 0xFF, 0xFF, 0xFF, 0xFF,
	0xFF, 0xFF, 0xFF, 0xFF, 0xFF, 0xFF, 0xFF, 0xFF, 0xFF, 0xFF, 0xFF, 0xFF,
	0xFF, 0xFF, 0xFF, 0xFF, 0xFF, 0xFF, 0xFF, 0xFF, 0xFF, 0xFF, 0xFF, 0xFF,
	0xFF, 0xFF, 0xFF, 0xFF, 0xFF, 0xFF, 0xFF, 0xFF, 0xFF, 0xFF, 0xFF, 0xFF,
	0xFF, 0xFF, 0xFF, 0xFF, 0xFF, 0xFF, 0xFF, 0xFF, 0xFF, 0xFF, 0xFF, 0xFF,
	0xFF, 0xFF, 0xFF, 0xFF, 0xFF, 0xFF, 0xFF, 0xFF, 0xFF, 0xFF, 0xFF, 0xFF,
	0xFF, 0xFF, 0xFF, 0xFF, 0xFF, 0xFF, 0xFF, 0xFF, 0xFF, 0xFF, 0xFF, 0xFF,
	0xFF, 0xFF, 0xFF, 0xFF, 0xFF, 0xFF, 0xFF, 0xFF, 0xFF, 0xFF, 0xFF, 0xFF,
	0xFF, 0xFF, 0xFF, 0xFF, 0xFF, 0xFF, 0xFF, 0xFF, 0xFF, 0xFF, 0xFF, 0xFF,
	0xFF, 0xFF, 0xFF, 0xFF, 0xFF, 0xFF, 0xFF, 0xFF, 0xFF, 0xFF, 0xFF, 0xFF,
	0xFF, 0xFF, 0xFF, 0xFF, 0xFF, 0xFF, 0xFF, 0xFF, 0xFF, 0xFF, 0xFF, 0xFF,
	0xFF, 0xFF, 0xFF, 0xFF, 0xFF, 0xFF, 0xFF, 0xFF, 0xFF, 0xFF, 0xFF, 0xFF,
	0xFF, 0xFF, 0xFF, 0xFF, 0xFF, 0xFF, 0xFF, 0xFF, 0xFF, 0xFF, 0xFF, 0xFF,
	0xFF, 0xFF, 0xFF, 0xFF, 0xFF, 0xFF, 0xFF, 0xFF, 0xFF, 0xFF, 0xFF, 0xFF,
	0xFF, 0xFF, 0xFF, 0xFF, 0xFF, 0xFF, 0xFF, 0xFF, 0xFF, 0xFF, 0xFF, 0xFF,
	0xFF, 0xFF, 0xFF, 0xFF, 0xFF, 0xFF, 0xFF, 0xFF, 0xFF, 0xFF, 0xFF, 0xFF,
	0xFF, 0xFF, 0xFF, 0xFF, 0xFF, 0xFF, 0xFF, 0xFF, 0xFF, 0xFF, 0xFF, 0xFF,
	0xFF, 0xFF, 0xFF, 0xFF, 0xFF, 0xFF, 0xFF, 0xFF, 0xFF, 0xFF, 0xFF, 0xFF,
	0xFF, 0xFF, 0xFF, 0xFF, 0xFF, 0xFF, 0xFF, 0xFF, 0xFF, 0xFF, 0xFF, 0xFF,
	0xFF, 0xFF, 0xFF, 0xFF, 0xFF, 0xFF, 0xFF, 0xFF, 0xFF, 0xFF, 0xFF, 0xFF,
	0xFF, 0xFF, 0xFF, 0xFF, 0xFF, 0xFF, 0xFF, 0xFF, 0xFF, 0xFF, 0xFF, 0xFF,
	0xFF, 0xFF, 0xFF, 0xFF, 0xFF, 0xFF, 0xFF, 0xFF, 0xFF, 0xFF, 0xFF, 0xFF,
	0xFF, 0xFF, 0xFF, 0xFF, 0xFF, 0xFF, 0xFF, 0xFF, 0xFF, 0xFF, 0xFF, 0xFF,
	0xFF, 0xFF, 0xFF, 0xFF, 0xFF, 0xFF, 0xFF, 0xFF, 0xFF, 0xFF, 0xFF, 0xFF,
	0xFF, 0xFF, 0xFF, 0xFF, 0xFF, 0xFF, 0xFF, 0xFF, 0xFF, 0xFF, 0xFF, 0xFF,
	0xFF, 0xFF, 0xFF, 0xFF, 0xFF, 0xFF, 0xFF, 0xFF, 0xFF, 0xFF, 0xFF, 0xFF,
	0xFF, 0xFF, 0xFF, 0xFF, 0xFF, 0xFF, 0xFF, 0xFF, 0xFF, 0xFF, 0xFF, 0xFF,
	0xFF, 0xFF, 0xFF, 0xFF, 0xFF, 0xFF, 0xFF, 0xFF, 0xFF, 0xFF, 0xFF, 0xFF,
	0xFF, 0xFF, 0xFF, 0xFF, 0xFF, 0xFF, 0xFF, 0xFF, 0xFF, 0xFF, 0xFF, 0xFF,
	0xFF, 0xFF, 0xFF, 0xFF, 0xFF, 0xFF, 0xFF, 0xFF, 0xFF, 0xFF, 0xFF, 0xFF,
	0xFF, 0xFF, 0xFF, 0xFF, 0xFF, 0xFF, 0xFF, 0xFF, 0xFF, 0xFF, 0xFF, 0xFF,
	0xFF, 0xFF, 0xFF, 0xFF, 0xFF, 0xFF, 0xFF, 0xFF, 0xFF, 0xFF, 0xFF, 0xFF,
	0xFF, 0xFF, 0xFF, 0xFF, 0xFF, 0xFF, 0xFF, 0xFF, 0xFF, 0xFF, 0xFF, 0xFF,
	0xFF, 0xFF, 0xFF, 0xFF, 0xFF, 0xFF, 0xFF, 0xFF, 0xFF, 0xFF, 0xFF, 0xFF,
	0xFF, 0xFF, 0xFF, 0xFF, 0xFF, 0xFF, 0xFF, 0xFF, 0xFF, 0xFF, 0xFF, 0xFF,
	0xFF, 0xFF, 0xFF, 0xFF, 0xFF, 0xFF, 0xFF, 0xFF, 0xFF, 0xFF, 0xFF, 0xFF,
	0xFF, 0xFF, 0xFF, 0xFF, 0xFF, 0xFF, 0xFF, 0xFF, 0xFF, 0xFF, 0xFF, 0xFF,
	0xFF, 0xFF, 0xFF, 0xFF, 0xFF, 0xFF, 0xFF, 0xFF, 0xFF, 0xFF, 0xFF, 0xFF,
	0xFF, 0xFF, 0xFF, 0xFF, 0xFF, 0xFF, 0xFF, 0xFF, 0xFF, 0xFF, 0xFF, 0xFF,
	0xFF, 0xFF, 0xFF, 0xFF, 0xFF, 0xFF, 0xFF, 0xFF, 0xFF, 0xFF, 0xFF, 0xFF,
	0xFF, 0xFF, 0xFF, 0xFF, 0xFF, 0xFF, 0xFF, 0xFF, 0xFF, 0xFF, 0xFF, 0xFF,
	0xFF, 0xFF, 0xFF, 0xFF, 0xFF, 0xFF, 0xFF, 0xFF, 0xFF, 0xFF, 0xFF, 0xFF,
	0xFF, 0xFF, 0xFF, 0xFF, 0xFF, 0xFF, 0xFF, 0xFF, 0xFF, 0xFF, 0xFF, 0xFF,
	0xFF, 0xFF, 0xFF, 0xFF, 0xFF, 0xFF, 0xFF, 0xFF, 0xFF, 0xFF, 0xFF, 0xFF,
	0xFF, 0xFF, 0xFF, 0xFF, 0xFF, 0xFF, 0xFF, 0xFF, 0xFF, 0xFF, 0xFF, 0xFF,
	0xFF, 0xFF, 0xFF, 0xFF, 0xFF, 0xFF, 0xFF, 0xFF, 0xFF, 0xFF, 0xFF, 0xFF,
	0xFF, 0xFF, 0xFF, 0xFF, 0xFF, 0xFF, 0xFF, 0xFF, 0xFF, 0xFF, 0xFF, 0xFF,
	0xFF, 0xFF, 0xFF, 0xFF, 0xFF, 0xFF, 0xFF, 0xFF, 0xFF, 0xFF, 0xFF, 0xFF,
	0xFF, 0xFF, 0xFF, 0xFF, 0xFF, 0xFF, 0xFF, 0xFF, 0xFF, 0xFF, 0xFF, 0xFF,
	0xFF, 0xFF, 0xFF, 0xFF, 0xFF, 0xFF, 0xFF, 0xFF, 0xFF, 0xFF, 0xFF, 0xFF,
	0xFF, 0xFF, 0xFF, 0xFF, 0xFF, 0xFF, 0xFF, 0xFF, 0xFF, 0xFF, 0xFF, 0xFF,
	0xFF, 0xFF, 0xFF, 0xFF, 0xFF, 0xFF, 0xFF, 0xFF, 0xFF, 0xFF, 0xFF, 0xFF,
	0xFF, 0xFF, 0xFF, 0xFF, 0xFF, 0xFF, 0xFF, 0xFF, 0xFF, 0xFF, 0xFF, 0xFF,
	0xFF, 0xFF, 0xFF, 0xFF, 0xFF, 0xFF, 0xFF, 0xFF, 0xFF, 0xFF, 0xFF, 0xFF,
	0xFF, 0xFF, 0xFF, 0xFF, 0xFF, 0xFF, 0xFF, 0xFF, 0xFF, 0xFF, 0xFF, 0xFF,
	0xFF, 0xFF, 0xFF, 0xFF, 0xFF, 0xFF, 0xFF, 0xFF, 0xFF, 0xFF, 0xFF, 0xFF,
	0xFF, 0xFF, 0xFF, 0xFF, 0xFF, 0xFF, 0xFF, 0xFF, 0xFF, 0xFF, 0xFF, 0xFF,
	0xFF, 0xFF, 0xFF, 0xFF, 0xFF, 0xFF, 0xFF, 0xFF, 0xFF, 0xFF, 0xFF, 0xFF,
	0xFF, 0xFF, 0xFF, 0xFF, 0xFF, 0xFF, 0xFF, 0xFF, 0xFF, 0xFF, 0xFF, 0xFF,
	0xFF, 0xFF, 0xFF, 0xFF, 0xFF, 0xFF, 0xFF, 0xFF, 0xFF, 0xFF, 0xFF, 0xFF,
	0xFF, 0xFF, 0xFF, 0xFF, 0xFF, 0xFF, 0xFF, 0xFF, 0xFF, 0xFF, 0xFF, 0xFF,
	0xFF, 0xFF, 0xFF, 0xFF, 0xFF, 0xFF, 0xFF, 0xFF, 0xFF, 0xFF, 0xFF, 0xFF,
	0xFF, 0xFF, 0xFF, 0xFF, 0xFF, 0xFF, 0xFF, 0xFF, 0xFF, 0xFF, 0xFF, 0xFF,
	0xFF, 0xFF, 0xFF, 0xFF, 0xFF, 0xFF, 0xFF, 0xFF, 0xFF, 0xFF, 0xFF, 0xFF,
	0xFF, 0xFF, 0xFF, 0xFF, 0xFF, 0xFF, 0xFF, 0xFF, 0xFF, 0xFF, 0xFF, 0xFF,
	0xFF, 0xFF, 0xFF, 0xFF, 0xFF, 0xFF, 0xFF, 0xFF, 0xFF, 0xFF, 0xFF, 0xFF,
	0xFF, 0xFF, 0xFF, 0xFF, 0xFF, 0xFF, 0xFF, 0xFF, 0xFF, 0xFF, 0xFF, 0xFF,
	0xFF, 0xFF, 0xFF, 0xFF, 0xFF, 0xFF, 0xFF, 0xFF, 0xFF, 0xFF, 0xFF, 0xFF,
	0xFF, 0xFF, 0xFF, 0xFF, 0xFF, 0xFF, 0xFF, 0xFF, 0xFF, 0xFF, 0xFF, 0xFF,
	0xFF, 0xFF, 0xFF, 0xFF, 0xFF, 0xFF, 0xFF, 0xFF, 0xFF, 0xFF, 0xFF, 0xFF,
	0xFF, 0xFF, 0xFF, 0xFF, 0xFF, 0xFF, 0xFF, 0xFF, 0xFF, 0xFF, 0xFF, 0xFF,
	0xFF, 0xFF, 0xFF, 0xFF, 0xFF, 0xFF, 0xFF, 0xFF, 0xFF, 0xFF, 0xFF, 0xFF,
	0xFF, 0xFF, 0xFF, 0xFF, 0xFF, 0xFF, 0xFF, 0xFF, 0xFF, 0xFF, 0xFF, 0xFF,
	0xFF, 0xFF, 0xFF, 0xFF, 0xFF, 0xFF, 0xFF, 0xFF, 0xFF, 0xFF, 0xFF, 0xFF,
	0xFF, 0xFF, 0xFF, 0xFF, 0xFF, 0xFF, 0xFF, 0xFF, 0xFF, 0xFF, 0xFF, 0xFF,
	0xFF, 0xFF, 0xFF, 0xFF, 0xFF, 0xFF, 0xFF, 0xFF, 0xFF, 0xFF, 0xFF, 0xFF,
	0xFF, 0xFF, 0xFF, 0xFF, 0xFF, 0xFF, 0xFF, 0xFF, 0xFF, 0xFF, 0xFF, 0xFF,
	0xFF, 0xFF, 0xFF, 0xFF, 0xFF, 0xFF, 0xFF, 0xFF, 0xFF, 0xFF, 0xFF, 0xFF,
	0xFF, 0xFF, 0xFF, 0xFF, 0xFF, 0xFF, 0xFF, 0xFF, 0xFF, 0xFF, 0xFF, 0xFF,
	0xFF, 0xFF, 0xFF, 0xFF, 0xFF, 0xFF, 0xFF, 0xFF, 0xFF, 0xFF, 0xFF, 0xFF,
	0xFF, 0xFF, 0xFF, 0xFF, 0xFF, 0xFF, 0xFF, 0xFF, 0xFF, 0xFF, 0xFF, 0xFF,
	0xFF, 0xFF, 0xFF, 0xFF, 0xFF, 0xFF, 0xFF, 0xFF, 0xFF, 0xFF, 0xFF, 0xFF,
	0xFF, 0xFF, 0xFF, 0xFF, 0xFF, 0xFF, 0xFF, 0xFF, 0xFF, 0xFF, 0xFF, 0xFF,
	0xFF, 0xFF, 0xFF, 0xFF, 0xFF, 0xFF, 0xFF, 0xFF, 0xFF, 0xFF, 0xFF, 0xFF,
	0xFF, 0xFF, 0xFF, 0xFF, 0xFF, 0xFF, 0xFF, 0xFF, 0xFF, 0xFF, 0xFF, 0xFF,
	0xFF, 0xFF, 0xFF, 0xFF, 0xFF, 0xFF, 0xFF, 0xFF, 0xFF, 0xFF, 0xFF, 0xFF,
	0xFF, 0xFF, 0xFF, 0xFF, 0xFF, 0xFF, 0xFF, 0xFF, 0xFF, 0xFF, 0xFF, 0xFF,
	0xFF, 0xFF, 0xFF, 0xFF, 0xFF, 0xFF, 0xFF, 0xFF, 0xFF, 0xFF, 0xFF, 0xFF,
	0xFF, 0xFF, 0xFF, 0xFF, 0xFF, 0xFF, 0xFF, 0xFF, 0xFF, 0xFF, 0xFF, 0xFF,
	0xFF, 0xFF, 0xFF, 0xFF, 0xFF, 0xFF, 0xFF, 0xFF, 0xFF, 0xFF, 0xFF, 0xFF,
	0xFF, 0xFF, 0xFF, 0xFF, 0xFF, 0xFF, 0xFF, 0xFF, 0xFF, 0xFF, 0xFF, 0xFF,
	0xFF, 0xFF, 0xFF, 0xFF, 0xFF, 0xFF, 0xFF, 0xFF, 0xFF, 0xFF, 0xFF, 0xFF,
	0xFF, 0xFF, 0xFF, 0xFF, 0xFF, 0xFF, 0xFF, 0xFF, 0xFF, 0xFF, 0xFF, 0xFF,
	0xFF, 0xFF, 0xFF, 0xFF, 0xFF, 0xFF, 0xFF, 0xFF, 0xFF, 0xFF, 0xFF, 0xFF,
	0xFF, 0xFF, 0xFF, 0xFF, 0xFF, 0xFF, 0xFF, 0xFF, 0xFF, 0xFF, 0xFF, 0xFF,
	0xFF, 0xFF, 0xFF, 0xFF, 0xFF, 0xFF, 0xFF, 0xFF, 0xFF, 0xFF, 0xFF, 0xFF,
	0xFF, 0xFF, 0xFF, 0xFF, 0xFF, 0xFF, 0xFF, 0xFF, 0xFF, 0xFF, 0xFF, 0xFF,
	0xFF, 0xFF, 0xFF, 0xFF, 0xFF, 0xFF, 0xFF, 0xFF, 0xFF, 0xFF, 0xFF, 0xFF,
	0xFF, 0xFF, 0xFF, 0xFF, 0xFF, 0xFF, 0xFF, 0xFF, 0xFF, 0xFF, 0xFF, 0xFF,
	0xFF, 0xFF, 0xFF, 0xFF, 0xFF, 0xFF, 0xFF, 0xFF, 0xFF, 0xFF, 0xFF, 0xFF,
	0xFF, 0xFF, 0xFF, 0xFF, 0xFF, 0xFF, 0xFF, 0xFF, 0xFF, 0xFF, 0xFF, 0xFF,
	0xFF, 0xFF, 0xFF, 0xFF, 0xFF, 0xFF, 0xFF, 0xFF, 0xFF, 0xFF, 0xFF, 0xFF,
	0xFF, 0xFF, 0xFF, 0xFF, 0xFF, 0xFF, 0xFF, 0xFF, 0xFF, 0xFF, 0xFF, 0xFF,
	0xFF, 0xFF, 0xFF, 0xFF, 0xFF, 0xFF, 0xFF, 0xFF, 0xFF, 0xFF, 0xFF, 0xFF,
	0xFF, 0xFF, 0xFF, 0xFF, 0xFF, 0xFF, 0xFF, 0xFF, 0xFF, 0xFF, 0xFF, 0xFF,
	0xFF, 0xFF, 0xFF, 0xFF, 0xFF, 0xFF, 0xFF, 0xFF, 0xFF, 0xFF, 0xFF, 0xFF,
	0xFF, 0xFF, 0xFF, 0xFF, 0xFF, 0xFF, 0xFF, 0xFF, 0xFF, 0xFF, 0xFF, 0xFF,
	0xFF, 0xFF, 0xFF, 0xFF, 0xFF, 0xFF, 0xFF, 0xFF, 0xFF, 0xFF, 0xFF, 0xFF,
	0xFF, 0xFF, 0xFF, 0xFF, 0xFF, 0xFF, 0xFF, 0xFF, 0xFF, 0xFF, 0xFF, 0xFF,
	0xFF, 0xFF, 0xFF, 0xFF, 0xFF, 0xFF, 0xFF, 0xFF, 0xFF, 0xFF, 0xFF, 0xFF,
	0xFF, 0xFF, 0xFF, 0xFF, 0xFF, 0xFF, 0xFF, 0xFF, 0xFF, 0xFF, 0xFF, 0xFF,
	0xFF, 0xFF, 0xFF, 0xFF, 0xFF, 0xFF, 0xFF, 0xFF, 0xFF, 0xFF, 0xFF, 0xFF,
	0xFF, 0xFF, 0xFF, 0xFF, 0xFF, 0xFF, 0xFF, 0xFF, 0xFF, 0xFF, 0xFF, 0xFF,
	0xFF, 0xFF, 0xFF, 0xFF, 0xFF, 0xFF, 0xFF, 0xFF, 0xFF, 0xFF, 0xFF, 0xFF,
	0xFF, 0xFF, 0xFF, 0xFF, 0xFF, 0xFF, 0xFF, 0xFF, 0xFF, 0xFF, 0xFF, 0xFF,
	0xFF, 0xFF, 0xFF, 0xFF, 0xFF, 0xFF, 0xFF, 0xFF, 0xFF, 0xFF, 0xFF, 0xFF,
	0xFF, 0xFF, 0xFF, 0xFF, 0xFF, 0xFF, 0xFF, 0xFF, 0xFF, 0xFF, 0xFF, 0xFF,
	0xFF, 0xFF, 0xFF, 0xFF, 0xFF, 0xFF, 0xFF, 0xFF, 0xFF, 0xFF, 0xFF, 0xFF,
	0xFF, 0xFF, 0xFF, 0xFF, 0xFF, 0xFF, 0xFF, 0xFF, 0xFF, 0xFF, 0xFF, 0xFF,
	0xFF, 0xFF, 0xFF, 0xFF, 0xFF, 0xFF, 0xFF, 0xFF, 0xFF, 0xFF, 0xFF, 0xFF,
	0xFF, 0xFF, 0xFF, 0xFF, 0xFF, 0xFF, 0xFF, 0xFF, 0xFF, 0xFF, 0xFF, 0xFF,
	0xFF, 0xFF, 0xFF, 0xFF, 0xFF, 0xFF, 0xFF, 0xFF, 0xFF, 0xFF, 0xFF, 0xFF,
	0xFF, 0xFF, 0xFF, 0xFF, 0xFF, 0xFF, 0xFF, 0xFF, 0xFF, 0xFF, 0xFF, 0xFF,
	0xFF, 0xFF, 0xFF, 0xFF, 0xFF, 0xFF, 0xFF, 0xFF, 0xFF, 0xFF, 0xFF, 0xFF,
	0xFF, 0xFF, 0xFF, 0xFF, 0xFF, 0xFF, 0xFF, 0xFF, 0xFF, 0xFF, 0xFF, 0xFF,
	0xFF, 0xFF, 0xFF, 0xFF, 0xFF, 0xFF, 0xFF, 0xFF, 0xFF, 0xFF, 0xFF, 0xFF,
	0xFF, 0xFF, 0xFF, 0xFF, 0xFF, 0xFF, 0xFF, 0xFF, 0xFF, 0xFF, 0xFF, 0xFF,
	0xFF, 0xFF, 0xFF, 0xFF, 0xFF, 0xFF, 0xFF, 0xFF, 0xFF, 0xFF, 0xFF, 0xFF,
	0xFF, 0xFF, 0xFF, 0xFF, 0xFF, 0xFF, 0xFF, 0xFF, 0xFF, 0xFF, 0xFF, 0xFF,
	0xFF, 0xFF, 0xFF, 0xFF, 0xFF, 0xFF, 0xFF, 0xFF, 0xFF, 0xFF, 0xFF, 0xFF,
	0xFF, 0xFF, 0xFF, 0xFF, 0xFF, 0xFF, 0xFF, 0xFF, 0xFF, 0xFF, 0xFF, 0xFF,
	0xFF, 0xFF, 0xFF, 0xFF, 0xFF, 0xFF, 0xFF, 0xFF, 0xFF, 0xFF, 0xFF, 0xFF,
	0xFF, 0xFF, 0xFF, 0xFF, 0xFF, 0xFF, 0xFF, 0xFF, 0xFF, 0xFF, 0xFF, 0xFF,
	0xFF, 0xFF, 0xFF, 0xFF, 0xFF, 0xFF, 0xFF, 0xFF, 0xFF, 0xFF, 0xFF, 0xFF,
	0xFF, 0xFF, 0xFF, 0xFF, 0xFF, 0xFF, 0xFF, 0xFF, 0xFF, 0xFF, 0xFF, 0xFF,
	0xFF, 0xFF, 0xFF, 0xFF, 0xFF, 0xFF, 0xFF, 0xFF, 0xFF, 0xFF, 0xFF, 0xFF,
	0xFF, 0xFF, 0xFF, 0xFF, 0xFF, 0xFF, 0xFF, 0xFF, 0xFF, 0xFF, 0xFF, 0xFF,
	0xFF, 0xFF, 0xFF, 0xFF, 0xFF, 0xFF, 0xFF, 0xFF, 0xFF, 0xFF, 0xFF, 0xFF,
	0xFF, 0xFF, 0xFF, 0xFF, 0xFF, 0xFF, 0xFF, 0xFF, 0xFF, 0xFF, 0xFF, 0xFF,
	0xFF, 0xFF, 0xFF, 0xFF, 0xFF, 0xFF, 0xFF, 0xFF, 0xFF, 0xFF, 0xFF, 0xFF,
	0xFF, 0xFF, 0xFF, 0xFF, 0xFF, 0xFF, 0xFF, 0xFF, 0xFF, 0xFF, 0xFF, 0xFF,
	0xFF, 0xFF, 0xFF, 0xFF, 0xFF, 0xFF, 0xFF, 0xFF, 0xFF, 0xFF, 0xFF, 0xFF,
	0xFF, 0xFF, 0xFF, 0xFF, 0xFF, 0xFF, 0xFF, 0xFF, 0xFF, 0xFF, 0xFF, 0xFF,
	0xFF, 0xFF, 0xFF, 0xFF, 0xFF, 0xFF, 0xFF, 0xFF, 0xFF, 0xFF, 0xFF, 0xFF,
	0xFF, 0xFF, 0xFF, 0xFF, 0xDC, 0x82, 0xF5, 0x84, 0xBB, 0x2E, 0x1F, 0x1E,
	0xC6, 0x78, 0x98, 0xA4, 0xC9, 0xA0, 0x76, 0x00, 0x7E, 0x61, 0x89, 0x4C,
	0x73, 0xE9, 0xCE, 0xEC, 0xF0, 0x25, 0xED, 0xD3, 0xB8, 0x5D, 0xAD, 0xD0,
	0xB0, 0x43, 0x94, 0xEC, 0xE7, 0xB2, 0x65, 0x2A, 0x6B, 0x41, 0xEB, 0xC3,
	0x29, 0x7C, 0x3F, 0x6D, 0x75, 0x7D, 0xDD, 0xB2, 0xAC, 0x86, 0x67, 0x13,
	0x94, 0x6E, 0x96, 0xA9, 0xF2, 0xE4, 0x87, 0xD5, 0x16, 0xA5, 0x6E, 0x1E,
	0xCE, 0x3B, 0xC7, 0x93, 0xDB, 0xE2, 0xFA, 0xD8, 0xA8, 0x4B, 0x13, 0x40,
	0xCB, 0xEC, 0x76, 0x37, 0xEE, 0x88, 0x91, 0x85, 0x0D, 0xB8, 0x45, 0x86,
	0x8A, 0x23, 0x1A, 0x49, 0xDC, 0xF5, 0x7F, 0xB7, 0xCF, 0xC6, 0x10, 0xA8,
	0x04, 0x0C, 0xBF, 0xBC, 0x2B, 0x85, 0x1F, 0x4D, 0xE4, 0xF8, 0xDB, 0x5D,
	0xCE, 0xB6, 0x38, 0x98, 0x6B, 0x09, 0x01, 0x3C, 0xD1, 0x3A, 0x0C, 0x07,
	0x22, 0xC4, 0x2A, 0xB3, 0xE3, 0x43, 0xAF, 0x80, 0xBA, 0x18, 0x40, 0x1D,
	0x2E, 0x03, 0x6F, 0x54, 0xBB, 0x5D, 0xC8, 0xB2, 0x33, 0xEA, 0x6A, 0x9E,
	0x3D, 0xF4, 0x80, 0x49, 0x74, 0x8C, 0xA5, 0xB4, 0x38, 0xD7, 0x0A, 0x58,
	0xE0, 0xAC, 0x53, 0xFE, 0x46, 0x3B, 0x33, 0x2E, 0xA1, 0xA5, 0x40, 0x93,
	0xFC, 0x12, 0x6C, 0x5A, 0x4A, 0xE6, 0x3A, 0x9A, 0xC4, 0x44, 0xAF, 0xFD,
	0x5F, 0xD8, 0x95, 0x71, 0xD9, 0x46, 0x11, 0x19, 0xDC, 0xC6, 0x76, 0x58,
	0x86, 0xBD, 0x13, 0x33, 0x9E, 0x2E, 0xDF, 0x6D, 0x73, 0x4A, 0x88, 0x56,
	0x29, 0xF1, 0xA7, 0x7F, 0x42, 0xC3, 0x0D, 0x04, 0x2C, 0x8B, 0x36, 0x61,
	0x28, 0xE7, 0x4B, 0x99, 0x6D, 0x7C, 0x06, 0x0D, 0x19, 0x08, 0x0E, 0x4C,
	0x2B, 0x89, 0x55, 0x5D, 0xC3, 0x3D, 0x91, 0x5E, 0xD1, 0x22, 0xC2, 0x73,
	0x7A, 0xDC, 0xCD, 0x14, 0xF7, 0x12, 0xD2, 0x6F, 0xAA, 0x15, 0xE9, 0xD1,
	0xC5, 0x3D, 0xBA, 0x68, 0x22, 0x8E, 0x44, 0xF9, 0x5F, 0xB1, 0x14, 0x5E,
	0x05, 0x78, 0x9B, 0x65, 0x56, 0x61, 0xF6, 0xFB, 0x1B, 0xB7, 0x57, 0x8D,
	0xA7, 0x91, 0xF4, 0x75, 0x97, 0xBD, 0xA7, 0xAF, 0x2B, 0x62, 0xE5, 0x07,
	0x81, 0xAB, 0xEF, 0x6E, 0x05, 0x18, 0x1C, 0x43, 0xBE, 0x8A, 0xF9, 0x57,
	0x60, 0xA9, 0x26, 0xB4, 0x32, 0x08, 0x70, 0x13, 0xBD, 0xF6, 0x7D, 0x6A,
	0x5D, 0x12, 0x3F, 0x93, 0x3D, 0x25, 0xF1, 0x73, 0xE0, 0x98, 0xBE, 0xFE,
	0x9B, 0xD8, 0x60, 0x95, 0x45, 0xF7, 0x36, 0x09, 0x90, 0x82, 0x56, 0xE1,
	0x70, 0xC1, 0x78, 0x7E, 0xBC, 0x10, 0x44, 0xD9, 0x0F, 0x28, 0xA3, 0xF6,
	0xCE, 0x64, 0x7B, 0x40, 0x68, 0x58, 0xFE, 0xB1, 0x6C, 0xC3, 0xC8, 0x21,
	0x6B, 0x33, 0x94, 0x6A, 0x4F, 0x22, 0x56, 0x32, 0x61, 0x64, 0xE3, 0x93,
	0x0A, 0xC1, 0x83, 0x18, 0x19, 0xBF, 0x5B, 0x0C, 0x58, 0xCC, 0x79, 0x66,
	0x0D, 0x57, 0xC8, 0xBD, 0x95, 0xBA, 0x92, 0x85, 0xE5, 0xB9, 0xF7, 0xFE,
	0xC0, 0x31, 0x21, 0x7D, 0xB7, 0x76, 0x83, 0x05, 0x50, 0x2B, 0x99, 0xDA,
	0x66, 0x03, 0x0B, 0x9B, 0x41, 0x83, 0xDE, 0x48, 0x31, 0x5B, 0xDA, 0x8C,
	0x12, 0x4F, 0x09, 0xB6, 0x94, 0x53, 0x83, 0x1F, 0xBB, 0x1A, 0x88, 0xB3,
	0xFA, 0x59, 0xCC, 0xF8, 0x04, 0x85, 0x3B, 0x50, 0xEA, 0xDB, 0x00, 0x5A,
	0xF4, 0x89, 0x91, 0x90, 0x42, 0xFF, 0x56, 0x44, 0xAD, 0xA4, 0xE9, 0x93,
	0x9D, 0x4D, 0x33, 0xF4, 0xBF, 0x53, 0xCC, 0x43, 0x5D, 0xD9, 0xD8, 0xD0,
	0x31, 0x63, 0x12, 0xE8, 0x89, 0x7E, 0xEA, 0xA5, 0x26, 0x56, 0xD6, 0x13,
	0x9E, 0xFC, 0x2D, 0x86, 0x3A, 0x8E, 0x5F, 0x18, 0x8E, 0x14, 0xC7, 0x4B,
	0x2B, 0xFA, 0xFD, 0x60, 0xF6, 0xED, 0x87, 0x38, 0x09, 0x8D, 0xA5, 0xDB,
	0x7D, 0xFE, 0xAC, 0xFC, 0xA4, 0x7C, 0x3C, 0x3A, 0x08, 0xF2, 0x77, 0x9E,
	0x85, 0xCA, 0x6E, 0x34, 0x4B, 0xA0, 0x4A, 0x97, 0x8B, 0x66, 0x23, 0xB1,
	0xEA, 0x18, 0x62, 0x6B, 0x31, 0x43, 0x77, 0xD7, 0xBE, 0x78, 0xF2, 0x19,
	0x7F, 0x9E, 0x3F, 0xD3, 0xD9, 0x2A, 0x85, 0xE4, 0x95, 0x7D, 0xFF, 0x66,
	0x3B, 0xF6, 0x57, 0x6B, 0x61, 0xBA, 0x96, 0x85, 0xAF, 0x11, 0x7B, 0x04,
	0x3C, 0x56, 0xCF, 0x54, 0xBD, 0x31, 0xFA, 0x46, 0xE1, 0x13, 0x25, 0x02,
	0x44, 0x88, 0x95, 0x90, 0x71, 0x8C, 0x91, 0xD5, 0x1F, 0x3D, 0x2F, 0xA8,
	0x94, 0xA6, 0xEC, 0x18, 0xBA, 0xA9, 0x03, 0xAD, 0x76, 0x8E, 0x9E, 0xD1,
	0xFD, 0x56, 0x9A, 0x4A, 0x19, 0x48, 0xA0, 0xE5, 0x97, 0xC4, 0x7E, 0xC2,
	0x30, 0xBF, 0x4D, 0x60, 0x23, 0x3D, 0x3F, 0xD2, 0x1F, 0x7F, 0x3C, 0x5E,
	0x97, 0xEC, 0x2A, 0x5F, 0x46, 0x55, 0xFA, 0x79, 0xBC, 0xBF, 0x5C, 0x89,
	0xF8, 0x46, 0x88, 0x36, 0x9A, 0xA7, 0xEE, 0xEA, 0x47, 0xB2, 0x1D, 0xCD,
	0x12, 0xD7, 0xC6, 0xB1, 0x3E, 0xC0, 0xEE, 0x4F, 0x37, 0x85, 0x13, 0xB3,
	0x52, 0x90, 0xB8, 0xF8, 0xAE, 0x95, 0xF7, 0xEE, 0x50, 0xDD, 0x32, 0x02,
	0xFE, 0xED, 0xA9, 0x1E, 0x73, 0x31, 0xD7, 0x65, 0xFC, 0xF5, 0x63, 0x1B,
	0x15, 0x17, 0x38, 0xAA, 0xA7, 0x75, 0xB4, 0x2A, 0x79, 0x3C, 0x69, 0xD8,
	0x1B, 0xA2, 0xB7, 0xEA, 0xDA, 0xD7, 0xBB, 0x25, 0x5F, 0xFE, 0x3E, 0x02,
	0xD3, 0xC3, 0xFD, 0x22, 0xF9, 0xC0, 0xE7, 0x9B, 0x4F, 0x55, 0xF7, 0xD3,
	0x9D, 0x43, 0x6E, 0x5C, 0x2B, 0xE3, 0x93, 0x08, 0xC6, 0x5C, 0x64, 0x13,
	0x47, 0x49, 0x97, 0xFE, 0xA5, 0xE5, 0x51, 0x73, 0xF9, 0x4A, 0x12, 0xEA,
	0x5C, 0x71, 0x83, 0x20, 0x41, 0x32, 0x09, 0xBC, 0x7E, 0x6B, 0x31, 0x06,
	0x62, 0x2F, 0x2D, 0xEC, 0xA4, 0x11, 0xE0, 0x62, 0xB3, 0x22, 0x85, 0xA0,
	0x90, 0x7D, 0xB7, 0x53, 0xDA, 0xB4, 0x67, 0xAF, 0x62, 0xFF, 0xFA, 0xEF,
	0x43, 0x24, 0x28, 0x84, 0x6C, 0x9B, 0x61, 0xC4, 0x63, 0xD9, 0x00, 0x4F,
	0xE5, 0xE0, 0x0D, 0x09, 0xA9, 0x01, 0x9F, 0xA6, 0xC5, 0x88, 0xA1, 0x8F,
	0x7F, 0xFD, 0x12, 0x3E, 0xE6, 0x47, 0xF1, 0xF7, 0x1D, 0x8D, 0x6F, 0x5C,
	0x9E, 0x23, 0x1E, 0x9C, 0x18, 0x6B, 0x43, 0xAA, 0x80, 0x55, 0x6A, 0x26,
	0x8D, 0x41, 0x84, 0xDC, 0xFB, 0xBD, 0xCF, 0xD2, 0x16, 0xEF, 0x51, 0xBC,
	0x54, 0xF8, 0x70, 0x4D, 0x22, 0x9A, 0xD9, 0xCB, 0x81, 0x73, 0x45, 0xF9,
	0xF5, 0xEC, 0x27, 0x47, 0xD3, 0xFA, 0x8E, 0x21, 0xAD, 0xC1, 0x52, 0x63,
	0xF5, 0x9B, 0xBD, 0x4A, 0x27, 0xCC, 0x65, 0xB4, 0x38, 0x0D, 0xC4, 0xF3,
	0x36, 0x24, 0x52, 0xE4, 0x13, 0x9B, 0x6B, 0xBF, 0x03, 0x5F, 0xD4, 0x71,
	0xA9, 0x04, 0x0D, 0x9B, 0xF8, 0xE3, 0x7D, 0xD4, 0x0F, 0x60, 0xC1, 0xE9,
	0x8E, 0x47, 0x1C, 0x88, 0xDE, 0xFA, 0xC4, 0x69, 0xB9, 0x95, 0xC7, 0x9A,
	0x9C, 0xD1, 0xF1, 0x7C, 0xB7, 0x5D, 0xF4, 0x36, 0xBB, 0x97, 0xF3, 0x5F,
	0x8C, 0x55, 0xBD, 0xE5, 0xAD, 0xD6, 0xC0, 0x3B, 0xCE, 0xD8, 0x67, 0xAC,
	0x09, 0x68, 0x12, 0x26, 0x08, 0x6A, 0x71, 0x5B, 0x81, 0xED, 0x38, 0x61,
	0x74, 0xF7, 0x20, 0xCB, 0xF3, 0xE0, 0x3F, 0x02, 0x99, 0x88, 0x5B, 0xA4,
	0x2E, 0x6E, 0xCC, 0xC4, 0x6B, 0xDB, 0x87, 0xEE, 0x6C, 0xE5, 0x43, 0xDE,
	0x64, 0xE4, 0x09, 0xCC, 0x08, 0x9D, 0x00, 0x58, 0x3E, 0xEC, 0x9F, 0x47,
	0x8A, 0x78, 0xD9, 0x19, 0xD7, 0x84, 0x38, 0x15, 0x58, 0xAB, 0x9F, 0x32,
	0xD4, 0x2F, 0x2A, 0x35, 0x14, 0x6D, 0xCF, 0x53, 0x5E, 0x15, 0xEB, 0xAB,
	0xC4, 0xDD, 0x49, 0x68, 0x7D, 0xB6, 0xE5, 0xFB, 0x13, 0x05, 0xF0, 0xCD,
	0x80, 0x16, 0xE1, 0x3D, 0x12, 0x07, 0x0F, 0x77, 0x72, 0x17, 0x4D, 0x09,
	0x3E, 0xB0, 0x2D, 0x4E, 0x0A, 0x85, 0x0B, 0xFF, 0x00, 0xE7, 0x65, 0x28,
	0x96, 0x2B, 0xD8, 0x24, 0x5F, 0xCF, 0x80, 0xB4, 0x0F, 0xDF, 0x52, 0xC8,
	0xA7, 0x3F, 0xEC, 0xF5, 0xC0, 0x5A, 0x7A, 0xDB, 0x35, 0xE4, 0x59, 0x90,
	0x62, 0xFB, 0xED, 0xE9, 0xB7, 0xDB, 0x39, 0x8E, 0xEB, 0xD2, 0xD8, 0xB2,
	0x49, 0xD1, 0xA2, 0x5C, 0xE6, 0x87, 0x23, 0xBC, 0x0C, 0xFF, 0x5B, 0xAC,
	0x32, 0xBB, 0x65, 0xE4, 0x7D, 0x5D, 0xFD, 0xF1, 0x61, 0x9B, 0x96, 0x89,
	0x11, 0xD1, 0x1D, 0x97, 0xF4, 0x73, 0xB4, 0x38, 0x04, 0x3D, 0xFB, 0xF8,
	0x22, 0xC1, 0x1C, 0x88, 0x1A, 0xBF, 0xBE, 0x87, 0x65, 0x98, 0xFE, 0x39,
	0x41, 0x96, 0x94, 0xE9, 0x2E, 0x9A, 0x5B, 0x0D, 0x6D, 0xF6, 0x9C, 0xD8,
	0x7B, 0xB1, 0xF2, 0x05, 0x00, 0x98, 0x13, 0xC0, 0x02, 0x0A, 0x2B, 0x92,
	0xBE, 0x54, 0xE5, 0xA9, 0xD9, 0xE0, 0xC5, 0x84, 0xCE, 0x6E, 0x82, 0xE8,
	0xD3, 0xAD, 0x52, 0xE6, 0x0D, 0x93, 0xC2, 0x36, 0x4E, 0x1D, 0x87, 0x5D,
	0x0F, 0x0D, 0x05, 0x6E, 0xBB, 0x9E, 0x1A, 0xA7, 0x43, 0xD7, 0x8E, 0xA6,
	0x8C, 0xDE, 0x89, 0x65, 0xF7, 0x0B, 0x48, 0x0C, 0x4C, 0x7B, 0x18, 0x8A,
	0x5C, 0xD7, 0xB8, 0x60, 0x8D, 0xA9, 0xD6, 0x11, 0x6A, 0x1D, 0xB5, 0x0F,
	0xAF, 0x44, 0xE5, 0xE4, 0xA6, 0xB9, 0x93, 0x8B, 0xEF, 0xE7, 0x09, 0xC2,
	0x38, 0x50, 0x83, 0x72, 0xF2, 0x2B, 0x6E, 0xD0, 0x21, 0xE3, 0xD3, 0xBF,
	0x0B, 0xC3, 0x32, 0xFE, 0x47, 0x65, 0x0B, 0xBB, 0xD2, 0xF8, 0x82, 0xB6,
	0x03, 0xE4, 0x32, 0x13, 0x28, 0x1C, 0x94, 0x91, 0x98, 0x9B, 0x8D, 0x16,
	0xA9, 0x94, 0xA5, 0xFF, 0x69, 0xC9, 0x4B, 0x07, 0xDB, 0xC6, 0xB5, 0x18,
	0xDE, 0xE4, 0xDA, 0x48, 0x4B, 0x94, 0x07, 0xFC, 0xA5, 0x61, 0x12, 0xED,
	0xF7, 0x27, 0xB3, 0x2A, 0xEF, 0xDD, 0x96, 0x17, 0x03, 0xB4, 0xCF, 0x70,
	0x5A, 0x72, 0xB2, 0x30, 0x67, 0x04, 0x5D, 0xC5, 0x80, 0x19, 0x89, 0x7F,
	0x8C, 0xB5, 0x2A, 0x8D, 0xC7, 0xFE, 0x1C, 0xD0, 0x86, 0xBE, 0xB3, 0x73,
	0x43, 0x9C, 0xF7, 0xCF, 0x3F, 0xE8, 0x98, 0xD0, 0x47, 0xF0, 0x5C, 0x20,
	0x2B, 0x55, 0xB0, 0x04, 0xDF, 0x40, 0xD3, 0xF8, 0x74, 0x11, 0x72, 0xA5,
	0x2E, 0x51, 0x53, 0x26, 0x0D, 0xCE, 0x97, 0xC6, 0x01, 0x08, 0x26, 0x6D,
	0xD5, 0x74, 0x0D, 0x1C, 0xEA, 0x04, 0xD1, 0xAB, 0xA2, 0x36, 0x10, 0x7F,
	0x67, 0xAC, 0x8C, 0x37, 0x83, 0xD9, 0x4C, 0x75, 0x64, 0x13, 0xDB, 0x4A,
	0x2D, 0xB7, 0x69, 0xFA, 0xE0, 0xB0, 0x59, 0x2E, 0x29, 0xE3, 0x3F, 0x42,
	0x7E, 0xAE, 0x51, 0xD2, 0x5C, 0x17, 0xCD, 0x45, 0x61, 0xC6, 0x62, 0xB1,
	0xCA, 0xBC, 0x88, 0x10, 0xD0, 0x23, 0x45, 0x54, 0xF0, 0x29, 0xDB, 0x49,
	0xA1, 0xCD, 0x02, 0xF7, 0x4E, 0xA7, 0x39, 0x71, 0x8F, 0x07, 0x4B, 0xDA,
	0x24, 0x32, 0x67, 0x20, 0x9A, 0x4E, 0x83, 0x5E, 0x59, 0xF9, 0x06, 0x27,
	0xA9, 0x9D, 0x57, 0xE0, 0xB0, 0x49, 0x11, 0x0A, 0xF2, 0xBE, 0x78, 0x09,
	0xE7, 0xCB, 0x24, 0x4B, 0xC1, 0x50, 0xE2, 0x0E, 0x92, 0xA1, 0x01, 0xEA,
	0x45, 0x82, 0xF7, 0x27, 0x59, 0x67, 0x0B, 0x93, 0xF9, 0x6F, 0x1B, 0xE0,
	0x5E, 0x50, 0xFC, 0x0E, 0xCA, 0xBF, 0x8B, 0x9E, 0x94, 0x4B, 0x59, 0xDE,
	0x60, 0x28, 0x15, 0xD2, 0xCD, 0x6D, 0x14, 0x5B, 0x86, 0x7C, 0xB6, 0x68,
	0xDD, 0x37, 0x21, 0x47, 0x3E, 0x01, 0x74, 0x20, 0x77, 0x60, 0x55, 0x96,
	0x4A, 0xA0, 0xF5, 0x32, 0x6D, 0x1F, 0xCA, 0x24, 0x5E, 0xC5, 0xE8, 0x83,
	0x0E, 0x89, 0xAD, 0xEB, 0x56, 0xF4, 0xBA, 0xC9, 0xEB, 0x87, 0xBE, 0xD8,
	0x61, 0x83, 0x20, 0xA2, 0x1A, 0x5A, 0xB9, 0x2A, 0x69, 0xBD, 0xFC, 0xC4,
	0x9E, 0xB1, 0xA0, 0xF6, 0xB8, 0x38, 0xD6, 0x66, 0xD7, 0xA2, 0x9A, 0x75,
	0xE3, 0xDC, 0x7E, 0xED, 0x2B, 0x0E, 0xC7, 0x9C, 0xE7, 0x88, 0x86, 0x30,
	0x1D, 0x44, 0xFC, 0xC5, 0x4A, 0x07, 0x79, 0x8F, 0x1C, 0xE1, 0x5D, 0xAF,
	0x41, 0x45, 0x00, 0x80, 0x7D, 0xF9, 0x29, 0x7A, 0x21, 0xD5, 0x1A, 0x84,
	0x2E, 0x46, 0xF4, 0x44, 0x91, 0x1D, 0x88, 0xEA, 0x10, 0x81, 0xB8, 0x5D,
	0xAF, 0xFA, 0xD5, 0xEA, 0x36, 0x3E, 0x35, 0xF7, 0x6E, 0xA6, 0x63, 0x29,
	0x92, 0xE5, 0x6F, 0x93, 0x0C, 0x74, 0xA8, 0x61, 0x3D, 0x9A, 0x28, 0xC2,
	0x7E, 0xC1, 0x58, 0x70, 0x42, 0xD5, 0xD0, 0x4D, 0xB8, 0x5F, 0x22, 0x7C,
	0x7E, 0xA0, 0x3A, 0xEE, 0x19, 0xEA, 0xF3, 0xCF, 0xA9, 0x14, 0x4F, 0x78,
	0xFB, 0x71, 0xD7, 0x7B, 0x07, 0x62, 0x99, 0xC8, 0x32, 0xB8, 0x08, 0x57,
	0x37, 0xBB, 0x72, 0xC3, 0x5F, 0xDF, 0x22, 0xBA, 0x0F, 0x35, 0xC1, 0xF4,
	0xD3, 0x0A, 0x09, 0x42, 0xFE, 0x1A, 0xA1, 0x1E, 0x05, 0x38, 0xC4, 0xD5,
	0x8D, 0xA6, 0x14, 0xD0, 0x63, 0x8B, 0x81, 0x86, 0x9D, 0x37, 0x65, 0xE8,
	0x77, 0xFF, 0x5C, 0x6D, 0xA3, 0x46, 0xB7, 0xAF, 0x28, 0xD6, 0x64, 0x21,
	0x8A, 0x35, 0xEE, 0xBA, 0xBD, 0xB1, 0xF5, 0xF8, 0xD2, 0xE1, 0x4A, 0x91,
	0x9D, 0x03, 0x6D, 0xBC, 0x04, 0x2B, 0x5C, 0xBE, 0x44, 0x67, 0xB8, 0xC8,
	0x8B, 0xA1, 0x9B, 0x61, 0x35, 0x6B, 0x7B, 0x8E, 0xB3, 0x13, 0xF5, 0xFE,
	0x1D, 0xAF, 0x63, 0xC2, 0xDE, 0x5F, 0xD6, 0xD4, 0xDA, 0xEA, 0xEE, 0x2F,
	0x47, 0x8E, 0x9D, 0x97, 0x31, 0xCD, 0x5F, 0xE7, 0x0D, 0xEB, 0xE8, 0x2D,
	0x55, 0x09, 0x4B, 0x93, 0xDE, 0xE0, 0xB5, 0x99, 0x98, 0x5A, 0xFF, 0xA2,
	0x79, 0xD8, 0xB8, 0x8D, 0xFE, 0x05, 0xE5, 0x0C, 0xEB, 0x28, 0x9F, 0xE6,
	0x35, 0x50, 0x32, 0x6A, 0xAB, 0xFC, 0x80, 0xDF, 0xF7, 0x3D, 0x13, 0x7B,
	0x01, 0x11, 0x07, 0x79, 0xD3, 0x93, 0x02, 0x22, 0x40, 0xDB, 0x2A, 0x96,
	0x82, 0x78, 0x79, 0x36, 0xE6, 0x4E, 0x5D, 0x0C, 0xA6, 0xAA, 0x23, 0x63,
	0x15, 0x65, 0x56, 0x90, 0x05, 0xC4, 0xC5, 0xDB, 0x3B, 0x28, 0x46, 0x8A,
	0xFC, 0x41, 0xF1, 0xC0, 0x6B, 0x2E, 0x7C, 0x0D, 0x82, 0xAC, 0x6E, 0x22,
	0x89, 0xB8, 0x65, 0xB6, 0x14, 0xBB, 0xA1, 0xAE, 0xEC, 0x92, 0xF2, 0x3D,
	0x75, 0x02, 0x4C, 0x8E, 0xBA, 0xAF, 0xB9, 0x9E, 0x40, 0xDC, 0x0D, 0x8C,
	0xB5, 0x3F, 0x34, 0xB2, 0xA1, 0x20, 0x65, 0x9D, 0x46, 0xBF, 0x92, 0x7D,
	0x0C, 0x07, 0x48, 0x61, 0xB3, 0x7E, 0x10, 0x8F, 0x56, 0xB5, 0xFA, 0xC5,
	0xA6, 0xD8, 0x86, 0x1D, 0x1E, 0x76, 0x4C, 0x00, 0xD4, 0x72, 0x3D, 0x8F,
	0x2B, 0xEF, 0x79, 0xBC, 0xFB, 0xD5, 0x9A, 0x5A, 0x6E, 0x18, 0x79, 0xF1,
	0x0B, 0xE7, 0x1B, 0xAF, 0x40, 0x8F, 0x84, 0xF2, 0x04, 0x4D, 0x73, 0xFE,
	0x51, 0xAA, 0xB8, 0x64, 0x97, 0x33, 0x70, 0xBB, 0xC5, 0x18, 0x7E, 0xDD,
	0xE0, 0x93, 0x98, 0x9C, 0xB3, 0xFE, 0x18, 0xC4, 0xC2, 0x2F, 0xCB, 0x39,
	0x8C, 0xFF, 0xBB, 0xE7, 0x0C, 0x88, 0x84, 0x60, 0x4B, 0x05, 0xB0, 0xB9,
	0xCF, 0xE1, 0xCB, 0x65, 0x26, 0x0D, 0xA2, 0xD8, 0xED, 0x79, 0x66, 0xF5,
	0xEB, 0x2B, 0x22, 0x19, 0x0A, 0x2E, 0x64, 0xDA, 0x42, 0x38, 0x4E, 0x83,
	0x4D, 0x70, 0x75, 0xCD, 0xCE, 0x83, 0xDD, 0x27, 0xCA, 0x92, 0x11, 0x2D,
	0xBB, 0x4C, 0x81, 0xE3, 0x3D, 0xF2, 0x7A, 0x46, 0x23, 0x14, 0x7F, 0x37,
	0xDF, 0x78, 0x69, 0x24, 0x92, 0xCA, 0xE8, 0xA3, 0x5A, 0xA4, 0x8A, 0x71,
	0x7D, 0xD5, 0xBD, 0xCD, 0x68, 0x8A, 0x5F, 0xD1, 0x0A, 0xAC, 0x17, 0x47,
	0xFA, 0x52, 0x25, 0xAE, 0x0C, 0xB2, 0x83, 0x39, 0x46, 0xF5, 0xB0, 0x92,
	0x75, 0xD5, 0x72, 0x2A, 0x37, 0xA5, 0xFF, 0x24, 0x9D, 0xAF, 0xD0, 0x46,
	0xE6, 0xE0, 0x65, 0xB0, 0xE5, 0x8B, 0x68, 0xF8, 0x97, 0xDD, 0x7E, 0xCE,
	0xCD, 0x3F, 0xCA, 0x14, 0xCC, 0xF0, 0x50, 0xEB, 0xDB, 0x11, 0xE3, 0xC3,
	0x7E, 0x93, 0x55, 0xD4, 0x92, 0x15, 0x75, 0x33, 0xD8, 0x09, 0x77, 0x8C,
	0x3B, 0x74, 0x59, 0xF4, 0x53, 0x2C, 0x87, 0xB1, 0xAA, 0x21, 0x43, 0x10,
	0x8A, 0xB8, 0xEB, 0x75, 0x20, 0x32, 0xB1, 0xCE, 0x93, 0x8D, 0x3F, 0x52,
	0xFE, 0x99, 0x9A, 0xE8, 0x5A, 0xE5, 0xFD, 0x89, 0x35, 0xF1, 0x5D, 0xB4,
	0x4E, 0xB9, 0x2C, 0xB1, 0xB7, 0xE1, 0xFC, 0x6C, 0x3D, 0xC4, 0x36, 0xBC,
	0xDC, 0x17, 0x8E, 0x08, 0x73, 0xF5, 0xEA, 0x46, 0x2C, 0xDE, 0x2D, 0x6F,
	0x6B, 0xA3, 0xFD, 0x58, 0xB3, 0x20, 0xCA, 0xDD, 0xAE, 0x8F, 0x71, 0x93,
	0x74, 0x22, 0xC8, 0x42, 0x4B, 0x82, 0x6D, 0xC4, 0xD9, 0x4E, 0x56, 0xF6,
	0x8C, 0x7B, 0xA8, 0x32, 0x3A, 0x85, 0xF2, 0x81, 0xC9, 0xF7, 0x01, 0x06,
	0xA9, 0x7D, 0x62, 0xAB, 0xB2, 0x28, 0x0D, 0x6A, 0x36, 0xA6, 0x2A, 0x35,
	0x57, 0x86, 0x97, 0x5B, 0x5A, 0x9D, 0x1B, 0x17, 0x2B, 0x21, 0xF4, 0x19,
	0xDB, 0xCC, 0x5A, 0x1E, 0x9E, 0x90, 0x0E, 0xD8, 0x8C, 0x19, 0x69, 0xDE,
	0x2E, 0xA5, 0xE8, 0x62, 0x9D, 0x4C, 0xB1, 0xAB, 0x72, 0xDD, 0xB5, 0x26,
	0x1E, 0x64, 0xB9, 0xC9, 0x4F, 0xDB, 0xCE, 0xDA, 0x05, 0x65, 0xB5, 0xE7,
	0x27, 0x9F, 0x9C, 0xAF, 0xC5, 0x55, 0x83, 0xC1, 0x20, 0xDB, 0x7F, 0x88,
	0x28, 0xF9, 0x97, 0x92, 0xE2, 0xF6, 0x04, 0x75, 0xC4, 0x51, 0x2D, 0x41,
	0x25, 0xB7, 0x44, 0xA1, 0x25, 0xCA, 0xBB, 0x3E, 0x9F, 0x67, 0x04, 0x29,
	0x43, 0xAD, 0x74, 0xAE, 0x0D, 0xEE, 0x3B, 0xA6, 0xEA, 0xB6, 0x3B, 0x21,
	0x8B, 0x77, 0x24, 0xF3, 0x38, 0xDB, 0x18, 0x08, 0xC4, 0xD9, 0x1D, 0x03,
	0xA1, 0x68, 0x3C, 0x80, 0x67, 0x87, 0x0B, 0x0F, 0x24, 0x0D, 0xE8, 0x93,
	0xD1, 0x25, 0xB7, 0x38, 0xE3, 0x17, 0xB7, 0xEF, 0x1E, 0x47, 0x35, 0x1C,
	0x6A, 0xCE, 0xA4, 0x6D, 0xA5, 0xEC, 0x2C, 0x78, 0xE3, 0x15, 0x3D, 0x09,
	0xDE, 0x40, 0x17, 0x43, 0x9A, 0x36, 0x5E, 0x79, 0x73, 0x42, 0xB2, 0x2A,
	0x1F, 0xD5, 0x9A, 0xB0, 0x00, 0xFF, 0x26, 0x03, 0xE0, 0x6F, 0x14, 0x52,
	0x41, 0xC1, 0x1D, 0x59, 0x5C, 0x6E, 0x3F, 0x8C, 0xB2, 0xA2, 0x64, 0x2D,
	0x56, 0xF6, 0xFF, 0xF7, 0x19, 0xF0, 0xD7, 0x8B, 0x12, 0x16, 0xCA, 0x06,
	0xEB, 0x6C, 0xF2, 0xE1, 0x83, 0x55, 0xCD, 0x30, 0x43, 0xD9, 0x4C, 0x25,
	0x80, 0xCC, 0x71, 0x9D, 0xE3, 0x54, 0xF4, 0x3B, 0xA1, 0xBB, 0xE8, 0x98,
	0x9B, 0xA7, 0x5F, 0x59, 0x66, 0x01, 0x3C, 0xC4, 0x26, 0x00, 0x77, 0x7A,
	0xFC, 0xC7, 0x43, 0x8C, 0xD0, 0x84, 0xDF, 0x5E, 0x43, 0x9E, 0xDC, 0xC1,
	0x77, 0xA7, 0x4D, 0xBD, 0x7D, 0x92, 0x45, 0xC2, 0xB2, 0x3A, 0x73, 0x08,
	0x33, 0x71, 0xBE, 0x84, 0x94, 0x73, 0x43, 0x91, 0xC8, 0xBF, 0x52, 0xB7,
	0x6F, 0x8A, 0x59, 0xD7, 0x07, 0x9B, 0x1B, 0x56, 0x7E, 0xDD, 0xD8, 0x57,
	0x2F, 0xE5, 0xB4, 0x9E, 0x73, 0xCA, 0xB1, 0x2E, 0xF0, 0xFE, 0x94, 0x84,
	0xE1, 0xB5, 0x1A, 0xE2, 0x73, 0xE8, 0x76, 0x51, 0xB1, 0x6A, 0x75, 0xFA,
	0x60, 0xBA, 0x34, 0x52, 0x80, 0x46, 0xDA, 0x81, 0x36, 0xBB, 0xC0, 0x3B,
	0x06, 0x8E, 0x68, 0xED, 0x07, 0xB1, 0x44, 0x3B, 0x18, 0x87, 0xC1, 0xB9,
	0x86, 0xA0, 0xFF, 0x75, 0xD0, 0x0A, 0x20, 0x00, 0xC2, 0xF4, 0xBF, 0xF5,
	0xAC, 0x24, 0x5E, 0x8E, 0x69, 0x2C, 0x4E, 0x12, 0xC7, 0x50, 0xC8, 0xCA,
	0xF8, 0x4F, 0x1D, 0x73, 0x53, 0x4C, 0xBA, 0xF9, 0xF6, 0x61, 0x6F, 0x60,
	0x8E, 0xAE, 0x49, 0xEC, 0x07, 0x78, 0x1A, 0x8B, 0x89, 0xA6, 0x03, 0xAA,
	0x4A, 0x14, 0x25, 0xB1, 0x39, 0x74, 0x02, 0xE1, 0xA6, 0x79, 0x0C, 0xFB,
	0x22, 0x15, 0x83, 0x26, 0x09, 0xE1, 0xD4, 0xCF, 0x16, 0xA5, 0x04, 0x39,
	0xD1, 0x38, 0x9A, 0xAA, 0x05, 0x27, 0xF1, 0x80, 0x2C, 0xD8, 0x88, 0x29,
	0x28, 0x4A, 0x25, 0xDE, 0xF9, 0x9A, 0x64, 0xAA, 0xB8, 0xE6, 0x2A, 0x29,
	0x62, 0x44, 0xFA, 0x69, 0x17, 0xB7, 0x50, 0x42, 0x2E, 0x4B, 0xBB, 0x7C,
	0x20, 0x48, 0x41, 0x49, 0xFF, 0xF8, 0xDF, 0x0B, 0x6B, 0x4F, 0x00, 0x81,
	0x61, 0x44, 0xFD, 0xC2, 0x54, 0x52, 0x20, 0x8C, 0x79, 0x12, 0xDD, 0x37,
	0x71, 0x24, 0xEC, 0x73, 0x73, 0xD2, 0xE2, 0x66, 0x64, 0x13, 0xDE, 0x9F,
	0x89, 0x83, 0xFA, 0x77, 0x1B, 0x93, 0x40, 0xCA, 0xBF, 0x7A, 0x42, 0xF9,
	0x2A, 0xDA, 0x1C, 0x5F, 0x32, 0xD7, 0x0C, 0xC3, 0xB7, 0x8E, 0x4A, 0x52,
	0x69, 0x02, 0xAE, 0xA5, 0xCC, 0xD4, 0x68, 0x29, 0x26, 0x17, 0x49, 0xE4,
	0x28, 0xB9, 0x4B, 0x1A, 0xFA, 0x8B, 0x9F, 0x3B, 0x03, 0xE0, 0xF9, 0x20,
	0x5E, 0xDE, 0xDC, 0x37, 0x5D, 0xE3, 0x5B, 0x09, 0x42, 0x47, 0x13, 0x4B,
	0x7D, 0x3A, 0x20, 0x99, 0x4A, 0xDB, 0x97, 0x0C, 0x72, 0x78, 0xD0, 0xAD,
	0xCF, 0xF6, 0xEB, 0x6D, 0x8F, 0x18, 0xA9, 0x31, 0x98, 0xBF, 0x85, 0xCB,
	0xF3, 0x1A, 0x94, 0xF1, 0x74, 0x88, 0xA3, 0x99, 0x05, 0x56, 0xED, 0x21,
	0xF6, 0x18, 0x39, 0x43, 0xD3, 0x7A, 0x15, 0xD4, 0xA8, 0x5C, 0x93, 0xD8,
	0x1B, 0x6E, 0x02, 0x25, 0xE4, 0xF6, 0x73, 0x9B, 0x7D, 0x14, 0xAA, 0xF9,
	0x15, 0x6C, 0x9A, 0xE1, 0xDC, 0xC0, 0x51, 0xF3, 0x37, 0xD9, 0xA9, 0xA8,
	0xEF, 0xE9, 0xB6, 0xC5, 0xB3, 0x53, 0xA5, 0x6B, 0xF7, 0x8F, 0xDE, 0x60,
	0x6D, 0xA8, 0x82, 0x07, 0xBD, 0xE9, 0xB6, 0x79, 0xC0, 0xC9, 0x53, 0xE5,
	0x2F, 0x43, 0x6B, 0x10, 0x85, 0x6A, 0xC1, 0x3E, 0xCE, 0x8E, 0x05, 0x7B,
	0x1A, 0x26, 0x64, 0x50, 0x2B, 0xF2, 0xE7, 0x57, 0x00, 0x0A, 0x34, 0x85,
	0x23, 0xAC, 0x8F, 0x89, 0x82, 0x50, 0x29, 0x06, 0x84, 0xC3, 0x7C, 0xBF,
	0x04, 0xDE, 0x32, 0xD5, 0xEE, 0xA5, 0xCE, 0x02, 0xC5, 0xF6, 0x7C, 0x58,
	0x9D, 0xE7, 0x5A, 0xFA, 0x9C, 0x65, 0x6D, 0x4F, 0x5B, 0xD3, 0x4A, 0xED,
	0xF9, 0x84, 0x8A, 0x49, 0x26, 0x4F, 0x1A, 0xD7, 0xCD, 0xD1, 0xCB, 0x1E,
	0x08, 0x9F, 0xDF, 0x50, 0x68, 0xE6, 0x8B, 0x9E, 0x0A, 0x61, 0x5E, 0xE7,
	0x01, 0xFB, 0xA6, 0xAD, 0x67, 0x9D, 0x71, 0x7F, 0x3B, 0x37, 0x84, 0x20,
	0x0F, 0x54, 0xC0, 0x44, 0x57, 0x63, 0xE2, 0x25, 0x09, 0xB7, 0xF8, 0x17,
	0x4E, 0x19, 0xDD, 0xA4, 0x27, 0x03, 0x09, 0x1C, 0xFE, 0x9A, 0x86, 0x24,
	0x0B, 0xBD, 0x7B, 0xDC, 0xDC, 0x9F, 0x68, 0xD7, 0xC4, 0x7E, 0x89, 0xC5,
	0xBE, 0x19, 0xE4, 0xBA, 0x0D, 0xD1, 0x0A, 0x4D, 0xF9, 0xC0, 0x5C, 0x59,
	0x9D, 0x46, 0xCA, 0xC9, 0xCC, 0x27, 0x34, 0x3A, 0x0F, 0x44, 0x83, 0x8E,
	0xC0, 0x83, 0x02, 0x3D, 0x36, 0xB4, 0xC7, 0x97, 0x4D, 0xBE, 0x42, 0xA1,
	0x72, 0x7A, 0x93, 0x24, 0x6D, 0xE4, 0xFF, 0x78, 0xE8, 0x20, 0x81, 0x55,
	0xDD, 0xFE, 0x87, 0xEA, 0x83, 0x0D, 0xC3, 0x9E, 0x19, 0xE6, 0xC6, 0x5D,
	0xFF, 0x7C, 0xC3, 0x48, 0xDC, 0x17, 0x99, 0x55, 0x82, 0xE0, 0xBA, 0xEF,
	0x2C, 0x9C, 0x05, 0xE8, 0xD0, 0x34, 0x59, 0xDF, 0xD5, 0xBC, 0xB1, 0xCA,
	0x18, 0x4A, 0x0E, 0x52, 0x60, 0x2E, 0x3A, 0x92, 0x22, 0x7E, 0xB3, 0x49,
	0x56, 0xCA, 0x9A, 0x8B, 0xAB, 0x55, 0x58, 0x29, 0x6F, 0x5C, 0xE8, 0xE2,
	0xB5, 0xA1, 0x7B, 0xDD, 0x97, 0x10, 0x77, 0xC7, 0xE1, 0x30, 0xBF, 0xFF,
	0x92, 0xB4, 0xE1, 0x86, 0x0D, 0xB3, 0x38, 0x75, 0x5B, 0xCA, 0xCF, 0x2F,
	0xC8, 0xF1, 0x1C, 0x41, 0xF2, 0xE5, 0xD9, 0xBB, 0x06, 0x53, 0xE4, 0x35,
	0xD6, 0x43, 0xDE, 0xC0, 0x67, 0x11, 0xAF, 0x0E, 0x06, 0xF2, 0x56, 0xC6,
	0xCD, 0x48, 0xBC, 0x1B, 0x5C, 0x46, 0x01, 0xDB, 0x87, 0xC3, 0x91, 0x47,
	0x61, 0x39, 0xB3, 0x6E, 0xEB, 0xAE, 0xED, 0xF4, 0x79, 0x46, 0x89, 0x3A,
	0x7B, 0xFF, 0x00, 0x25, 0xAB, 0xDD, 0x14, 0x3A, 0xF8, 0x1B, 0x01, 0xA4,
	0x24, 0x0B, 0xF2, 0x13, 0x9B, 0xE1, 0x4E, 0x07, 0xB8, 0xFD, 0x98, 0xD9,
	0xC0, 0xAD, 0x06, 0x78, 0xCB, 0x34, 0xAF, 0x0F, 0xD0, 0x74, 0x76, 0x1D,
	0xD4, 0x6C, 0xE6, 0x59, 0x3A, 0xC8, 0x5F, 0x66, 0x90, 0x3E, 0x75, 0xCF,
	0x6D, 0x9F, 0x45, 0xB9, 0x32, 0xB6, 0x53, 0x50, 0x33, 0x30, 0x0E, 0xD3,
	0x04, 0x69, 0x02, 0x5B, 0x87, 0xB2, 0x99, 0x60, 0x14, 0x48, 0x7A, 0x89,
	0x52, 0x0E, 0x3C, 0x99, 0x33, 0xFC, 0x70, 0xC3, 0x85, 0x53, 0x05, 0x6F,
	0x7B, 0x33, 0x38, 0x1A, 0xDF, 0x4E, 0x41, 0x08, 0x2B, 0xC9, 0x46, 0x2D,
	0xD3, 0xC1, 0x83, 0x6C, 0xCA, 0x18, 0xDF, 0x72, 0x78, 0x75, 0xDE, 0xA8,
	0x0D, 0x0F, 0xAE, 0x77, 0x42, 0x22, 0xE4, 0x2D, 0xF8, 0x33, 0x11, 0x9F,
	0xEC, 0x39, 0xD1, 0x47, 0x98, 0xFB, 0x53, 0xD6, 0x1C, 0x8A, 0xEB, 0xCE,
	0x1F, 0x79, 0xF5, 0x3B, 0xC0, 0x4C, 0x16, 0xA1, 0xA3, 0x2B, 0x33, 0x60,
	0xEE, 0x05, 0xAD, 0x7B, 0x85, 0x87, 0x1A, 0x35, 0x8B, 0x98, 0xB8, 0x31,
	0xB3, 0x99, 0x9C, 0x97, 0xAB, 0xA0, 0x10, 0xC1, 0xEE, 0x92, 0x8D, 0x1C,
	0x53, 0x2B, 0x0F, 0x58, 0x7F, 0xF3, 0xC1, 0xF7, 0xCC, 0x8F, 0x15, 0xB0,
	0xFF, 0xD5, 0xB4, 0xCD, 0x32, 0x89, 0xD1, 0x17, 0xB8, 0x40, 0x21, 0x8E,
	0x39, 0x73, 0x04, 0xA1, 0xA2, 0x57, 0x99, 0xB1, 0x7D, 0xF2, 0x6F, 0x6A,
	0x9A, 0x12, 0x3D, 0x11, 0x42, 0x96, 0x38, 0x41, 0xCA, 0x26, 0x3D, 0x4E,
	0xBF, 0x60, 0xFB, 0x75, 0x5B, 0x2F, 0x27, 0xFA, 0x5A, 0xAE, 0x9D, 0x3A,
	0xEC, 0xFF, 0x8C, 0x09, 0xC3, 0xEB, 0xBD, 0x8A, 0x15, 0xAC, 0x9E, 0x5E,
	0x59, 0xA8, 0x57, 0xF7, 0x2F, 0xF6, 0x28, 0x1D, 0x2D, 0xF3, 0x16, 0xA3,
	0x35, 0x56, 0xE9, 0x45, 0x22, 0x70, 0x82, 0xE8, 0x59, 0x26, 0x3F, 0x62,
	0x98, 0xED, 0xA7, 0x51, 0x50, 0x85, 0x24, 0x22, 0x33, 0x42, 0x45, 0x15,
	0x9B, 0x2D, 0xFF, 0x2B, 0x7A, 0x8D, 0x56, 0xC3, 0xFE, 0x6F, 0x50, 0xB9,
	0x39, 0x5C, 0x60, 0x7F, 0xD5, 0x3B, 0xBF, 0x28, 0x3E, 0x9E, 0x13, 0x6C,
	0xC4, 0x36, 0x21, 0xFD, 0x29, 0xCB, 0xF0, 0xC2, 0x17, 0x8F, 0xC1, 0x74,
	0xD3, 0x5D, 0x69, 0xA5, 0x25, 0xB4, 0xCF, 0x1A, 0xED, 0xCA, 0x04, 0xAA,
	0xFD, 0xB6, 0x44, 0xD3, 0x80, 0x8A, 0x61, 0xEE, 0xA0, 0x48, 0x2B, 0xCB,
	0x76, 0xBC, 0x86, 0x05, 0xEE, 0x3B, 0x7D, 0x7A, 0x3A, 0x64, 0x93, 0xCE,
	0xEC, 0x8D, 0x40, 0x9E, 0x27, 0xA2, 0xAA, 0xE2, 0x23, 0x11, 0x0C, 0x65,
	0x8E, 0xFF, 0x44, 0x34, 0x80, 0xB1, 0x0E, 0x16, 0x68, 0x70, 0x7C, 0x86,
	0xD5, 0x1F, 0xA3, 0xD4, 0x91, 0xC3, 0xE1, 0x76, 0x25, 0x7D, 0x13, 0xD7,
	0x31, 0x12, 0xDE, 0x62, 0x9D, 0x66, 0x9A, 0xFD, 0xA3, 0x70, 0x77, 0xFF,
	0x15, 0xF0, 0x8C, 0x30, 0x35, 0x25, 0x01, 0x73, 0xB0, 0x15, 0xC0, 0x20,
	0xFD, 0x88, 0x95, 0x4A, 0x38, 0xD8, 0x0C, 0xBE, 0xAF, 0xB9, 0x91, 0xFE,
	0x93, 0xDF, 0x09, 0xAB, 0xBC, 0x58, 0xB9, 0x65, 0x79, 0x49, 0x81, 0xD6,
	0xA8, 0xD4, 0x92, 0xE2, 0xE9, 0x9A, 0x37, 0xB6, 0xD0, 0x28, 0xDB, 0x6C,
	0xC9, 0xF9, 0xE8, 0x88, 0x0C, 0x02, 0xC8, 0xEA, 0xD1, 0x1B, 0x4A, 0xFE,
	0x55, 0x90, 0x97, 0xA2, 0x4C, 0x6F, 0xD9, 0x6A, 0x54, 0x48, 0xEB, 0xA0,
	0xCB, 0xEC, 0x8A, 0x68, 0xB6, 0x82, 0xF4, 0x64, 0xF1, 0x76, 0x38, 0x72,
	0x02, 0xCC, 0xF0, 0x84, 0x87, 0x10, 0xA3, 0x81, 0x99, 0x76, 0x5B, 0xB8,
	0xC4, 0xAB, 0x17, 0xA5, 0xDE, 0x67, 0xBD, 0xE0, 0x63, 0x95, 0x79, 0xEE,
	0x64, 0x51, 0x8A, 0x8D, 0x5F, 0x58, 0x0A, 0xB3, 0xC7, 0xCC, 0xCA, 0xF9,
	0x3F, 0x3B, 0xE4, 0x30, 0x16, 0x47, 0xDE, 0x55, 0x13, 0xA1, 0x92, 0x80,
	0xE9, 0xCF, 0xB6, 0xB4, 0xA6, 0x43, 0x20, 0xC2, 0x5B, 0x6D, 0x7F, 0x9A,
	0xBD, 0x26, 0x65, 0xFB, 0x6C, 0x80, 0x86, 0x7E, 0xF7, 0xB3, 0x5A, 0x76,
	0x74, 0xBB, 0xCC, 0x7C, 0xB9, 0x31, 0xF6, 0x2C, 0xE8, 0x3E, 0x0D, 0xFA,
	0x5A, 0x8B, 0xB9, 0xC1, 0x39, 0xAF, 0x0F, 0x91, 0xD1, 0x34, 0x4B, 0x8F,
	0xDA, 0x45, 0x50, 0x56, 0xF6, 0x4F, 0x0A, 0x3A, 0xED, 0x59, 0x5B, 0x0F,
	0x38, 0x56, 0x3E, 0x37, 0xD7, 0xC1, 0xA7, 0x4A, 0x06, 0x5E, 0x40, 0xFB,
	0x2A, 0x3A, 0xDE, 0x15, 0xAF, 0x17, 0xB1, 0x24, 0xD4, 0x89, 0xC1, 0xA4,
	0x9C, 0xAD, 0x2F, 0x40, 0xE5, 0x34, 0x47, 0xBA, 0x2E, 0x6C, 0x6B, 0x5A,
	0xE3, 0x78, 0xFD, 0x24, 0x10, 0x80, 0xA9, 0x0F, 0x72, 0x27, 0x02, 0xA2,
	0xD9, 0x85, 0x9F, 0x7A, 0xA8, 0x50, 0x3A, 0x77, 0x6C, 0xEB, 0x25, 0x43,
	0xAC, 0x1D, 0xE3, 0xF0, 0x23, 0xEE, 0xC2, 0x7C, 0x36, 0xAF, 0xB1, 0x76,
	0xEA, 0xB4, 0x59, 0x75, 0x2B, 0xC3, 0x2D, 0x7C, 0x7F, 0x86, 0x25, 0xB9,
	0x79, 0x50, 0x84, 0xC1, 0x42, 0x90, 0xAA, 0xDF, 0x19, 0x7D, 0xC7, 0x04,
	0x78, 0x8C, 0xAD, 0x9F, 0x5D, 0xFE, 0x40, 0x8F, 0x66, 0xE8, 0x9B, 0x83,
	0xE9, 0x77, 0xDD, 0x48, 0xE1, 0xD3, 0x9F, 0xDE, 0x09, 0xAA, 0x5F, 0xE3,
	0x45, 0x13, 0x35, 0x87, 0xEE, 0xF6, 0xB6, 0x9B, 0x84, 0xF5, 0x46, 0xE4,
	0x51, 0xFB, 0x42, 0xB0, 0x2B, 0xCB, 0x28, 0x11, 0x2A, 0x50, 0x83, 0x6A,
	0x05, 0x00, 0xCE, 0xA5, 0x5E, 0x3F, 0xCD, 0x8B, 0x7E, 0x57, 0xAF, 0x1A,
	0x47, 0x7C, 0xCD, 0x10, 0x4D, 0xB1, 0x49, 0x9A, 0x02, 0xC3, 0x4E, 0xC5,
	0x7B, 0x3E, 0x5A, 0xBF, 0xEC, 0x55, 0x97, 0xF5, 0x29, 0x4F, 0x79, 0x8F,
	0x05, 0x82, 0x7D, 0xD9, 0xBD, 0x58, 0x30, 0x62, 0xBC, 0xA3, 0x43, 0x34,
	0x72, 0xEA, 0x5C, 0xC3, 0x95, 0xCF, 0x8E, 0x4F, 0x4F, 0xA2, 0xD0, 0x0D,
	0x73, 0x37, 0xC2, 0x48, 0xE5, 0xFB, 0x96, 0xD9, 0x33, 0x54, 0x93, 0x85,
	0x1B, 0x17, 0x80, 0xE2, 0x51, 0xE9, 0xB4, 0x3F, 0xF7, 0xB1, 0x3C, 0x64,
	0x40, 0x7F, 0x6C, 0xBA, 0xE7, 0x36, 0xA3, 0x76, 0x20, 0xF3, 0xCA, 0xC6,
	0xD4, 0x01, 0xB9, 0x00, 0x60, 0xDC, 0xD6, 0x24, 0xFE, 0x3F, 0x74, 0x5E,
	0xFC, 0x35, 0xB5, 0x8A, 0x86, 0x0C, 0x4E, 0x8F, 0xA9, 0x46, 0xF0, 0x0D,
	0xAE, 0x50, 0xEB, 0xD2, 0x78, 0x20, 0xD8, 0xCE, 0x7E, 0x8E, 0xE6, 0x85,
	0x21, 0xF5, 0x69, 0x2A, 0x56, 0xE1, 0xAD, 0x49, 0x93, 0x6E, 0xA5, 0x64,
	0xFD, 0x32, 0xA1, 0x28, 0x1B, 0x44, 0xD4, 0xFF, 0x44, 0xAD, 0x38, 0x2D,
	0xE8, 0xF3, 0x32, 0x68, 0x71, 0x30, 0xC3, 0x49, 0x7E, 0x79, 0xBC, 0xD3,
	0x2B, 0x1A, 0xF3, 0x3B, 0x16, 0x9A, 0xC8, 0x3D, 0xD0, 0x65, 0x62, 0xCD,
	0x55, 0x66, 0x71, 0x98, 0x24, 0xCA, 0x3D, 0x4B, 0x17, 0x9E, 0x5C, 0x23,
	0x53, 0x15, 0xC8, 0x2B, 0xE6, 0x03, 0x35, 0x54, 0x0A, 0x99, 0x38, 0x08,
	0x7A, 0x5F, 0xF9, 0xCA, 0x3F, 0x13, 0x92, 0xE5, 0x90, 0x50, 0xB8, 0x35,
	0xA6, 0x35, 0x03, 0x13, 0x05, 0xF0, 0x90, 0xAA, 0x95, 0x8D, 0x8A, 0x87,
	0x86, 0xA0, 0x4B, 0x27, 0x2F, 0x3A, 0x8C, 0xC9, 0x1A, 0xC4, 0x7A, 0x21,
	0xCB, 0x1C, 0xD6, 0x37, 0xA4, 0xE2, 0xC0, 0x17, 0x18, 0x70, 0x5E, 0x8E,
	0xA3, 0xFD, 0x8A, 0xEA, 0x0A, 0x28, 0x9E, 0xC9, 0x14, 0xB1, 0x7B, 0xC4,
	0x14, 0x19, 0x2C, 0x27, 0x9B, 0x50, 0x5C, 0xD8, 0x00, 0xCE, 0x31, 0x82,
	0x91, 0x68, 0xCF, 0x7C, 0xDF, 0xAA, 0x03, 0xF0, 0x84, 0x44, 0x22, 0xAC,
	0x19, 0x8D, 0xCE, 0xC4, 0x27, 0x93, 0x9A, 0x07, 0x34, 0xD9, 0x09, 0xB6,
	0x4E, 0x66, 0x22, 0xC2, 0x9B, 0x79, 0xA6, 0x8F, 0xB7, 0x10, 0xDD, 0x77,
	0xDB, 0x4E, 0x68, 0x50, 0xA1, 0x3B, 0xE1, 0xC3, 0x22, 0x59, 0x7B, 0x06,
	0x20, 0x29, 0x80, 0x0D, 0xAE, 0x94, 0x31, 0xC3, 0x52, 0x74, 0x44, 0x2D,
	0x1E, 0x34, 0xFE, 0x8F, 0xB7, 0x24, 0xE6, 0xBA, 0x57, 0xCC, 0x5E, 0xCB,
	0x2E, 0x3E, 0x44, 0xA5, 0xF1, 0xE6, 0xBE, 0xC9, 0x31, 0xB0, 0x2A, 0xC0,
	0x1F, 0xB1, 0x5C, 0x1E, 0xF8, 0x5E, 0x02, 0x53, 0xE7, 0xD0, 0xC6, 0x95,
	0x00, 0xA0, 0xBB, 0xC8, 0x05, 0xB1, 0x95, 0xA4, 0x47, 0xEB, 0xFF, 0x7D,
	0x35, 0xC2, 0x57, 0x99, 0x23, 0x61, 0x6D, 0x56, 0x5B, 0x9F, 0x49, 0xBF,
	0xBB, 0x9B, 0x27, 0x1D, 0xB6, 0x4C, 0x38, 0x56, 0x81, 0x68, 0xB8, 0x6B,
	0x4A, 0x7C, 0xBA, 0xAC, 0x4C, 0xFE, 0x83, 0x6E, 0xF9, 0x54, 0x45, 0xC4,
	0x21, 0x19, 0xF5, 0xF6, 0x04, 0x55, 0x90, 0xFA, 0x97, 0xCF, 0x3A, 0xF5,
	0xD8, 0xAC, 0xBF, 0xFC, 0x74, 0x4D, 0xC9, 0xB3, 0xCA, 0xA2, 0x1A, 0xBE,
	0xCF, 0x18, 0xA6, 0xF2, 0xBB, 0x58, 0x20, 0x1C, 0x7A, 0x9B, 0xE2, 0x43,
	0xF6, 0x46, 0x91, 0x53, 0x2D, 0x97, 0x2F, 0x7A, 0x0E, 0x50, 0x32, 0xFC,
	0xC6, 0x94, 0x21, 0xD4, 0x40, 0xA2, 0x06, 0x21, 0x98, 0x19, 0xB5, 0xD3,
	0xDF, 0x50, 0x3C, 0x7A, 0xFA, 0x91, 0xB6, 0xF9, 0xC4, 0xC5, 0x4D, 0x82,
	0x1E, 0xC7, 0xB6, 0x89, 0xA1, 0x6E, 0x16, 0x86, 0x39, 0x55, 0x5B, 0x48,
	0x94, 0xBB, 0x70, 0x96, 0x09, 0xE6, 0x74, 0x41, 0x40, 0xB3, 0x73, 0x23,
	0x76, 0x3E, 0x5B, 0xAE, 0x10, 0xD5, 0x7B, 0x8B, 0x97, 0xBE, 0x6D, 0x4A,
	0x04, 0x58, 0x2A, 0xDC, 0x81, 0xD2, 0xD3, 0xB8, 0x3E, 0x21, 0x49, 0x4A,
	0x9F, 0x07, 0x73, 0x02, 0xED, 0x58, 0x8B, 0x65, 0x3A, 0x35, 0x82, 0x2E,
	0x76, 0x68, 0x11, 0x1E, 0xC6, 0x99, 0x66, 0x5B, 0x15, 0x47, 0x98, 0x91,
	0xBF, 0xC3, 0x85, 0x07, 0x73, 0x84, 0x2D, 0x89, 0xD8, 0x68, 0xA9, 0x52,
	0xE7, 0x32, 0x39, 0x0E, 0x54, 0x72, 0xB9, 0x11, 0x85, 0x0B, 0x98, 0xD2,
	0xA8, 0x35, 0x2B, 0xCE, 0xE1, 0x00, 0xA0, 0xFA, 0x41, 0x7D, 0x68, 0xF1,
	0xD9, 0x49, 0x8A, 0x3F, 0xC9, 0x14, 0x2C, 0x01, 0x64, 0x70, 0x84, 0xEC,
	0x8B, 0x93, 0xEF, 0x24, 0x75, 0x35, 0xBA, 0xED, 0x0D, 0x46, 0x19, 0x4E,
	0x3D, 0xB1, 0x2A, 0xB8, 0x8C, 0x96, 0xDC, 0x9E, 0xCB, 0x26, 0x7B, 0x06,
	0xD2, 0xEB, 0x6F, 0xB9, 0xB5, 0xE5, 0xD6, 0xF0, 0xC8, 0x0E, 0x1B, 0xBF,
	0xE2, 0x0D, 0x21, 0x65, 0xD1, 0x89, 0xD8, 0xC7, 0x55, 0x08, 0x04, 0xD7,
	0x67, 0x94, 0xB9, 0x97, 0x6A, 0x50, 0x3D, 0x4C, 0x42, 0x2E, 0x76, 0x60,
	0xF1, 0x80, 0xA9, 0x6C, 0x51, 0x15, 0xC7, 0xE3, 0x82, 0x96, 0x88, 0xED,
	0x57, 0x4D, 0x47, 0x62, 0xB4, 0x26, 0x4A, 0xAF, 0x49, 0x86, 0xC4, 0x34,
	0x2B, 0x66, 0xE7, 0x6D, 0x41, 0x9E, 0x4B, 0x0B, 0x94, 0x36, 0x0D, 0xDD,
	0x00, 0xA9, 0x48, 0x09, 0x76, 0x7B, 0xA1, 0x1F, 0x80, 0xD2, 0x4D, 0x04,
	0x58, 0x86, 0x62, 0x3E, 0x34, 0xB2, 0xC1, 0xCA, 0x55, 0xF8, 0x97, 0x76,
	0x21, 0x9A, 0x63, 0xA8, 0x2F, 0x7F, 0xBC, 0xAA, 0x7D, 0xDB, 0x0D, 0xFC,
	0x9E, 0x89, 0xB1, 0x8F, 0x82, 0xCD, 0x2A, 0xD0, 0x33, 0xBB, 0x7C, 0xA3,
	0x63, 0xF9, 0x42, 0x0F, 0xE1, 0x31, 0x9C, 0x15, 0xEB, 0xD3, 0xE2, 0x37,
	0x7D, 0x3B, 0x5D, 0xDF, 0x32, 0x79, 0xC8, 0xBE, 0xFE, 0x80, 0x6D, 0x1C,
	0x90, 0x5A, 0x8C, 0x39, 0x8A, 0x69, 0x3F, 0x4B, 0xB2, 0xE7, 0x6B, 0xCD,
	0x7F, 0x1E, 0xDA, 0xA3, 0xE7, 0xD0, 0x57, 0x21, 0xE8, 0xC1, 0xA6, 0xF2,
	0xB6, 0xAF, 0x2F, 0x3F, 0x4C, 0x55, 0x47, 0xE9, 0x11, 0xAB, 0xAD, 0x3C,
	0xCA, 0xD5, 0x69, 0x61, 0x40, 0xCD, 0xCE, 0xF6, 0xE4, 0x86, 0x65, 0x49,
	0x3A, 0xF5, 0x97, 0xD7, 0x38, 0x27, 0x85, 0x09, 0x2A, 0x5B, 0x2F, 0xDD,
	0x16, 0xD4, 0x61, 0x37, 0x7D, 0x57, 0x5C, 0x01, 0xCD, 0x03, 0xC4, 0xA2,
	0x76, 0x7A, 0x3D, 0x35, 0x6D, 0x39, 0x08, 0x54, 0x61, 0xAB, 0x90, 0x59,
	0xCD, 0x2E, 0x2C, 0x21, 0x57, 0x74, 0x86, 0x2B, 0x1F, 0x3B, 0xF6, 0xEE,
	0xBD, 0x9C, 0x60, 0x5B, 0x41, 0xF7, 0x3E, 0x53, 0xE1, 0x95, 0xB9, 0x68,
	0x4E, 0x7A, 0xDD, 0xFE, 0x2D, 0xA6, 0xD4, 0x90, 0x0A, 0xC3, 0xB4, 0x5C,
	0xDE, 0xBF, 0xB2, 0x52, 0xE9, 0xCD, 0x57, 0xAF, 0xE5, 0xB2, 0xC2, 0x88,
	0x40, 0x52, 0x8B, 0x64, 0x1D, 0x87, 0xF9, 0x16, 0xF3, 0x47, 0x8E, 0x9A,
	0xD4, 0x65, 0x4F, 0x09, 0x95, 0x31, 0xEE, 0x1F, 0x8C, 0xCA, 0x2D, 0x00,
	0x61, 0x53, 0xC0, 0x26, 0x42, 0x65, 0x60, 0x6C, 0x5F, 0x50, 0x3F, 0x48,
	0x6F, 0x2A, 0x8A, 0xA2, 0x0C, 0x7A, 0xDF, 0x86, 0x26, 0x94, 0x18, 0x50,
	0x31, 0x2D, 0x35, 0x30, 0x6B, 0xDB, 0xA7, 0x6A, 0x17, 0xDE, 0xDB, 0xA2,
	0x41, 0xB9, 0xE5, 0x0A, 0x81, 0xBC, 0x52, 0xCF, 0x09, 0x44, 0x9E, 0x73,
	0xA9, 0xD0, 0x81, 0x7B, 0x16, 0x7D, 0x0B, 0xFF, 0x96, 0x2A, 0x30, 0x89,
	0x5A, 0xDE, 0x85, 0xEE, 0x85, 0x58, 0x69, 0xAE, 0x56, 0x20, 0xAF, 0xA1,
	0x6C, 0x68, 0x3A, 0x57, 0xAB, 0xAC, 0x5B, 0xDA, 0x53, 0x6D, 0x14, 0x6B,
	0x78, 0xE2, 0xCA, 0x23, 0x40, 0xDF, 0x7A, 0x31, 0xD7, 0xD2, 0x47, 0x41,
	0x9C, 0xBE, 0x68, 0xA0, 0xC2, 0xA6, 0xBD, 0x16, 0x02, 0x75, 0x20, 0x36,
	0xB0, 0x3E, 0xEB, 0x1C, 0x56, 0xAF, 0x12, 0xF1, 0x43, 0x50, 0x10, 0xA6,
	0x3C, 0xC9, 0x6F, 0x13, 0x79, 0x15, 0xAE, 0xB3, 0x88, 0xB1, 0xD7, 0x84,
	0x83, 0xCB, 0xA1, 0xBF, 0xD8, 0x0E, 0x30, 0x7B, 0x26, 0xB5, 0x8F, 0x2E,
	0x3B, 0x88, 0x71, 0x15, 0x1A, 0x8B, 0xD1, 0xA2, 0xCC, 0xDA, 0x18, 0x4B,
	0xA6, 0x9A, 0x04, 0x67, 0xE3, 0x67, 0xE1, 0x73, 0x7E, 0xA5, 0x58, 0xC2,
	0x83, 0x95, 0x51, 0x03, 0x5C, 0x85, 0x59, 0xBC, 0x32, 0xD3, 0xDF, 0xAA,
	0x59, 0x00, 0x5E, 0x70, 0x1A, 0x51, 0x5D, 0xA2, 0xA1, 0xC0, 0x77, 0xA8,
	0xBF, 0x7C, 0x2A, 0x79, 0xF8, 0xFA, 0xDD, 0xF4, 0x7B, 0x93, 0x43, 0xB1,
	0xA2, 0x82, 0x68, 0x5D, 0xD3, 0x56, 0xE0, 0xEC, 0x0E, 0xA3, 0x1D, 0x26,
	0xF5, 0xB4, 0xC4, 0xF6, 0xD1, 0x1A, 0xDC, 0xA2, 0x30, 0x4B, 0x00, 0xC3,
	0xFE, 0x9D, 0x6B, 0x4C, 0xD9, 0x53, 0x39, 0x68, 0x09, 0x1C, 0x50, 0x19,
	0x7F, 0x11, 0x16, 0x4A, 0x3A, 0x49, 0x33, 0x88, 0x38, 0xF1, 0x35, 0xBA,
	0x20, 0xF3, 0x1C, 0xE9, 0xD0, 0xF1, 0x9F, 0x9D, 0x9A, 0x94, 0x3B, 0xF5,
	0x8D, 0x1A, 0xA2, 0x19, 0x4E, 0xC6, 0x65, 0xD7, 0x3E, 0xA0, 0x56, 0xD2,
	0xE7, 0xD8, 0x1D, 0xC5, 0x93, 0x09, 0x64, 0x75, 0xA1, 0xF3, 0x7D, 0x01,
	0x77, 0xA7, 0xEF, 0xDF, 0xC3, 0x53, 0x1C, 0x05, 0x33, 0xE8, 0xAD, 0xB5,
	0x96, 0x3E, 0x4D, 0xB8, 0x90, 0x8E, 0x1A, 0xAC, 0x85, 0xEC, 0xC7, 0xCD,
	0x7E, 0x73, 0x41, 0x43, 0xD7, 0x82, 0xE1, 0xA3, 0xE3, 0x62, 0xEE, 0x1D,
	0x9B, 0xF1, 0xE6, 0x59, 0x0D, 0x04, 0x06, 0x73, 0x58, 0x46, 0x7F, 0xB0,
	0x0A, 0x33, 0xCB, 0xF6, 0x3D, 0xEC, 0x92, 0x65, 0x07, 0xD8, 0xD7, 0x10,
	0xDB, 0x73, 0x77, 0x38, 0x84, 0x2F, 0x6D, 0xA3, 0xAA, 0x86, 0x9E, 0x14,
	0x0A, 0x12, 0x01, 0xD0, 0x42, 0x1C, 0xCC, 0x97, 0x48, 0x30, 0xB5, 0x46,
	0xD2, 0x67, 0xEF, 0x7F, 0x69, 0xC8, 0x43, 0xD0, 0x8C, 0xAC, 0x25, 0x72,
	0xEE, 0x90, 0xD0, 0x6B, 0xE2, 0x7B, 0x1A, 0x97, 0x72, 0x8A, 0x8C, 0x18,
	0x0A, 0xDF, 0xB8, 0xB4, 0xBE, 0x7A, 0xF9, 0xDC, 0xBD, 0xF7, 0x60, 0xD6,
	0xF8, 0x53, 0xCA, 0xF1, 0x0C, 0x32, 0x7E, 0x61, 0x03, 0x9D, 0x1E, 0x9B,
	0xDB, 0x0A, 0xAF, 0x11, 0xB5, 0xA8, 0x91, 0x5D, 0xA0, 0x1B, 0xB3, 0xA6,
	0xDA, 0x73, 0x68, 0x5D, 0xC7, 0x4D, 0x1B, 0x7E, 0x96, 0x2B, 0x41, 0xB7,
	0xDB, 0x21, 0x84, 0xC1, 0xCA, 0xD6, 0x9B, 0x75, 0x76, 0x0A, 0xE5, 0x47,
	0x6C, 0x09, 0x40, 0xB4, 0xB9, 0x9F, 0xB0, 0xED, 0xE2, 0x05, 0x45, 0xA6,
	0x51, 0xEF, 0x40, 0x82, 0x03, 0x13, 0xEE, 0xFA, 0x38, 0xA0, 0x75, 0xC3,
	0x79, 0xD8, 0x59, 0x95, 0x87, 0x30, 0x6B, 0x6C, 0x58, 0xE0, 0x98, 0xC6,
	0x56, 0xEB, 0xB8, 0xB1, 0x4D, 0x09, 0x9A, 0xA9, 0x48, 0x7B, 0x57, 0x43,
	0x7C, 0x79, 0x5B, 0xF7, 0xDC, 0x38, 0x29, 0x4E, 0x8E, 0x70, 0x8A, 0x0A,
	0xB2, 0xC6, 0x52, 0xFC, 0xCD, 0x35, 0xF5, 0x9C, 0x46, 0x6A, 0x0D, 0xEC,
	0xEA, 0x64, 0xDD, 0xA6, 0x80, 0xBD, 0xB2, 0xDA, 0x5F, 0x49, 0xC0, 0x6B,
	0x62, 0x30, 0x24, 0xC3, 0x96, 0x8B, 0xAF, 0x1E, 0x6D, 0x4B, 0x03, 0x97,
	0x88, 0xD5, 0x91, 0x4A, 0xC8, 0x68, 0x9D, 0xB5, 0xEC, 0x8A, 0xE8, 0x80,
	0x63, 0xAD, 0x34, 0x16, 0xEE, 0xE5, 0x37, 0xE3, 0x17, 0xCB, 0xE2, 0xE1,
	0x02, 0x3F, 0x70, 0xB8, 0x81, 0x53, 0x32, 0x41, 0xD9, 0xCE, 0x28, 0x3C,
	0xBA, 0xC4, 0x67, 0x52, 0x73, 0xA9, 0x16, 0x18, 0x85, 0xDE, 0x69, 0x33,
	0xD9, 0xA4, 0x1A, 0x52, 0x76, 0xAA, 0x49, 0x11, 0x57, 0x25, 0x08, 0xC1,
	0x4E, 0xF8, 0x35, 0x96, 0x02, 0x4C, 0x3E, 0x8B, 0x95, 0x59, 0x45, 0xB7,
	0x6B, 0x14, 0x18, 0x53, 0x38, 0xA2, 0x72, 0x49, 0x7D, 0x82, 0xA4, 0x8E,
	0x06, 0x15, 0xA0, 0x0E, 0x76, 0x0C, 0xD0, 0xEC, 0xFA, 0xC5, 0x5D, 0x87,
	0x2F, 0xE2, 0x16, 0x7D, 0xB0, 0x67, 0xC3, 0x35, 0xEB, 0x22, 0xF1, 0xF0,
	0xB8, 0x44, 0xA1, 0xFC, 0x3F, 0xFD, 0x54, 0x70, 0x5E, 0x6E, 0xCE, 0x9E,
	0x00, 0xBD, 0x4E, 0xA5, 0x15, 0x28, 0x98, 0x7B, 0x77, 0x65, 0x7D, 0xC8,
	0xF6, 0xB8, 0x58, 0x3C, 0x13, 0x5A, 0x1B, 0xAE, 0x0A, 0x66, 0xB2, 0x6F,
	0xE7, 0x5D, 0xD7, 0xBB, 0xA7, 0x63, 0xE9, 0x68, 0xAE, 0xEF, 0xDD, 0x54,
	0xC3, 0x77, 0xDA, 0xB3, 0xDE, 0xB8, 0xFE, 0xD4, 0x5A, 0x3D, 0x9A, 0x03,
	0x7F, 0xEA, 0x12, 0xAA, 0x41, 0x46, 0x74, 0xC1, 0xA0, 0x82, 0xCB, 0xC6,
	0xD0, 0x2C, 0x57, 0x0D, 0x2A, 0x23, 0x20, 0x69, 0xCF, 0xA1, 0x96, 0x35,
	0x2F, 0xBF, 0xD8, 0xCD, 0xC9, 0x84, 0xD2, 0xB7, 0x7C, 0xFD, 0x97, 0xC1,
	0x06, 0x14, 0x30, 0xCB, 0x6A, 0xA2, 0xCC, 0xC6, 0x4D, 0xA6, 0xDD, 0xB4,
	0xBB, 0x89, 0x5B, 0xAC, 0xC4, 0xBD, 0xE5, 0x80, 0x03, 0x90, 0x82, 0xDB,
	0x4D, 0x32, 0x24, 0xA1, 0xDA, 0x49, 0xE8, 0xCE, 0xB0, 0x31, 0x96, 0x51,
	0xF3, 0xE6, 0xB9, 0x73, 0x05, 0xF8, 0xDC, 0xF1, 0x73, 0xE4, 0xE7, 0x10,
	0x6B, 0xB2, 0x14, 0x54, 0x79, 0xD9, 0xF1, 0xFF, 0x99, 0x88, 0x11, 0xF6,
	0xBC, 0xF3, 0xB0, 0xB7, 0xD4, 0x83, 0x04, 0x65, 0x0C, 0x06, 0xB3, 0x75,
	0x89, 0x4B, 0xBE, 0xAB, 0xF6, 0x89, 0x73, 0xB5, 0x8F, 0x07, 0x45, 0x00,
	0xF7, 0x7C, 0x67, 0xF3, 0xB3, 0xB7, 0xD8, 0x94, 0xB5, 0x85, 0x27, 0x24,
	0x26, 0xFE, 0x69, 0x10, 0xD0, 0x0C, 0xB3, 0x2D, 0x99, 0x4D, 0x8E, 0xA6,
	0x14, 0xE6, 0x47, 0x68, 0xFA, 0xE3, 0x7B, 0x98, 0x7F, 0xB4, 0xF9, 0x76,
	0xF6, 0xDB, 0xB7, 0xE7, 0xE9, 0xD2, 0x4B, 0xFB, 0x9D, 0x79, 0x4F, 0x84,
	0x1A, 0xFC, 0xAC, 0x80, 0xF3, 0xC1, 0x7B, 0x99, 0x1E, 0xBD, 0x4B, 0x5D,
	0x69, 0x05, 0x0F, 0x0E, 0x10, 0x8B, 0x13, 0x85, 0x78, 0x16, 0x5A, 0xA1,
	0x6D, 0xD3, 0x7C, 0x1D, 0xE4, 0xA6, 0x28, 0x71, 0x7D, 0x63, 0x93, 0x6C,
	0xDA, 0x47, 0x03, 0xA9, 0xDB, 0x3D, 0x80, 0x31, 0x2F, 0x69, 0x71, 0x26,
	0x94, 0xE4, 0xEB, 0xF9, 0x4A, 0xDD, 0x99, 0x83, 0x7C, 0xF5, 0x39, 0xA7,
	0xF9, 0x41, 0x05, 0xC1, 0xD8, 0xB5, 0x42, 0x47, 0xB4, 0xF6, 0xB3, 0xAB,
	0x2D, 0x90, 0x8D, 0x26, 0x37, 0x4E, 0x9A, 0x97, 0x06, 0x23, 0x53, 0xCD,
	0x48, 0x7B, 0x66, 0x61, 0x4B, 0x19, 0xA7, 0xE2, 0x51, 0xD0, 0x58, 0x8E,
	0xA0, 0x0A, 0xEF, 0x33, 0x69, 0xC3, 0xC1, 0x50, 0x29, 0x3D, 0xB4, 0xCB,
	0x54, 0xE4, 0x62, 0x86, 0xC4, 0xA3, 0xC7, 0x07, 0x4F, 0x25, 0xFD, 0x7B,
	0x23, 0xC4, 0x4A, 0xF2, 0x57, 0xEE, 0xB3, 0x0A, 0x6C, 0xB9, 0x76, 0xE7,
	0x47, 0xEC, 0x4C, 0x37, 0x49, 0x51, 0xF8, 0x7E, 0x8F, 0x56, 0x2A, 0x8A,
	0x83, 0x40, 0x0C, 0xBE, 0xFE, 0x31, 0xF1, 0xE9, 0x38, 0x55, 0x10, 0x77,
	0x9A, 0xDF, 0xE2, 0x72, 0x1A, 0xB4, 0x2C, 0x8F, 0xF0, 0xBE, 0xEE, 0x53,
	0xB1, 0x72, 0x7B, 0xCF, 0x83, 0x2F, 0x3A, 0x5A, 0xF0, 0x10, 0x2A, 0x0E,
	0xF9, 0x9F, 0x3F, 0xFF, 0x3B, 0xAB, 0xAA, 0x34, 0xE7, 0xD7, 0x9B, 0x21,
	0xA3, 0x3C, 0x29, 0xA4, 0x1B, 0xB6, 0x42, 0xD1, 0x3E, 0x11, 0x6B, 0xDA,
	0xA9, 0x28, 0x7D, 0x67, 0x23, 0xEB, 0x3B, 0xD6, 0xFD, 0xBD, 0xA0, 0x4F,
	0x4D, 0x93, 0x89, 0xDA, 0x5F, 0x02, 0xCD, 0xE6, 0xA6, 0x92, 0x83, 0xD3,
	0x4F, 0x95, 0x31, 0x7D, 0x10, 0x3C, 0x39, 0x79, 0x7B, 0xB5, 0xEA, 0xAD,
	0x83, 0xFF, 0x5E, 0x77, 0x09, 0x6B, 0xA4, 0x4A, 0x12, 0xA9, 0x19, 0x01,
	0xE4, 0xA8, 0x59, 0x84, 0x3C, 0x6C, 0xC7, 0x3A, 0x53, 0xBE, 0x9C, 0x42,
	0x50, 0x48, 0x08, 0xEE, 0x35, 0xEC, 0xD5, 0x2B, 0x4B, 0x27, 0xA9, 0x42,
	0x9C, 0x9F, 0x21, 0xD2, 0xCC, 0xF6, 0x82, 0x2A, 0x43, 0x1C, 0x5A, 0xBC,
	0x11, 0xA8, 0xAC, 0x4B, 0xEB, 0xDB, 0xC9, 0x7D, 0xB3, 0xE4, 0xA6, 0xD6,
	0xB4, 0x85, 0x17, 0x36, 0xCF, 0x23, 0x68, 0x12, 0x13, 0xC2, 0xCA, 0x34,
	0x25, 0x49, 0xAE, 0xB7, 0x8C, 0x94, 0x41, 0x2B, 0x6D, 0x71, 0x0B, 0x75,
	0xE3, 0x62, 0xE4, 0xB1, 0x1A, 0x5F, 0x9A, 0xA3, 0x52, 0x17, 0x31, 0x45,
	0xB3, 0xBB, 0x1C, 0x16, 0xB4, 0x76, 0x04, 0xF4, 0xEB, 0x2E, 0xAE, 0x05,
	0xD7, 0x6A, 0x41, 0xDD, 0xDA, 0x7B, 0x97, 0x03, 0x0C, 0x4B, 0x72, 0x86,
	0x13, 0xF2, 0x34, 0x7A, 0x05, 0x5E, 0x2B, 0xA4, 0x19, 0x18, 0x9F, 0x5C,
	0xA0, 0xCD, 0x76, 0x65, 0x89, 0x29, 0xE6, 0xBA, 0x1E, 0xE7, 0x45, 0x32,
	0xE8, 0xE4, 0x79, 0x67, 0xF4, 0xC9, 0x3E, 0x35, 0x5C, 0x26, 0x9A, 0xE4,
	0x5A, 0x41, 0x37, 0xB9, 0x19, 0x1F, 0x96, 0x46, 0x75, 0x8C, 0x2E, 0xDA,
	0x6A, 0x36, 0xE2, 0xD6, 0x58, 0xF5, 0x0F, 0xA7, 0x6B, 0xE7, 0x77, 0x16,
	0xE5, 0x9F, 0x9A, 0x50, 0xB0, 0xAF, 0xDE, 0x3C, 0xE8, 0x4A, 0x7F, 0x2A,
	0x4D, 0xF7, 0xCD, 0x9D, 0xAB, 0x76, 0x49, 0xB2, 0xD9, 0xB5, 0x38, 0x48,
	0x3E, 0x8A, 0x1B, 0x73, 0x24, 0x4A, 0xC7, 0xBB, 0x75, 0x91, 0x6B, 0xF2,
	0x05, 0xAD, 0x3E, 0x7A, 0x69, 0x5E, 0x30, 0x1D, 0xB0, 0x3C, 0x0D, 0x1C,
	0xD3, 0x32, 0x93, 0x13, 0x1A, 0x46, 0x83, 0x09, 0x68, 0x49, 0x32, 0x86,
	0x08, 0x78, 0xEF, 0x47, 0xED, 0x94, 0xCE, 0x7C, 0x9C, 0x24, 0x36, 0x5E,
	0x73, 0xD9, 0xE9, 0xC5, 0x7F, 0x43, 0xAC, 0x34, 0x1C, 0xE7, 0xA7, 0xD2,
	0x9E, 0xB4, 0x0D, 0xF3, 0x5E, 0x38, 0x6C, 0xE9, 0x07, 0x30, 0xC9, 0xD1,
	0x8E, 0x71, 0x02, 0x5F, 0xDF, 0x65, 0x8A, 0x36, 0x01, 0x1A, 0xB5, 0x3E,
	0x18, 0xF6, 0x2F, 0x00, 0xF1, 0x0A, 0xAB, 0x21, 0x60, 0xB3, 0xE4, 0x82,
	0x83, 0x8F, 0x39, 0x5C, 0xF0, 0x14, 0x9F, 0x7E, 0x7F, 0x84, 0x12, 0x4E,
	0xDC, 0x64, 0x45, 0x9E, 0xEE, 0x44, 0x8C, 0xD5, 0x78, 0xC9, 0x74, 0x70,
	0x42, 0x71, 0x9C, 0xD1, 0x60, 0xEC, 0x12, 0xEA, 0x4B, 0x21, 0xEE, 0x17,
	0x45, 0x4D, 0x22, 0xED, 0xB4, 0xF8, 0xCA, 0xB5, 0xA1, 0x41, 0x4F, 0x71,
	0xF1, 0x47, 0x88, 0x0F, 0xE7, 0x65, 0x30, 0x81, 0x2A, 0x01, 0x6B, 0xF7,
	0xBD, 0x60, 0x9D, 0x8C, 0x57, 0xE1, 0x54, 0xAF, 0x23, 0xE6, 0x7F, 0x92,
	0xCF, 0xDD, 0x51, 0xA7, 0x88, 0x69, 0x97, 0xA1, 0x0D, 0xBE, 0x4D, 0x3C,
	0x71, 0xC4, 0xAB, 0xA9, 0xA2, 0x09, 0xF0, 0x72, 0xF8, 0xEA, 0xB1, 0x5E,
	0x61, 0x0A, 0x72, 0xC3, 0x62, 0x37, 0x67, 0x18, 0xC1, 0x79, 0xAC, 0x01,
	0x20, 0x28, 0x97, 0x3E, 0xAB, 0x5D, 0xCC, 0xB0, 0xB5, 0x76, 0x43, 0xAC,
	0x42, 0xEA, 0x8C, 0x94, 0xB0, 0xF5, 0x73, 0xC5, 0xD0, 0x83, 0x34, 0x80,
	0x0D, 0x55, 0xB9, 0xE4, 0xB1, 0x2D, 0x1A, 0xAF, 0x60, 0x25, 0x12, 0x85,
	0x90, 0xCE, 0x9D, 0x79, 0x4E, 0xA9, 0xCF, 0xDB, 0xB8, 0x89, 0x2F, 0xCA,
	0x9C, 0x26, 0xD3, 0x84, 0x0E, 0xB8, 0x2D, 0xC9, 0x08, 0x65, 0x42, 0xD0,
	0xC2, 0x38, 0xE8, 0xDB, 0x5B, 0x43, 0x06, 0x6A, 0x34, 0x90, 0xE9, 0xF5,
	0x29, 0xA2, 0xE7, 0xDB, 0xDD, 0x8C, 0x11, 0x95, 0x82, 0xFB, 0x41, 0xE4,
	0x3F, 0xCE, 0xC0, 0x11, 0x07, 0x4C, 0x6F, 0x28, 0x18, 0xB8, 0x2D, 0x1C,
	0xC7, 0x4C, 0x12, 0x59, 0xF4, 0xAC, 0xC8, 0x5A, 0x8D, 0x26, 0xFA, 0xAA,
	0x5E, 0xCE, 0x7F, 0x69, 0xCB, 0x98, 0xCD, 0x32, 0x7D, 0xC4, 0xDD, 0xC9,
	0x63, 0xDC, 0x79, 0x49, 0x9B, 0x46, 0x5C, 0x51, 0x90, 0x5C, 0x26, 0xE9,
	0x5A, 0xBE, 0xAF, 0xEA, 0xA6, 0xFB, 0xDE, 0x23, 0x41, 0x73, 0x82, 0xBB,
	0x06, 0xD7, 0xFE, 0x4B, 0x44, 0xB1, 0xFA, 0x7C, 0x31, 0xA2, 0xBF, 0xF2,
	0xDA, 0xEF, 0x55, 0xE1, 0x84, 0x0D, 0x60, 0x58, 0xF7, 0x3C, 0x8A, 0xA5,
	0xC6, 0x45, 0x0A, 0x8E, 0x4C, 0x7F, 0xA9, 0xEC, 0x26, 0xDD, 0xDF, 0x3C,
	0x04, 0x66, 0x49, 0x86, 0xD4, 0x63, 0x88, 0x57, 0x01, 0x3F, 0x0A, 0x05,
	0xCB, 0x23, 0xB6, 0xEF, 0xE1, 0xD9, 0x68, 0xD5, 0xBE, 0x8A, 0x00, 0xD6,
	0x58, 0x1D, 0x3B, 0xB1, 0xF7, 0x65, 0x45, 0xF3, 0xE6, 0x87, 0xEA, 0x7A,
	0x41, 0x9E, 0xF9, 0x24, 0xAC, 0xC2, 0xBD, 0xE5, 0x4F, 0xAC, 0x56, 0xE0,
	0x19, 0xA8, 0x12, 0x60, 0xF0, 0xB4, 0x6F, 0xB9, 0x03, 0xDE, 0x20, 0xE1,
	0xDB, 0xE5, 0x6F, 0x53, 0x00, 0x5D, 0x4B, 0x1E, 0x2E, 0xDC, 0x25, 0xD1,
	0x0C, 0x58, 0x54, 0x3F, 0x58, 0xDA, 0x1F, 0x72, 0x59, 0x6D, 0x56, 0xCB,
	0xF6, 0x9D, 0xA9, 0xAB, 0x5D, 0xC0, 0x92, 0xB9, 0x81, 0x2A, 0x5A, 0xA4,
	0x53, 0x2E, 0x64, 0xB4, 0x57, 0x6D, 0xDB, 0xBC, 0x85, 0x65, 0xD7, 0x3D,
	0x15, 0x96, 0x6B, 0x4D, 0x47, 0x14, 0xD6, 0x84, 0xEE, 0x0A, 0xF9, 0xC5,
	0xBD, 0x4C, 0x3A, 0x31, 0x37, 0x0F, 0x4B, 0x36, 0x82, 0x90, 0x42, 0x52,
	0x44, 0x93, 0x9E, 0x09, 0x4E, 0xF4, 0xA8, 0xCE, 0x17, 0xC7, 0x28, 0xF1,
	0xC0, 0x1D, 0xE5, 0x98, 0xD6, 0xBF, 0x2E, 0x01, 0x87, 0xAC, 0x72, 0x6A,
	0xC9, 0xDB, 0xF4, 0xA6, 0xF7, 0xB8, 0x75, 0xD4, 0xFB, 0x3F, 0x6F, 0x32,
	0xEA, 0x29, 0xE6, 0x40, 0xE5, 0xF7, 0xD8, 0x0D, 0x9C, 0x40, 0xEC, 0x96,
	0x0B, 0x49, 0xEB, 0x5B, 0x7E, 0x71, 0xD4, 0x3F, 0x55, 0x8B, 0x97, 0x20,
	0x79, 0xB1, 0x56, 0xC4, 0xED, 0xD5, 0x3D, 0x32, 0xBC, 0x66, 0xCA, 0xA5,
	0x3E, 0xDD, 0x92, 0x9F, 0xAA, 0x3B, 0x72, 0xED, 0xDF, 0xEA, 0x9C, 0x43,
	0x6F, 0x4B, 0xFE, 0xDE, 0xB5, 0x38, 0xEC, 0xDF, 0x29, 0x78, 0xB0, 0xA4,
	0xB2, 0x35, 0x9F, 0x41, 0xCA, 0x36, 0xC2, 0x89, 0xF7, 0x1C, 0x52, 0x21,
	0x04, 0x2C, 0x13, 0xC6, 0x99, 0x5C, 0xF9, 0x05, 0xA0, 0x2B, 0xD2, 0x56,
	0xAC, 0x4F, 0x92, 0x11, 0x16, 0x22, 0xA6, 0x9B, 0x99, 0x45, 0x27, 0x3B,
	0x73, 0xFE, 0x0C, 0x0D, 0x16, 0xC6, 0x05, 0xD1, 0xC1, 0x18, 0x0B, 0xD9,
	0xE1, 0x98, 0x6B, 0xD2, 0x5D, 0x90, 0x01, 0xFB, 0x8C, 0xA6, 0x03, 0xCF,
	0xC6, 0x48, 0xCC, 0x59, 0x78, 0x63, 0xDA, 0xE7, 0x4A, 0xEB, 0x84, 0xFA,
	0xD6, 0x11, 0x2E, 0x7D, 0xAA, 0x8D, 0x1E, 0xFE, 0xF2, 0x80, 0x56, 0x52,
	0x97, 0x72, 0x83, 0x39, 0x06, 0x42, 0xC0, 0xAC, 0x6D, 0x99, 0xBA, 0x79,
	0x8F, 0x63, 0x4D, 0xA4, 0xF8, 0x67, 0x48, 0x7C, 0x81, 0xF5, 0x25, 0xFE,
	0x5B, 0xF1, 0x52, 0x06, 0xC0, 0xAB, 0x88, 0x80, 0x8F, 0x5A, 0x16, 0x9D,
	0x58, 0xC0, 0x43, 0x9B, 0xDE, 0x2C, 0x08, 0x56, 0x42, 0x78, 0x9F, 0x67,
	0xD4, 0xD2, 0x97, 0x15, 0xAD, 0x17, 0x46, 0xDA, 0x38, 0xB6, 0x77, 0xCC,
	0x5F, 0xA2, 0x28, 0xF0, 0xF5, 0xEA, 0x3C, 0x47, 0x85, 0xAA, 0xCF, 0x94,
	0x9F, 0x3D, 0x4A, 0x28, 0x2A, 0xF1, 0xD6, 0x3F, 0xE3, 0x31, 0xBA, 0x33,
	0x44, 0x95, 0xAA, 0x6F, 0xB8, 0x1E, 0xB9, 0xB3, 0x94, 0x0B, 0xCB, 0x09,
	0xFA, 0xBD, 0x2F, 0x4E, 0x75, 0x8C, 0x23, 0x67, 0xA6, 0x19, 0xFC, 0x10,
	0x04, 0x62, 0xA7, 0x93, 0xD3, 0xF5, 0xBE, 0x8B, 0x9D, 0xD3, 0x9C, 0x9A,
	0xC6, 0x82, 0x5A, 0x50, 0xC7, 0xA5, 0x7C, 0xB3, 0x29, 0x69, 0x0D, 0x0E,
	0xB3, 0x99, 0x6E, 0x81, 0x47, 0xF7, 0xD6, 0xAF, 0x0A, 0x86, 0x0D, 0xF4,
	0xC0, 0xC7, 0x6C, 0x44, 0xDB, 0xED, 0x85, 0x2A, 0xAA, 0x56, 0x44, 0x5D,
	0x8D, 0xF6, 0x4F, 0x61, 0x93, 0x17, 0xA3, 0x99, 0xB1, 0x3E, 0x8C, 0x86,
	0x66, 0x38, 0x6A, 0x52, 0x0A, 0x57, 0xC2, 0xA0, 0x2F, 0x40, 0xEF, 0x36,
	0xB7, 0xF4, 0xC6, 0xBD, 0x2F, 0xEA, 0xF8, 0x01, 0xC3, 0x27, 0xC4, 0x85,
	0x77, 0x2E, 0xD6, 0x49, 0x57, 0x55, 0x2E, 0xC0, 0x31, 0xC4, 0xAD, 0x73,
	0x37, 0xAA, 0x56, 0x9E, 0xEF, 0x81, 0xF4, 0xD7, 0xEA, 0x42, 0x2A, 0x69,
	0x4C, 0x5D, 0xE5, 0xDC, 0xF1, 0x49, 0x72, 0x0E, 0xB8, 0x55, 0xDD, 0x64,
	0xE9, 0x91, 0x47, 0x6E, 0x3E, 0x4C, 0x36, 0x56, 0xD2, 0x27, 0x25, 0xAA,
	0x99, 0xD9, 0x2A, 0x9E, 0x4C, 0x83, 0x70, 0x7E, 0x82, 0x4A, 0x62, 0x79,
	0xB7, 0x16, 0x95, 0x1F, 0xE2, 0x35, 0xD2, 0xE0, 0xA0, 0x1C, 0x31, 0x01,
	0xF3, 0x0F, 0x13, 0x59, 0x61, 0x23, 0xEC, 0x91, 0x14, 0xAC, 0x71, 0x3B,
	0x01, 0x47, 0xF0, 0x24, 0x1D, 0x0E, 0x09, 0x5F, 0x34, 0xDC, 0x68, 0xAF,
	0x86, 0x3B, 0xB4, 0xA4, 0x45, 0xBB, 0x80, 0x88, 0x81, 0xB7, 0x2E, 0xFF,
	0x1F, 0x02, 0x26, 0x41, 0x50, 0x82, 0xDE, 0xB3, 0xA1, 0xAB, 0xA5, 0x68,
	0x82, 0x41, 0xA4, 0x56, 0x15, 0x60, 0xD6, 0x88, 0xF2, 0xB4, 0xE2, 0xE4,
	0x41, 0xDC, 0xE4, 0x99, 0x8F, 0x17, 0x89, 0x7B, 0x6E, 0xAC, 0xC4, 0xD9,
	0x69, 0xF1, 0xAE, 0xEA, 0x2C, 0x11, 0x07, 0x04, 0x08, 0x85, 0x34, 0x4D,
	0x2D, 0xF2, 0x53, 0x35, 0xA7, 0x13, 0x33, 0x5D, 0xF6, 0xA4, 0x17, 0xF0,
	0xB6, 0xB8, 0x23, 0x47, 0xE8, 0x2D, 0x5A, 0x53, 0x0C, 0xAD, 0x74, 0x96,
	0xA4, 0x8E, 0x89, 0x37, 0xE7, 0x59, 0xC3, 0x85, 0xE5, 0xA6, 0xCC, 0xB2,
	0x93, 0x9A, 0xF5, 0x17, 0xEC, 0x81, 0x5F, 0xBE, 0xDB, 0xAB, 0x43, 0x42,
	0x4A, 0xE7, 0xCA, 0x9D, 0x6E, 0xD7, 0x99, 0xCF, 0x64, 0x05, 0xD5, 0x99,
	0xAE, 0x09, 0x24, 0x16, 0xCA, 0x87, 0xA5, 0x2D, 0xBA, 0x98, 0x5F, 0x8D,
	0x40, 0xF2, 0x3D, 0x7A, 0x74, 0xF6, 0xF1, 0xEE, 0xB8, 0x17, 0x61, 0x34,
	0xBB, 0x78, 0x5F, 0xCA, 0x7C, 0xDF, 0x84, 0x97, 0x96, 0x30, 0xC1, 0x8E,
	0x7D, 0xFB, 0x10, 0x1F, 0x4E, 0x6B, 0x3F, 0x9A, 0x5E, 0xE5, 0xCB, 0x10,
	0x0B, 0x45, 0x23, 0x51, 0x09, 0x94, 0xC0, 0x90, 0x37, 0x12, 0x2D, 0x1C,
	0xD7, 0x42, 0x14, 0x4C, 0x6C, 0xAC, 0x60, 0x5B, 0x25, 0xB7, 0xA6, 0x71,
	0xA0, 0xE9, 0x48, 0x5E, 0xEC, 0xFF, 0x81, 0x87, 0xDB, 0xF5, 0x26, 0x76,
	0x60, 0x88, 0x48, 0xA5, 0xEB, 0x0C, 0x8D, 0x1E, 0x1F, 0x42, 0x28, 0x9E,
	0xD6, 0xDF, 0xC0, 0xE6, 0x56, 0x57, 0x9D, 0xB2, 0xD9, 0xB6, 0xAF, 0xCC,
	0xE4, 0x62, 0x88, 0xB3, 0x18, 0x47, 0x66, 0x35, 0xC2, 0x23, 0x21, 0xDC,
	0x9B, 0x1C, 0x2F, 0x30, 0xED, 0xE3, 0xDE, 0x87, 0x37, 0x64, 0xF5, 0xC6,
	0x25, 0x0E, 0xA0, 0x3F, 0xF1, 0x3A, 0xB5, 0xBE, 0xBB, 0xE9, 0x58, 0x86,
	0x05, 0x53, 0x6F, 0xCD, 0x76, 0xED, 0x5A, 0xFB, 0xF3, 0x0F, 0x8F, 0x24,
	0x3D, 0x78, 0xC4, 0x65, 0x02, 0x0B, 0xD1, 0xBA, 0x6E, 0xFC, 0x4C, 0x5C,
	0x6A, 0x89, 0xB0, 0xCB, 0x34, 0xB2, 0xDB, 0x25, 0xD6, 0x52, 0x2B, 0xF1,
	0xE0, 0x22, 0x67, 0x94, 0x60, 0xA8, 0x1F, 0xDD, 0xF0, 0x63, 0x26, 0x11,
	0x2D, 0xD4, 0x84, 0x9A, 0x8B, 0xC1, 0x42, 0x3E, 0xB1, 0x0E, 0x81, 0xF8,
	0xD5, 0x67, 0xDA, 0x80, 0x76, 0xA3, 0x9F, 0xB6, 0xF8, 0x7C, 0x58, 0x5B,
	0xEB, 0x3D, 0xB7, 0xDC, 0xF1, 0x3B, 0x57, 0x53, 0xE8, 0xD4, 0x12, 0x26,
	0x24, 0xF8, 0xC1, 0x2A, 0x63, 0x1F, 0x04, 0x49, 0x49, 0xF3, 0xFD, 0xA4,
	0xE8, 0xB1, 0x83, 0x76, 0x0D, 0xCF, 0x0F, 0xA5, 0x92, 0xBC, 0x6D, 0x94,
	0x85, 0xDE, 0x5A, 0xAC, 0xB2, 0x92, 0x32, 0xCB, 0x30, 0xA1, 0xD2, 0x82,
	0xE8, 0x28, 0xC0, 0xA4, 0xE0, 0x4F, 0xDB, 0x1E, 0xA1, 0xF3, 0xC4, 0xC8,
	0x73, 0x24, 0x83, 0x30, 0xC3, 0xA2, 0xA8, 0x13, 0x49, 0xD6, 0x74, 0xC1,
	0x7B, 0x6B, 0x2E, 0x3F, 0xEA, 0xCC, 0xF4, 0x00, 0xF2, 0x90, 0xC8, 0xA8,
	0x7F, 0x16, 0xB2, 0x78, 0x92, 0x66, 0x4C, 0x54, 0xC2, 0x9F, 0x67, 0xDF,
	0xE1, 0x47, 0x96, 0xC1, 0x39, 0x75, 0xDE, 0xA6, 0x98, 0xB7, 0x13, 0x6A,
	0xA5, 0x0F, 0x5C, 0x5B, 0x11, 0x97, 0x17, 0x94, 0xF0, 0xCF, 0x4A, 0xB7,
	0x1B, 0x4B, 0x40, 0xB4, 0x2E, 0xA0, 0x3D, 0xEE, 0x0F, 0x0A, 0xD7, 0xE8,
	0xB8, 0x1F, 0x3D, 0x19, 0xCA, 0x4E, 0xF5, 0xC1, 0x41, 0xDA, 0xC5, 0xA9,
	0x61, 0x8A, 0xF2, 0xE9, 0xDA, 0xB7, 0xAE, 0xDB, 0x62, 0x4A, 0x5E, 0xC2,
	0x64, 0x7A, 0xE0, 0x86, 0x08, 0x1C, 0xB9, 0x4D, 0x6A, 0xF3, 0x8B, 0xF5,
	0xC4, 0x93, 0xD5, 0x48, 0x73, 0xF4, 0xBC, 0x61, 0xBE, 0x20, 0xFC, 0x1E,
	0xB4, 0x2C, 0x8E, 0x3E, 0xF2, 0xDC, 0x33, 0xB5, 0x73, 0x43, 0x93, 0x0A,
	0xA9, 0x64, 0xD4, 0xAE, 0x8B, 0xF1, 0x01, 0x5D, 0xDB, 0x93, 0x1A, 0x08,
	0xFB, 0x19, 0x70, 0x30, 0x1F, 0x3D, 0x73, 0xB9, 0xFB, 0xE7, 0xE2, 0x2B,
	0xA6, 0x58, 0xF8, 0x49, 0x2D, 0xDF, 0x7F, 0x11, 0x34, 0x6F, 0x93, 0xD8,
	0xC2, 0xBA, 0x92, 0xB8, 0x15, 0x83, 0x8A, 0x99, 0xE4, 0x6E, 0xC4, 0xFB,
	0xDC, 0xED, 0xDA, 0xF7, 0x0A, 0x4F, 0xB5, 0x09, 0x42, 0x1B, 0x24, 0xB1,
	0x9A, 0xC7, 0x99, 0x55, 0x28, 0xB9, 0x5E, 0xD4, 0x7D, 0x08, 0xCC, 0x55,
	0xD1, 0x10, 0xAD, 0x9A, 0x20, 0x27, 0xC2, 0xBD, 0xB5, 0x28, 0x86, 0x0A,
	0x3D, 0x06, 0xA7, 0x71, 0x77, 0xD2, 0xB7, 0xE9, 0xDF, 0x65, 0x49, 0xA1,
	0x32, 0xC8, 0xF4, 0x21, 0xC4, 0xB8, 0x7A, 0x4E, 0x6D, 0x4B, 0xA4, 0x3A,
	0xCB, 0x05, 0x41, 0xC2, 0x34, 0xE4, 0xDF, 0x64, 0x97, 0x39, 0x25, 0x99,
	0xE2, 0xB4, 0xE6, 0x61, 0x84, 0xE4, 0x9B, 0x6C, 0x2C, 0x02, 0x87, 0x8D,
	0x83, 0xEF, 0x8A, 0x38, 0xF9, 0x0E, 0xE2, 0x01, 0x4E, 0x81, 0xB0, 0x33,
	0x80, 0xEB, 0xE5, 0x7B, 0xF7, 0x18, 0x75, 0xA6, 0xFC, 0x13, 0x9E, 0x51,
	0xFA, 0x61, 0xA0, 0x58, 0x02, 0x10, 0xEF, 0x00, 0x3E, 0x19, 0xB5, 0x4F,
	0xF7, 0x01, 0x8A, 0x4E, 0xA5, 0x22, 0xDA, 0x48, 0x64, 0x2F, 0x80, 0x6B,
	0xC3, 0x64, 0x6C, 0x2D, 0xF4, 0xDD, 0x39, 0x26, 0x31, 0xA2, 0x5E, 0x93,
	0x9E, 0xFB, 0xCF, 0xD3, 0x91, 0x99, 0xAD, 0xC7, 0xA9, 0x8A, 0x3B, 0x13,
	0x09, 0x73, 0x1D, 0xB4, 0xB6, 0xA1, 0xF5, 0xDD, 0x03, 0x8A, 0xD4, 0xF9,
	0x60, 0x91, 0x9D, 0xD7, 0x7A, 0x56, 0xDA, 0x4C, 0x19, 0x1E, 0xA0, 0x8C,
	0x1C, 0x77, 0x13, 0x8E, 0x4E, 0x63, 0xB9, 0xBE, 0x15, 0xEF, 0xD9, 0x24,
	0x5F, 0x6C, 0x9B, 0xEC, 0x95, 0xBC, 0x53, 0x67, 0x9B, 0x0D, 0xB8, 0x0C,
	0x14, 0xEE, 0x5F, 0x6B, 0x8D, 0xD6, 0x5C, 0xB7, 0x5E, 0x26, 0xD2, 0x05,
	0xE2, 0xA2, 0x22, 0xC7, 0x2E, 0x91, 0x75, 0xE4, 0xB3, 0x96, 0x37, 0x0A,
	0x55, 0x2B, 0x78, 0x8F, 0xDC, 0x94, 0xF2, 0x40, 0x5D, 0x15, 0x23, 0x1E,
	0x24, 0x34, 0x53, 0xDF, 0x3B, 0xA5, 0x5E, 0xCD, 0x31, 0xFA, 0x81, 0xBB,
	0xDD, 0x68, 0xAF, 0x05, 0x42, 0xFB, 0xF9, 0xC2, 0xC1, 0xCD, 0xC4, 0xE6,
	0x78, 0x43, 0xBF, 0x80, 0x14, 0xF0, 0x13, 0x29, 0x83, 0x86, 0x9A, 0x31,
	0x2A, 0x5E, 0x1C, 0x90, 0x56, 0x10, 0x14, 0x05, 0xFF, 0x04, 0xB4, 0xFE,
	0x01, 0x82, 0x2E, 0x64, 0x2C, 0xCA, 0xBF, 0x44, 0x0E, 0x27, 0x0A, 0x20,
	0x2E, 0x05, 0xB4, 0x85, 0x64, 0x1E, 0xC7, 0xE5, 0xBA, 0x8F, 0x9F, 0x6F,
	0x55, 0xC3, 0x83, 0x92, 0x7E, 0xED, 0x1C, 0xF7, 0x24, 0xF8, 0x21, 0x73,
	0xCD, 0x86, 0x50, 0xFC, 0xE9, 0x07, 0xB2, 0xD4, 0x1B, 0xCA, 0x55, 0x9A,
	0x4E, 0xA7, 0x3B, 0xA1, 0x12, 0x59, 0xD9, 0x0D, 0xA9, 0x50, 0x7B, 0x63,
	0x10, 0x0B, 0x6E, 0x2E, 0xC6, 0xE8, 0x7E, 0x1E, 0x52, 0xB7, 0x72, 0xD6,
	0xF1, 0x1F, 0x87, 0x51, 0x64, 0x17, 0xA2, 0xD0, 0x04, 0x21, 0xCD, 0x36,
	0x4B, 0xE4, 0x1E, 0x1D, 0xDA, 0x05, 0xDD, 0x54, 0xB6, 0xA3, 0x30, 0x5F,
	0xD8, 0xA8, 0xE8, 0x6F, 0xD6, 0xDF, 0xF1, 0xB7, 0xDC, 0x89, 0xFC, 0xFF,
	0xD5, 0x7C, 0xD0, 0x29, 0x7D, 0x82, 0xD8, 0x58, 0x09, 0x29, 0xA6, 0xA0,
	0xED, 0x88, 0x2E, 0x90, 0x86, 0xE2, 0x38, 0x2B, 0x75, 0x9E, 0x5A, 0x87,
	0x94, 0xEC, 0x09, 0x80, 0xF2, 0xCB, 0x91, 0x03, 0x5B, 0x9B, 0x68, 0x20,
	0x07, 0x14, 0x1B, 0xDA, 0xDF, 0xE2, 0xE7, 0xC9, 0x9C, 0xC4, 0xC7, 0x47,
	0x08, 0xAD, 0xB0, 0xE6, 0xC5, 0xF0, 0x84, 0xF8, 0xF8, 0x08, 0xEE, 0xC0,
	0xB6, 0x66, 0x83, 0x6F, 0x8E, 0x3A, 0x92, 0xEA, 0x30, 0x48, 0xDE, 0xC3,
	0xDC, 0x82, 0xF5, 0x84, 0xBB, 0x2E, 0x1F, 0x1E, 0xC6, 0x78, 0x98, 0xA4,
	0xC9, 0xA0, 0x76, 0x00, 0x7E, 0x61, 0x89, 0x4C, 0x73, 0xE9, 0xCE, 0xEC,
	0xF0, 0x25, 0xED, 0xD3, 0xB8, 0x5D, 0xAD, 0xD0, 0xB0, 0x43, 0x94, 0xEC,
	0xE7, 0xB2, 0x65, 0x2A, 0x6B, 0x41, 0xEB, 0xC3, 0x29, 0x7C, 0x3F, 0x6D,
	0x75, 0x7D, 0xDD, 0xB2, 0xAC, 0x86, 0x67, 0x13, 0x94, 0x6E, 0x96, 0xA9,
	0xF2, 0xE4, 0x87, 0xD5, 0x16, 0xA5, 0x6E, 0x1E, 0xCE, 0x3B, 0xC7, 0x93,
	0xDB, 0xE2, 0xFA, 0xD8, 0xA8, 0x4B, 0x13, 0x40, 0xCB, 0xEC, 0x76, 0x37,
	0xEE, 0x88, 0x91, 0x85, 0x0D, 0xB8, 0x45, 0x86, 0x8A, 0x23, 0x1A, 0x49,
	0xDC, 0xF5, 0x7F, 0xB7, 0xCF, 0xC6, 0x10, 0xA8, 0x04, 0x0C, 0xBF, 0xBC,
	0x2B, 0x85, 0x1F, 0x4D, 0xE4, 0xF8, 0xDB, 0x5D, 0xCE, 0xB6, 0x38, 0x98,
	0x6B, 0x09, 0x01, 0x3C, 0xD1, 0x3A, 0x0C, 0x07, 0x22, 0xC4, 0x2A, 0xB3,
	0xE3, 0x43, 0xAF, 0x80, 0xBA, 0x18, 0x40, 0x1D, 0x2E, 0x03, 0x6F, 0x54,
	0xBB, 0x5D, 0xC8, 0xB2, 0x33, 0xEA, 0x6A, 0x9E, 0x3D, 0xF4, 0x80, 0x49,
	0x74, 0x8C, 0xA5, 0xB4, 0x38, 0xD7, 0x0A, 0x58, 0xE0, 0xAC, 0x53, 0xFE,
	0x46, 0x3B, 0x33, 0x2E, 0xA1, 0xA5, 0x40, 0x93, 0xFC, 0x12, 0x6C, 0x5A,
	0x4A, 0xE6, 0x3A, 0x9A, 0xC4, 0x44, 0xAF, 0xFD, 0x5F, 0xD8, 0x95, 0x71,
	0xD9, 0x46, 0x11, 0x19, 0xDC, 0xC6, 0x76, 0x58, 0x86, 0xBD, 0x13, 0x33,
	0x9E, 0x2E, 0xDF, 0x6D, 0x73, 0x4A, 0x88, 0x56, 0x29, 0xF1, 0xA7, 0x7F,
	0x42, 0xC3, 0x0D, 0x04, 0x2C, 0x8B, 0x36, 0x61, 0x28, 0xE7, 0x4B, 0x99,
	0x6D, 0x7C, 0x06, 0x0D, 0x19, 0x08, 0x0E, 0x4C, 0x2B, 0x89, 0x55, 0x5D,
	0xC3, 0x3D, 0x91, 0x5E, 0xD1, 0x22, 0xC2, 0x73, 0x7A, 0xDC, 0xCD, 0x14,
	0xF7, 0x12, 0xD2, 0x6F, 0xAA, 0x15, 0xE9, 0xD1, 0xC5, 0x3D, 0xBA, 0x68,
	0x22, 0x8E, 0x44, 0xF9, 0x5F, 0xB1, 0x14, 0x5E, 0x05, 0x78, 0x9B, 0x65,
	0x56, 0x61, 0xF6, 0xFB, 0x1B, 0xB7, 0x57, 0x8D, 0xA7, 0x91, 0xF4, 0x75,
	0x97, 0xBD, 0xA7, 0xAF, 0x2B, 0x62, 0xE5, 0x07, 0x81, 0xAB, 0xEF, 0x6E,
	0x05, 0x18, 0x1C, 0x43, 0xBE, 0x8A, 0xF9, 0x57, 0x60, 0xA9, 0x26, 0xB4,
	0x32, 0x08, 0x70, 0x13, 0xBD, 0xF6, 0x7D, 0x6A, 0x5D, 0x12, 0x3F, 0x93,
	0x3D, 0x25, 0xF1, 0x73, 0xE0, 0x98, 0xBE, 0xFE, 0x9B, 0xD8, 0x60, 0x95,
	0x45, 0xF7, 0x36, 0x09, 0x90, 0x82, 0x56, 0xE1, 0x70, 0xC1, 0x78, 0x7E,
	0xBC, 0x10, 0x44, 0xD9, 0x0F, 0x28, 0xA3, 0xF6, 0xCE, 0x64, 0x7B, 0x40,
	0x68, 0x58, 0xFE, 0xB1, 0x6C, 0xC3, 0xC8, 0x21, 0x6B, 0x33, 0x94, 0x6A,
	0x4F, 0x22, 0x56, 0x32, 0x61, 0x64, 0xE3, 0x93, 0x0A, 0xC1, 0x83, 0x18,
	0x19, 0xBF, 0x5B, 0x0C, 0x58, 0xCC, 0x79, 0x66, 0x0D, 0x57, 0xC8, 0xBD,
	0x95, 0xBA, 0x92, 0x85, 0xE5, 0xB9, 0xF7, 0xFE, 0xC0, 0x31, 0x21, 0x7D,
	0xB7, 0x76, 0x83, 0x05, 0x50, 0x2B, 0x99, 0xDA, 0x66, 0x03, 0x0B, 0x9B,
	0x41, 0x83, 0xDE, 0x48, 0x31, 0x5B, 0xDA, 0x8C, 0x12, 0x4F, 0x09, 0xB6,
	0x94, 0x53, 0x83, 0x1F, 0xBB, 0x1A, 0x88, 0xB3, 0xFA, 0x59, 0xCC, 0xF8,
	0x04, 0x85, 0x3B, 0x50, 0xEA, 0xDB, 0x00, 0x5A, 0xF4, 0x89, 0x91, 0x90,
	0x42, 0xFF, 0x56, 0x44, 0xAD, 0xA4, 0xE9, 0x93, 0x9D, 0x4D, 0x33, 0xF4,
	0xBF, 0x53, 0xCC, 0x43, 0x5D, 0xD9, 0xD8, 0xD0, 0x31, 0x63, 0x12, 0xE8,
	0x89, 0x7E, 0xEA, 0xA5, 0x26, 0x56, 0xD6, 0x13, 0x9E, 0xFC, 0x2D, 0x86,
	0x3A, 0x8E, 0x5F, 0x18, 0x8E, 0x14, 0xC7, 0x4B, 0x2B, 0xFA, 0xFD, 0x60,
	0xF6, 0xED, 0x87, 0x38, 0x09, 0x8D, 0xA5, 0xDB, 0x7D, 0xFE, 0xAC, 0xFC,
	0xA4, 0x7C, 0x3C, 0x3A, 0x08, 0xF2, 0x77, 0x9E, 0x85, 0xCA, 0x6E, 0x34,
	0x4B, 0xA0, 0x4A, 0x97, 0x8B, 0x66, 0x23, 0xB1, 0xEA, 0x18, 0x62, 0x6B,
	0x31, 0x43, 0x77, 0xD7, 0xBE, 0x78, 0xF2, 0x19, 0x7F, 0x9E, 0x3F, 0xD3,
	0xD9, 0x2A, 0x85, 0xE4, 0x95, 0x7D, 0xFF, 0x66, 0x3B, 0xF6, 0x57, 0x6B,
	0x61, 0xBA, 0x96, 0x85, 0xAF, 0x11, 0x7B, 0x04, 0x3C, 0x56, 0xCF, 0x54,
	0xBD, 0x31, 0xFA, 0x46, 0xE1, 0x13, 0x25, 0x02, 0x44, 0x88, 0x95, 0x90,
	0x71, 0x8C, 0x91, 0xD5, 0x1F, 0x3D, 0x2F, 0xA8, 0x94, 0xA6, 0xEC, 0x18,
	0xBA, 0xA9, 0x03, 0xAD, 0x76, 0x8E, 0x9E, 0xD1, 0xFD, 0x56, 0x9A, 0x4A,
	0x19, 0x48, 0xA0, 0xE5, 0x97, 0xC4, 0x7E, 0xC2, 0x30, 0xBF, 0x4D, 0x60,
	0x23, 0x3D, 0x3F, 0xD2, 0x1F, 0x7F, 0x3C, 0x5E, 0x97, 0xEC, 0x2A, 0x5F,
	0x46, 0x55, 0xFA, 0x79, 0xBC, 0xBF, 0x5C, 0x89, 0xF8, 0x46, 0x88, 0x36,
	0x9A, 0xA7, 0xEE, 0xEA, 0x47, 0xB2, 0x1D, 0xCD, 0x12, 0xD7, 0xC6, 0xB1,
	0x3E, 0xC0, 0xEE, 0x4F, 0x37, 0x85, 0x13, 0xB3, 0x52, 0x90, 0xB8, 0xF8,
	0xAE, 0x95, 0xF7, 0xEE, 0x50, 0xDD, 0x32, 0x02, 0xFE, 0xED, 0xA9, 0x1E,
	0x73, 0x31, 0xD7, 0x65, 0xFC, 0xF5, 0x63, 0x1B, 0x15, 0x17, 0x38, 0xAA,
	0xA7, 0x75, 0xB4, 0x2A, 0x79, 0x3C, 0x69, 0xD8, 0x1B, 0xA2, 0xB7, 0xEA,
	0xDA, 0xD7, 0xBB, 0x25, 0x5F, 0xFE, 0x3E, 0x02, 0xD3, 0xC3, 0xFD, 0x22,
	0xF9, 0xC0, 0xE7, 0x9B, 0x4F, 0x55, 0xF7, 0xD3, 0x9D, 0x43, 0x6E, 0x5C,
	0x2B, 0xE3, 0x93, 0x08, 0xC6, 0x5C, 0x64, 0x13, 0x47, 0x49, 0x97, 0xFE,
	0xA5, 0xE5, 0x51, 0x73, 0xF9, 0x4A, 0x12, 0xEA, 0x5C, 0x71, 0x83, 0x20,
	0x41, 0x32, 0x09, 0xBC, 0x7E, 0x6B, 0x31, 0x06, 0x62, 0x2F, 0x2D, 0xEC,
	0xA4, 0x11, 0xE0, 0x62, 0xB3, 0x22, 0x85, 0xA0, 0x90, 0x7D, 0xB7, 0x53,
	0xDA, 0xB4, 0x67, 0xAF, 0x62, 0xFF, 0xFA, 0xEF, 0x43, 0x24, 0x28, 0x84,
	0x6C, 0x9B, 0x61, 0xC4, 0x63, 0xD9, 0x00, 0x4F, 0xE5, 0xE0, 0x0D, 0x09,
	0xA9, 0x01, 0x9F, 0xA6, 0xC5, 0x88, 0xA1, 0x8F, 0x7F, 0xFD, 0x12, 0x3E,
	0xE6, 0x47, 0xF1, 0xF7, 0x1D, 0x8D, 0x6F, 0x5C, 0x9E, 0x23, 0x1E, 0x9C,
	0x18, 0x6B, 0x43, 0xAA, 0x80, 0x55, 0x6A, 0x26, 0x8D, 0x41, 0x84, 0xDC,
	0xFB, 0xBD, 0xCF, 0xD2, 0x16, 0xEF, 0x51, 0xBC, 0x54, 0xF8, 0x70, 0x4D,
	0x22, 0x9A, 0xD9, 0xCB, 0x81, 0x73, 0x45, 0xF9, 0xF5, 0xEC, 0x27, 0x47,
	0xD3, 0xFA, 0x8E, 0x21, 0xAD, 0xC1, 0x52, 0x63, 0xF5, 0x9B, 0xBD, 0x4A,
	0x27, 0xCC, 0x65, 0xB4, 0x38, 0x0D, 0xC4, 0xF3, 0x36, 0x24, 0x52, 0xE4,
	0x13, 0x9B, 0x6B, 0xBF, 0x03, 0x5F, 0xD4, 0x71, 0xA9, 0x04, 0x0D, 0x9B,
	0xF8, 0xE3, 0x7D, 0xD4, 0x0F, 0x60, 0xC1, 0xE9, 0x8E, 0x47, 0x1C, 0x88,
	0xDE, 0xFA, 0xC4, 0x69, 0xB9, 0x95, 0xC7, 0x9A, 0x9C, 0xD1, 0xF1, 0x7C,
	0xB7, 0x5D, 0xF4, 0x36, 0xBB, 0x97, 0xF3, 0x5F, 0x8C, 0x55, 0xBD, 0xE5,
	0xAD, 0xD6, 0xC0, 0x3B, 0xCE, 0xD8, 0x67, 0xAC, 0x09, 0x68, 0x12, 0x26,
	0x08, 0x6A, 0x71, 0x5B, 0x81, 0xED, 0x38, 0x61, 0x74, 0xF7, 0x20, 0xCB,
	0xF3, 0xE0, 0x3F, 0x02, 0x99, 0x88, 0x5B, 0xA4, 0x2E, 0x6E, 0xCC, 0xC4,
	0x6B, 0xDB, 0x87, 0xEE, 0x6C, 0xE5, 0x43, 0xDE, 0x64, 0xE4, 0x09, 0xCC,
	0x08, 0x9D, 0x00, 0x58, 0x3E, 0xEC, 0x9F, 0x47, 0x8A, 0x78, 0xD9, 0x19,
	0xD7, 0x84, 0x38, 0x15, 0x58, 0xAB, 0x9F, 0x32, 0xD4, 0x2F, 0x2A, 0x35,
	0x14, 0x6D, 0xCF, 0x53, 0x5E, 0x15, 0xEB, 0xAB, 0xC4, 0xDD, 0x49, 0x68,
	0x7D, 0xB6, 0xE5, 0xFB, 0x13, 0x05, 0xF0, 0xCD, 0x80, 0x16, 0xE1, 0x3D,
	0x12, 0x07, 0x0F, 0x77, 0x72, 0x17, 0x4D, 0x09, 0x3E, 0xB0, 0x2D, 0x4E,
	0x0A, 0x85, 0x0B, 0xFF, 0x00, 0xE7, 0x65, 0x28, 0x96, 0x2B, 0xD8, 0x24,
	0x5F, 0xCF, 0x80, 0xB4, 0x0F, 0xDF, 0x52, 0xC8, 0xA7, 0x3F, 0xEC, 0xF5,
	0xC0, 0x5A, 0x7A, 0xDB, 0x35, 0xE4, 0x59, 0x90, 0x62, 0xFB, 0xED, 0xE9,
	0xB7, 0xDB, 0x39, 0x8E, 0xEB, 0xD2, 0xD8, 0xB2, 0x49, 0xD1, 0xA2, 0x5C,
	0xE6, 0x87, 0x23, 0xBC, 0x0C, 0xFF, 0x5B, 0xAC, 0x32, 0xBB, 0x65, 0xE4,
	0x7D, 0x5D, 0xFD, 0xF1, 0x61, 0x9B, 0x96, 0x89, 0x11, 0xD1, 0x1D, 0x97,
	0xF4, 0x73, 0xB4, 0x38, 0x04, 0x3D, 0xFB, 0xF8, 0x22, 0xC1, 0x1C, 0x88,
	0x1A, 0xBF, 0xBE, 0x87, 0x65, 0x98, 0xFE, 0x39, 0x41, 0x96, 0x94, 0xE9,
	0x2E, 0x9A, 0x5B, 0x0D, 0x6D, 0xF6, 0x9C, 0xD8, 0x7B, 0xB1, 0xF2, 0x05,
	0x00, 0x98, 0x13, 0xC0, 0x02, 0x0A, 0x2B, 0x92, 0xBE, 0x54, 0xE5, 0xA9,
	0xD9, 0xE0, 0xC5, 0x84, 0xCE, 0x6E, 0x82, 0xE8, 0xD3, 0xAD, 0x52, 0xE6,
	0x0D, 0x93, 0xC2, 0x36, 0x4E, 0x1D, 0x87, 0x5D, 0x0F, 0x0D, 0x05, 0x6E,
	0xBB, 0x9E, 0x1A, 0xA7, 0x43, 0xD7, 0x8E, 0xA6, 0x8C, 0xDE, 0x89, 0x65,
	0xF7, 0x0B, 0x48, 0x0C, 0x4C, 0x7B, 0x18, 0x8A, 0x5C, 0xD7, 0xB8, 0x60,
	0x8D, 0xA9, 0xD6, 0x11, 0x6A, 0x1D, 0xB5, 0x0F, 0xAF, 0x44, 0xE5, 0xE4,
	0xA6, 0xB9, 0x93, 0x8B, 0xEF, 0xE7, 0x09, 0xC2, 0x38, 0x50, 0x83, 0x72,
	0xF2, 0x2B, 0x6E, 0xD0, 0x21, 0xE3, 0xD3, 0xBF, 0x0B, 0xC3, 0x32, 0xFE,
	0x47, 0x65, 0x0B, 0xBB, 0xD2, 0xF8, 0x82, 0xB6, 0x03, 0xE4, 0x32, 0x13,
	0x28, 0x1C, 0x94, 0x91, 0x98, 0x9B, 0x8D, 0x16, 0xA9, 0x94, 0xA5, 0xFF,
	0x69, 0xC9, 0x4B, 0x07, 0xDB, 0xC6, 0xB5, 0x18, 0xDE, 0xE4, 0xDA, 0x48,
	0x4B, 0x94, 0x07, 0xFC, 0xA5, 0x61, 0x12, 0xED, 0xF7, 0x27, 0xB3, 0x2A,
	0xEF, 0xDD, 0x96, 0x17, 0x03, 0xB4, 0xCF, 0x70, 0x5A, 0x72, 0xB2, 0x30,
	0x67, 0x04, 0x5D, 0xC5, 0x80, 0x19, 0x89, 0x7F, 0x8C, 0xB5, 0x2A, 0x8D,
	0xC7, 0xFE, 0x1C, 0xD0, 0x86, 0xBE, 0xB3, 0x73, 0x43, 0x9C, 0xF7, 0xCF,
	0x3F, 0xE8, 0x98, 0xD0, 0x47, 0xF0, 0x5C, 0x20, 0x2B, 0x55, 0xB0, 0x04,
	0xDF, 0x40, 0xD3, 0xF8, 0x74, 0x11, 0x72, 0xA5, 0x2E, 0x51, 0x53, 0x26,
	0x0D, 0xCE, 0x97, 0xC6, 0x01, 0x08, 0x26, 0x6D, 0xD5, 0x74, 0x0D, 0x1C,
	0xEA, 0x04, 0xD1, 0xAB, 0xA2, 0x36, 0x10, 0x7F, 0x67, 0xAC, 0x8C, 0x37,
	0x83, 0xD9, 0x4C, 0x75, 0x64, 0x13, 0xDB, 0x4A, 0x2D, 0xB7, 0x69, 0xFA,
	0xE0, 0xB0, 0x59, 0x2E, 0x29, 0xE3, 0x3F, 0x42, 0x7E, 0xAE, 0x51, 0xD2,
	0x5C, 0x17, 0xCD, 0x45, 0x61, 0xC6, 0x62, 0xB1, 0xCA, 0xBC, 0x88, 0x10,
	0xD0, 0x23, 0x45, 0x54, 0xF0, 0x29, 0xDB, 0x49, 0xA1, 0xCD, 0x02, 0xF7,
	0x4E, 0xA7, 0x39, 0x71, 0x8F, 0x07, 0x4B, 0xDA, 0x24, 0x32, 0x67, 0x20,
	0x9A, 0x4E, 0x83, 0x5E, 0x59, 0xF9, 0x06, 0x27, 0xA9, 0x9D, 0x57, 0xE0,
	0xB0, 0x49, 0x11, 0x0A, 0xF2, 0xBE, 0x78, 0x09, 0xE7, 0xCB, 0x24, 0x4B,
	0xC1, 0x50, 0xE2, 0x0E, 0x92, 0xA1, 0x01, 0xEA, 0x45, 0x82, 0xF7, 0x27,
	0x59, 0x67, 0x0B, 0x93, 0xF9, 0x6F, 0x1B, 0xE0, 0x5E, 0x50, 0xFC, 0x0E,
	0xCA, 0xBF, 0x8B, 0x9E, 0x94, 0x4B, 0x59, 0xDE, 0x60, 0x28, 0x15, 0xD2,
	0xCD, 0x6D, 0x14, 0x5B, 0x86, 0x7C, 0xB6, 0x68, 0xDD, 0x37, 0x21, 0x47,
	0x3E, 0x01, 0x74, 0x20, 0x77, 0x60, 0x55, 0x96, 0x4A, 0xA0, 0xF5, 0x32,
	0x6D, 0x1F, 0xCA, 0x24, 0x5E, 0xC5, 0xE8, 0x83, 0x0E, 0x89, 0xAD, 0xEB,
	0x56, 0xF4, 0xBA, 0xC9, 0xEB, 0x87, 0xBE, 0xD8, 0x61, 0x83, 0x20, 0xA2,
	0x1A, 0x5A, 0xB9, 0x2A, 0x69, 0xBD, 0xFC, 0xC4, 0x9E, 0xB1, 0xA0, 0xF6,
	0xB8, 0x38, 0xD6, 0x66, 0xD7, 0xA2, 0x9A, 0x75, 0xE3, 0xDC, 0x7E, 0xED,
	0x2B, 0x0E, 0xC7, 0x9C, 0xE7, 0x88, 0x86, 0x30, 0x1D, 0x44, 0xFC, 0xC5,
	0x4A, 0x07, 0x79, 0x8F, 0x1C, 0xE1, 0x5D, 0xAF, 0x41, 0x45, 0x00, 0x80,
	0x7D, 0xF9, 0x29, 0x7A, 0x21, 0xD5, 0x1A, 0x84, 0x2E, 0x46, 0xF4, 0x44,
	0x91, 0x1D, 0x88, 0xEA, 0x10, 0x81, 0xB8, 0x5D, 0xAF, 0xFA, 0xD5, 0xEA,
	0x36, 0x3E, 0x35, 0xF7, 0x6E, 0xA6, 0x63, 0x29, 0x92, 0xE5, 0x6F, 0x93,
	0x0C, 0x74, 0xA8, 0x61, 0x3D, 0x9A, 0x28, 0xC2, 0x7E, 0xC1, 0x58, 0x70,
	0x42, 0xD5, 0xD0, 0x4D, 0xB8, 0x5F, 0x22, 0x7C, 0x7E, 0xA0, 0x3A, 0xEE,
	0x19, 0xEA, 0xF3, 0xCF, 0xA9, 0x14, 0x4F, 0x78, 0xFB, 0x71, 0xD7, 0x7B,
	0x07, 0x62, 0x99, 0xC8, 0x32, 0xB8, 0x08, 0x57, 0x37, 0xBB, 0x72, 0xC3,
	0x5F, 0xDF, 0x22, 0xBA, 0x0F, 0x35, 0xC1, 0xF4, 0xD3, 0x0A, 0x09, 0x42,
	0xFE, 0x1A, 0xA1, 0x1E, 0x05, 0x38, 0xC4, 0xD5, 0x8D, 0xA6, 0x14, 0xD0,
	0x63, 0x8B, 0x81, 0x86, 0x9D, 0x37, 0x65, 0xE8, 0x77, 0xFF, 0x5C, 0x6D,
	0xA3, 0x46, 0xB7, 0xAF, 0x28, 0xD6, 0x64, 0x21, 0x8A, 0x35, 0xEE, 0xBA,
	0xBD, 0xB1, 0xF5, 0xF8, 0xD2, 0xE1, 0x4A, 0x91, 0x9D, 0x03, 0x6D, 0xBC,
	0x04, 0x2B, 0x5C, 0xBE, 0x44, 0x67, 0xB8, 0xC8, 0x8B, 0xA1, 0x9B, 0x61,
	0x35, 0x6B, 0x7B, 0x8E, 0xB3, 0x13, 0xF5, 0xFE, 0x1D, 0xAF, 0x63, 0xC2,
	0xDE, 0x5F, 0xD6, 0xD4, 0xDA, 0xEA, 0xEE, 0x2F, 0x47, 0x8E, 0x9D, 0x97,
	0x31, 0xCD, 0x5F, 0xE7, 0x0D, 0xEB, 0xE8, 0x2D, 0x55, 0x09, 0x4B, 0x93,
	0xDE, 0xE0, 0xB5, 0x99, 0x98, 0x5A, 0xFF, 0xA2, 0x79, 0xD8, 0xB8, 0x8D,
	0xFE, 0x05, 0xE5, 0x0C, 0xEB, 0x28, 0x9F, 0xE6, 0x35, 0x50, 0x32, 0x6A,
	0xAB, 0xFC, 0x80, 0xDF, 0xF7, 0x3D, 0x13, 0x7B, 0x01, 0x11, 0x07, 0x79,
	0xD3, 0x93, 0x02, 0x22, 0x40, 0xDB, 0x2A, 0x96, 0x82, 0x78, 0x79, 0x36,
	0xE6, 0x4E, 0x5D, 0x0C, 0xA6, 0xAA, 0x23, 0x63, 0x15, 0x65, 0x56, 0x90,
	0x05, 0xC4, 0xC5, 0xDB, 0x3B, 0x28, 0x46, 0x8A, 0xFC, 0x41, 0xF1, 0xC0,
	0x6B, 0x2E, 0x7C, 0x0D, 0x82, 0xAC, 0x6E, 0x22, 0x89, 0xB8, 0x65, 0xB6,
	0x14, 0xBB, 0xA1, 0xAE, 0xEC, 0x92, 0xF2, 0x3D, 0x75, 0x02, 0x4C, 0x8E,
	0xBA, 0xAF, 0xB9, 0x9E, 0x40, 0xDC, 0x0D, 0x8C, 0xB5, 0x3F, 0x34, 0xB2,
	0xA1, 0x20, 0x65, 0x9D, 0x46, 0xBF, 0x92, 0x7D, 0x0C, 0x07, 0x48, 0x61,
	0xB3, 0x7E, 0x10, 0x8F, 0x56, 0xB5, 0xFA, 0xC5, 0xA6, 0xD8, 0x86, 0x1D,
	0x1E, 0x76, 0x4C, 0x00, 0xD4, 0x72, 0x3D, 0x8F, 0x2B, 0xEF, 0x79, 0xBC,
	0xFB, 0xD5, 0x9A, 0x5A, 0x6E, 0x18, 0x79, 0xF1, 0x0B, 0xE7, 0x1B, 0xAF,
	0x40, 0x8F, 0x84, 0xF2, 0x04, 0x4D, 0x73, 0xFE, 0x51, 0xAA, 0xB8, 0x64,
	0x97, 0x33, 0x70, 0xBB, 0xC5, 0x18, 0x7E, 0xDD, 0xE0, 0x93, 0x98, 0x9C,
	0xB3, 0xFE, 0x18, 0xC4, 0xC2, 0x2F, 0xCB, 0x39, 0x8C, 0xFF, 0xBB, 0xE7,
	0x0C, 0x88, 0x84, 0x60, 0x4B, 0x05, 0xB0, 0xB9, 0xCF, 0xE1, 0xCB, 0x65,
	0x26, 0x0D, 0xA2, 0xD8, 0xED, 0x79, 0x66, 0xF5, 0xEB, 0x2B, 0x22, 0x19,
	0x0A, 0x2E, 0x64, 0xDA, 0x42, 0x38, 0x4E, 0x83, 0x4D, 0x70, 0x75, 0xCD,
	0xCE, 0x83, 0xDD, 0x27, 0xCA, 0x92, 0x11, 0x2D, 0xBB, 0x4C, 0x81, 0xE3,
	0x3D, 0xF2, 0x7A, 0x46, 0x23, 0x14, 0x7F, 0x37, 0xDF, 0x78, 0x69, 0x24,
	0x92, 0xCA, 0xE8, 0xA3, 0x5A, 0xA4, 0x8A, 0x71, 0x7D, 0xD5, 0xBD, 0xCD,
	0x68, 0x8A, 0x5F, 0xD1, 0x0A, 0xAC, 0x17, 0x47, 0xFA, 0x52, 0x25, 0xAE,
	0x0C, 0xB2, 0x83, 0x39, 0x46, 0xF5, 0xB0, 0x92, 0x75, 0xD5, 0x72, 0x2A,
	0x37, 0xA5, 0xFF, 0x24, 0x9D, 0xAF, 0xD0, 0x46, 0xE6, 0xE0, 0x65, 0xB0,
	0xE5, 0x8B, 0x68, 0xF8, 0x97, 0xDD, 0x7E, 0xCE, 0xCD, 0x3F, 0xCA, 0x14,
	0xCC, 0xF0, 0x50, 0xEB, 0xDB, 0x11, 0xE3, 0xC3, 0x7E, 0x93, 0x55, 0xD4,
	0x92, 0x15, 0x75, 0x33, 0xD8, 0x09, 0x77, 0x8C, 0x3B, 0x74, 0x59, 0xF4,
	0x53, 0x2C, 0x87, 0xB1, 0xAA, 0x21, 0x43, 0x10, 0x8A, 0xB8, 0xEB, 0x75,
	0x20, 0x32, 0xB1, 0xCE, 0x93, 0x8D, 0x3F, 0x52, 0xFE, 0x99, 0x9A, 0xE8,
	0x5A, 0xE5, 0xFD, 0x89, 0x35, 0xF1, 0x5D, 0xB4, 0x4E, 0xB9, 0x2C, 0xB1,
	0xB7, 0xE1, 0xFC, 0x6C, 0x3D, 0xC4, 0x36, 0xBC, 0xDC, 0x17, 0x8E, 0x08,
	0x73, 0xF5, 0xEA, 0x46, 0x2C, 0xDE, 0x2D, 0x6F, 0x6B, 0xA3, 0xFD, 0x58,
	0xB3, 0x20, 0xCA, 0xDD, 0xAE, 0x8F, 0x71, 0x93, 0x74, 0x22, 0xC8, 0x42,
	0x4B, 0x82, 0x6D, 0xC4, 0xD9, 0x4E, 0x56, 0xF6, 0x8C, 0x7B, 0xA8, 0x32,
	0x3A, 0x85, 0xF2, 0x81, 0xC9, 0xF7, 0x01, 0x06, 0xA9, 0x7D, 0x62, 0xAB,
	0xB2, 0x28, 0x0D, 0x6A, 0x36, 0xA6, 0x2A, 0x35, 0x57, 0x86, 0x97, 0x5B,
	0x5A, 0x9D, 0x1B, 0x17, 0x2B, 0x21, 0xF4, 0x19, 0xDB, 0xCC, 0x5A, 0x1E,
	0x9E, 0x90, 0x0E, 0xD8, 0x8C, 0x19, 0x69, 0xDE, 0x2E, 0xA5, 0xE8, 0x62,
	0x9D, 0x4C, 0xB1, 0xAB, 0x72, 0xDD, 0xB5, 0x26, 0x1E, 0x64, 0xB9, 0xC9,
	0x4F, 0xDB, 0xCE, 0xDA, 0x05, 0x65, 0xB5, 0xE7, 0x27, 0x9F, 0x9C, 0xAF,
	0xC5, 0x55, 0x83, 0xC1, 0x20, 0xDB, 0x7F, 0x88, 0x28, 0xF9, 0x97, 0x92,
	0xE2, 0xF6, 0x04, 0x75, 0xC4, 0x51, 0x2D, 0x41, 0x25, 0xB7, 0x44, 0xA1,
	0x25, 0xCA, 0xBB, 0x3E, 0x9F, 0x67, 0x04, 0x29, 0x43, 0xAD, 0x74, 0xAE,
	0x0D, 0xEE, 0x3B, 0xA6, 0xEA, 0xB6, 0x3B, 0x21, 0x8B, 0x77, 0x24, 0xF3,
	0x38, 0xDB, 0x18, 0x08, 0xC4, 0xD9, 0x1D, 0x03, 0xA1, 0x68, 0x3C, 0x80,
	0x67, 0x87, 0x0B, 0x0F, 0x24, 0x0D, 0xE8, 0x93, 0xD1, 0x25, 0xB7, 0x38,
	0xE3, 0x17, 0xB7, 0xEF, 0x1E, 0x47, 0x35, 0x1C, 0x6A, 0xCE, 0xA4, 0x6D,
	0xA5, 0xEC, 0x2C, 0x78, 0xE3, 0x15, 0x3D, 0x09, 0xDE, 0x40, 0x17, 0x43,
	0x9A, 0x36, 0x5E, 0x79, 0x73, 0x42, 0xB2, 0x2A, 0x1F, 0xD5, 0x9A, 0xB0,
	0x00, 0xFF, 0x26, 0x03, 0xE0, 0x6F, 0x14, 0x52, 0x41, 0xC1, 0x1D, 0x59,
	0x5C, 0x6E, 0x3F, 0x8C, 0xB2, 0xA2, 0x64, 0x2D, 0x56, 0xF6, 0xFF, 0xF7,
	0x19, 0xF0, 0xD7, 0x8B, 0x12, 0x16, 0xCA, 0x06, 0xEB, 0x6C, 0xF2, 0xE1,
	0x83, 0x55, 0xCD, 0x30, 0x43, 0xD9, 0x4C, 0x25, 0x80, 0xCC, 0x71, 0x9D,
	0xE3, 0x54, 0xF4, 0x3B, 0xA1, 0xBB, 0xE8, 0x98, 0x9B, 0xA7, 0x5F, 0x59,
	0x66, 0x01, 0x3C, 0xC4, 0x26, 0x00, 0x77, 0x7A, 0xFC, 0xC7, 0x43, 0x8C,
	0xD0, 0x84, 0xDF, 0x5E, 0x43, 0x9E, 0xDC, 0xC1, 0x77, 0xA7, 0x4D, 0xBD,
	0x7D, 0x92, 0x45, 0xC2, 0xB2, 0x3A, 0x73, 0x08, 0x33, 0x71, 0xBE, 0x84,
	0x94, 0x73, 0x43, 0x91, 0xC8, 0xBF, 0x52, 0xB7, 0x6F, 0x8A, 0x59, 0xD7,
	0x07, 0x9B, 0x1B, 0x56, 0x7E, 0xDD, 0xD8, 0x57, 0x2F, 0xE5, 0xB4, 0x9E,
	0x73, 0xCA, 0xB1, 0x2E, 0xF0, 0xFE, 0x94, 0x84, 0xE1, 0xB5, 0x1A, 0xE2,
	0x73, 0xE8, 0x76, 0x51, 0xB1, 0x6A, 0x75, 0xFA, 0x60, 0xBA, 0x34, 0x52,
	0x80, 0x46, 0xDA, 0x81, 0x36, 0xBB, 0xC0, 0x3B, 0x06, 0x8E, 0x68, 0xED,
	0x07, 0xB1, 0x44, 0x3B, 0x18, 0x87, 0xC1, 0xB9, 0x86, 0xA0, 0xFF, 0x75,
	0xD0, 0x0A, 0x20, 0x00, 0xC2, 0xF4, 0xBF, 0xF5, 0xAC, 0x24, 0x5E, 0x8E,
	0x69, 0x2C, 0x4E, 0x12, 0xC7, 0x50, 0xC8, 0xCA, 0xF8, 0x4F, 0x1D, 0x73,
	0x53, 0x4C, 0xBA, 0xF9, 0xF6, 0x61, 0x6F, 0x60, 0x8E, 0xAE, 0x49, 0xEC,
	0x07, 0x78, 0x1A, 0x8B, 0x89, 0xA6, 0x03, 0xAA, 0x4A, 0x14, 0x25, 0xB1,
	0x39, 0x74, 0x02, 0xE1, 0xA6, 0x79, 0x0C, 0xFB, 0x22, 0x15, 0x83, 0x26,
	0x09, 0xE1, 0xD4, 0xCF, 0x16, 0xA5, 0x04, 0x39, 0xD1, 0x38, 0x9A, 0xAA,
	0x05, 0x27, 0xF1, 0x80, 0x2C, 0xD8, 0x88, 0x29, 0x28, 0x4A, 0x25, 0xDE,
	0xF9, 0x9A, 0x64, 0xAA, 0xB8, 0xE6, 0x2A, 0x29, 0x62, 0x44, 0xFA, 0x69,
	0x17, 0xB7, 0x50, 0x42, 0x2E, 0x4B, 0xBB, 0x7C, 0x20, 0x48, 0x41, 0x49,
	0xFF, 0xF8, 0xDF, 0x0B, 0x6B, 0x4F, 0x00, 0x81, 0x61, 0x44, 0xFD, 0xC2,
	0x54, 0x52, 0x20, 0x8C, 0x79, 0x12, 0xDD, 0x37, 0x71, 0x24, 0xEC, 0x73,
	0x73, 0xD2, 0xE2, 0x66, 0x64, 0x13, 0xDE, 0x9F, 0x89, 0x83, 0xFA, 0x77,
	0x1B, 0x93, 0x40, 0xCA, 0xBF, 0x7A, 0x42, 0xF9, 0x2A, 0xDA, 0x1C, 0x5F,
	0x32, 0xD7, 0x0C, 0xC3, 0xB7, 0x8E, 0x4A, 0x52, 0x69, 0x02, 0xAE, 0xA5,
	0xCC, 0xD4, 0x68, 0x29, 0x26, 0x17, 0x49, 0xE4, 0x28, 0xB9, 0x4B, 0x1A,
	0xFA, 0x8B, 0x9F, 0x3B, 0x03, 0xE0, 0xF9, 0x20, 0x5E, 0xDE, 0xDC, 0x37,
	0x5D, 0xE3, 0x5B, 0x09, 0x42, 0x47, 0x13, 0x4B, 0x7D, 0x3A, 0x20, 0x99,
	0x4A, 0xDB, 0x97, 0x0C, 0x72, 0x78, 0xD0, 0xAD, 0xCF, 0xF6, 0xEB, 0x6D,
	0x8F, 0x18, 0xA9, 0x31, 0x98, 0xBF, 0x85, 0xCB, 0xF3, 0x1A, 0x94, 0xF1,
	0x74, 0x88, 0xA3, 0x99, 0x05, 0x56, 0xED, 0x21, 0xF6, 0x18, 0x39, 0x43,
	0xD3, 0x7A, 0x15, 0xD4, 0xA8, 0x5C, 0x93, 0xD8, 0x1B, 0x6E, 0x02, 0x25,
	0xE4, 0xF6, 0x73, 0x9B, 0x7D, 0x14, 0xAA, 0xF9, 0x15, 0x6C, 0x9A, 0xE1,
	0xDC, 0xC0, 0x51, 0xF3, 0x37, 0xD9, 0xA9, 0xA8, 0xEF, 0xE9, 0xB6, 0xC5,
	0xB3, 0x53, 0xA5, 0x6B, 0xF7, 0x8F, 0xDE, 0x60, 0x6D, 0xA8, 0x82, 0x07,
	0xBD, 0xE9, 0xB6, 0x79, 0xC0, 0xC9, 0x53, 0xE5, 0x2F, 0x43, 0x6B, 0x10,
	0x85, 0x6A, 0xC1, 0x3E, 0xCE, 0x8E, 0x05, 0x7B, 0x1A, 0x26, 0x64, 0x50,
	0x2B, 0xF2, 0xE7, 0x57, 0x00, 0x0A, 0x34, 0x85, 0x23, 0xAC, 0x8F, 0x89,
	0x82, 0x50, 0x29, 0x06, 0x84, 0xC3, 0x7C, 0xBF, 0x04, 0xDE, 0x32, 0xD5,
	0xEE, 0xA5, 0xCE, 0x02, 0xC5, 0xF6, 0x7C, 0x58, 0x9D, 0xE7, 0x5A, 0xFA,
	0x9C, 0x65, 0x6D, 0x4F, 0x5B, 0xD3, 0x4A, 0xED, 0xF9, 0x84, 0x8A, 0x49,
	0x26, 0x4F, 0x1A, 0xD7, 0xCD, 0xD1, 0xCB, 0x1E, 0x08, 0x9F, 0xDF, 0x50,
	0x68, 0xE6, 0x8B, 0x9E, 0x0A, 0x61, 0x5E, 0xE7, 0x01, 0xFB, 0xA6, 0xAD,
	0x67, 0x9D, 0x71, 0x7F, 0x3B, 0x37, 0x84, 0x20, 0x0F, 0x54, 0xC0, 0x44,
	0x57, 0x63, 0xE2, 0x25, 0x09, 0xB7, 0xF8, 0x17, 0x4E, 0x19, 0xDD, 0xA4,
	0x27, 0x03, 0x09, 0x1C, 0xFE, 0x9A, 0x86, 0x24, 0x0B, 0xBD, 0x7B, 0xDC,
	0xDC, 0x9F, 0x68, 0xD7, 0xC4, 0x7E, 0x89, 0xC5, 0xBE, 0x19, 0xE4, 0xBA,
	0x0D, 0xD1, 0x0A, 0x4D, 0xF9, 0xC0, 0x5C, 0x59, 0x9D, 0x46, 0xCA, 0xC9,
	0xCC, 0x27, 0x34, 0x3A, 0x0F, 0x44, 0x83, 0x8E, 0xC0, 0x83, 0x02, 0x3D,
	0x36, 0xB4, 0xC7, 0x97, 0x4D, 0xBE, 0x42, 0xA1, 0x72, 0x7A, 0x93, 0x24,
	0x6D, 0xE4, 0xFF, 0x78, 0xE8, 0x20, 0x81, 0x55, 0xDD, 0xFE, 0x87, 0xEA,
	0x83, 0x0D, 0xC3, 0x9E, 0x19, 0xE6, 0xC6, 0x5D, 0xFF, 0x7C, 0xC3, 0x48,
	0xDC, 0x17, 0x99, 0x55, 0x82, 0xE0, 0xBA, 0xEF, 0x2C, 0x9C, 0x05, 0xE8,
	0xD0, 0x34, 0x59, 0xDF, 0xD5, 0xBC, 0xB1, 0xCA, 0x18, 0x4A, 0x0E, 0x52,
	0x60, 0x2E, 0x3A, 0x92, 0x22, 0x7E, 0xB3, 0x49, 0x56, 0xCA, 0x9A, 0x8B,
	0xAB, 0x55, 0x58, 0x29, 0x6F, 0x5C, 0xE8, 0xE2, 0xB5, 0xA1, 0x7B, 0xDD,
	0x97, 0x10, 0x77, 0xC7, 0xE1, 0x30, 0xBF, 0xFF, 0x92, 0xB4, 0xE1, 0x86,
	0x0D, 0xB3, 0x38, 0x75, 0x5B, 0xCA, 0xCF, 0x2F, 0xC8, 0xF1, 0x1C, 0x41,
	0xF2, 0xE5, 0xD9, 0xBB, 0x06, 0x53, 0xE4, 0x35, 0xD6, 0x43, 0xDE, 0xC0,
	0x67, 0x11, 0xAF, 0x0E, 0x06, 0xF2, 0x56, 0xC6, 0xCD, 0x48, 0xBC, 0x1B,
	0x5C, 0x46, 0x01, 0xDB, 0x87, 0xC3, 0x91, 0x47, 0x61, 0x39, 0xB3, 0x6E,
	0xEB, 0xAE, 0xED, 0xF4, 0x79, 0x46, 0x89, 0x3A, 0x7B, 0xFF, 0x00, 0x25,
	0xAB, 0xDD, 0x14, 0x3A, 0xF8, 0x1B, 0x01, 0xA4, 0x24, 0x0B, 0xF2, 0x13,
	0x9B, 0xE1, 0x4E, 0x07, 0xB8, 0xFD, 0x98, 0xD9, 0xC0, 0xAD, 0x06, 0x78,
	0xCB, 0x34, 0xAF, 0x0F, 0xD0, 0x74, 0x76, 0x1D, 0xD4, 0x6C, 0xE6, 0x59,
	0x3A, 0xC8, 0x5F, 0x66, 0x90, 0x3E, 0x75, 0xCF, 0x6D, 0x9F, 0x45, 0xB9,
	0x32, 0xB6, 0x53, 0x50, 0x33, 0x30, 0x0E, 0xD3, 0x04, 0x69, 0x02, 0x5B,
	0x87, 0xB2, 0x99, 0x60, 0x14, 0x48, 0x7A, 0x89, 0x52, 0x0E, 0x3C, 0x99,
	0x33, 0xFC, 0x70, 0xC3, 0x85, 0x53, 0x05, 0x6F, 0x7B, 0x33, 0x38, 0x1A,
	0xDF, 0x4E, 0x41, 0x08, 0x2B, 0xC9, 0x46, 0x2D, 0xD3, 0xC1, 0x83, 0x6C,
	0xCA, 0x18, 0xDF, 0x72, 0x78, 0x75, 0xDE, 0xA8, 0x0D, 0x0F, 0xAE, 0x77,
	0x42, 0x22, 0xE4, 0x2D, 0xF8, 0x33, 0x11, 0x9F, 0xEC, 0x39, 0xD1, 0x47,
	0x98, 0xFB, 0x53, 0xD6, 0x1C, 0x8A, 0xEB, 0xCE, 0x1F, 0x79, 0xF5, 0x3B,
	0xC0, 0x4C, 0x16, 0xA1, 0xA3, 0x2B, 0x33, 0x60, 0xEE, 0x05, 0xAD, 0x7B,
	0x85, 0x87, 0x1A, 0x35, 0x8B, 0x98, 0xB8, 0x31, 0xB3, 0x99, 0x9C, 0x97,
	0xAB, 0xA0, 0x10, 0xC1, 0xEE, 0x92, 0x8D, 0x1C, 0x53, 0x2B, 0x0F, 0x58,
	0x7F, 0xF3, 0xC1, 0xF7, 0xCC, 0x8F, 0x15, 0xB0, 0xFF, 0xD5, 0xB4, 0xCD,
	0x32, 0x89, 0xD1, 0x17, 0xB8, 0x40, 0x21, 0x8E, 0x39, 0x73, 0x04, 0xA1,
	0xA2, 0x57, 0x99, 0xB1, 0x7D, 0xF2, 0x6F, 0x6A, 0x9A, 0x12, 0x3D, 0x11,
	0x42, 0x96, 0x38, 0x41, 0xCA, 0x26, 0x3D, 0x4E, 0xBF, 0x60, 0xFB, 0x75,
	0x5B, 0x2F, 0x27, 0xFA, 0x5A, 0xAE, 0x9D, 0x3A, 0xEC, 0xFF, 0x8C, 0x09,
	0xC3, 0xEB, 0xBD, 0x8A, 0x15, 0xAC, 0x9E, 0x5E, 0x59, 0xA8, 0x57, 0xF7,
	0x2F, 0xF6, 0x28, 0x1D, 0x2D, 0xF3, 0x16, 0xA3, 0x35, 0x56, 0xE9, 0x45,
	0x22, 0x70, 0x82, 0xE8, 0x59, 0x26, 0x3F, 0x62, 0x98, 0xED, 0xA7, 0x51,
	0x50, 0x85, 0x24, 0x22, 0x33, 0x42, 0x45, 0x15, 0x9B, 0x2D, 0xFF, 0x2B,
	0x7A, 0x8D, 0x56, 0xC3, 0xFE, 0x6F, 0x50, 0xB9, 0x39, 0x5C, 0x60, 0x7F,
	0xD5, 0x3B, 0xBF, 0x28, 0x3E, 0x9E, 0x13, 0x6C, 0xC4, 0x36, 0x21, 0xFD,
	0x29, 0xCB, 0xF0, 0xC2, 0x17, 0x8F, 0xC1, 0x74, 0xD3, 0x5D, 0x69, 0xA5,
	0x25, 0xB4, 0xCF, 0x1A, 0xED, 0xCA, 0x04, 0xAA, 0xFD, 0xB6, 0x44, 0xD3,
	0x80, 0x8A, 0x61, 0xEE, 0xA0, 0x48, 0x2B, 0xCB, 0x76, 0xBC, 0x86, 0x05,
	0xEE, 0x3B, 0x7D, 0x7A, 0x3A, 0x64, 0x93, 0xCE, 0xEC, 0x8D, 0x40, 0x9E,
	0x27, 0xA2, 0xAA, 0xE2, 0x23, 0x11, 0x0C, 0x65, 0x8E, 0xFF, 0x44, 0x34,
	0x80, 0xB1, 0x0E, 0x16, 0x68, 0x70, 0x7C, 0x86, 0xD5, 0x1F, 0xA3, 0xD4,
	0x91, 0xC3, 0xE1, 0x76, 0x25, 0x7D, 0x13, 0xD7, 0x31, 0x12, 0xDE, 0x62,
	0x9D, 0x66, 0x9A, 0xFD, 0xA3, 0x70, 0x77, 0xFF, 0x15, 0xF0, 0x8C, 0x30,
	0x35, 0x25, 0x01, 0x73, 0xB0, 0x15, 0xC0, 0x20, 0xFD, 0x88, 0x95, 0x4A,
	0x38, 0xD8, 0x0C, 0xBE, 0xAF, 0xB9, 0x91, 0xFE, 0x93, 0xDF, 0x09, 0xAB,
	0xBC, 0x58, 0xB9, 0x65, 0x79, 0x49, 0x81, 0xD6, 0xA8, 0xD4, 0x92, 0xE2,
	0xE9, 0x9A, 0x37, 0xB6, 0xD0, 0x28, 0xDB, 0x6C, 0xC9, 0xF9, 0xE8, 0x88,
	0x0C, 0x02, 0xC8, 0xEA, 0xD1, 0x1B, 0x4A, 0xFE, 0x55, 0x90, 0x97, 0xA2,
	0x4C, 0x6F, 0xD9, 0x6A, 0x54, 0x48, 0xEB, 0xA0, 0xCB, 0xEC, 0x8A, 0x68,
	0xB6, 0x82, 0xF4, 0x64, 0xF1, 0x76, 0x38, 0x72, 0x02, 0xCC, 0xF0, 0x84,
	0x87, 0x10, 0xA3, 0x81, 0x99, 0x76, 0x5B, 0xB8, 0xC4, 0xAB, 0x17, 0xA5,
	0xDE, 0x67, 0xBD, 0xE0, 0x63, 0x95, 0x79, 0xEE, 0x64, 0x51, 0x8A, 0x8D,
	0x5F, 0x58, 0x0A, 0xB3, 0xC7, 0xCC, 0xCA, 0xF9, 0x3F, 0x3B, 0xE4, 0x30,
	0x16, 0x47, 0xDE, 0x55, 0x13, 0xA1, 0x92, 0x80, 0xE9, 0xCF, 0xB6, 0xB4,
	0xA6, 0x43, 0x20, 0xC2, 0x5B, 0x6D, 0x7F, 0x9A, 0xBD, 0x26, 0x65, 0xFB,
	0x6C, 0x80, 0x86, 0x7E, 0xF7, 0xB3, 0x5A, 0x76, 0x74, 0xBB, 0xCC, 0x7C,
	0xB9, 0x31, 0xF6, 0x2C, 0xE8, 0x3E, 0x0D, 0xFA, 0x5A, 0x8B, 0xB9, 0xC1,
	0x39, 0xAF, 0x0F, 0x91, 0xD1, 0x34, 0x4B, 0x8F, 0xDA, 0x45, 0x50, 0x56,
	0xF6, 0x4F, 0x0A, 0x3A, 0xED, 0x59, 0x5B, 0x0F, 0x38, 0x56, 0x3E, 0x37,
	0xD7, 0xC1, 0xA7, 0x4A, 0x06, 0x5E, 0x40, 0xFB, 0x2A, 0x3A, 0xDE, 0x15,
	0xAF, 0x17, 0xB1, 0x24, 0xD4, 0x89, 0xC1, 0xA4, 0x9C, 0xAD, 0x2F, 0x40,
	0xE5, 0x34, 0x47, 0xBA, 0x2E, 0x6C, 0x6B, 0x5A, 0xE3, 0x78, 0xFD, 0x24,
	0x10, 0x80, 0xA9, 0x0F, 0x72, 0x27, 0x02, 0xA2, 0xD9, 0x85, 0x9F, 0x7A,
	0xA8, 0x50, 0x3A, 0x77, 0x6C, 0xEB, 0x25, 0x43, 0xAC, 0x1D, 0xE3, 0xF0,
	0x23, 0xEE, 0xC2, 0x7C, 0x36, 0xAF, 0xB1, 0x76, 0xEA, 0xB4, 0x59, 0x75,
	0x2B, 0xC3, 0x2D, 0x7C, 0x7F, 0x86, 0x25, 0xB9, 0x79, 0x50, 0x84, 0xC1,
	0x42, 0x90, 0xAA, 0xDF, 0x19, 0x7D, 0xC7, 0x04, 0x78, 0x8C, 0xAD, 0x9F,
	0x5D, 0xFE, 0x40, 0x8F, 0x66, 0xE8, 0x9B, 0x83, 0xE9, 0x77, 0xDD, 0x48,
	0xE1, 0xD3, 0x9F, 0xDE, 0x09, 0xAA, 0x5F, 0xE3, 0x45, 0x13, 0x35, 0x87,
	0xEE, 0xF6, 0xB6, 0x9B, 0x84, 0xF5, 0x46, 0xE4, 0x51, 0xFB, 0x42, 0xB0,
	0x2B, 0xCB, 0x28, 0x11, 0x2A, 0x50, 0x83, 0x6A, 0x05, 0x00, 0xCE, 0xA5,
	0x5E, 0x3F, 0xCD, 0x8B, 0x7E, 0x57, 0xAF, 0x1A, 0x47, 0x7C, 0xCD, 0x10,
	0x4D, 0xB1, 0x49, 0x9A, 0x02, 0xC3, 0x4E, 0xC5, 0x7B, 0x3E, 0x5A, 0xBF,
	0xEC, 0x55, 0x97, 0xF5, 0x29, 0x4F, 0x79, 0x8F, 0x05, 0x82, 0x7D, 0xD9,
	0xBD, 0x58, 0x30, 0x62, 0xBC, 0xA3, 0x43, 0x34, 0x72, 0xEA, 0x5C, 0xC3,
	0x95, 0xCF, 0x8E, 0x4F, 0x4F, 0xA2, 0xD0, 0x0D, 0x73, 0x37, 0xC2, 0x48,
	0xE5, 0xFB, 0x96, 0xD9, 0x33, 0x54, 0x93, 0x85, 0x1B, 0x17, 0x80, 0xE2,
	0x51, 0xE9, 0xB4, 0x3F, 0xF7, 0xB1, 0x3C, 0x64, 0x40, 0x7F, 0x6C, 0xBA,
	0xE7, 0x36, 0xA3, 0x76, 0x20, 0xF3, 0xCA, 0xC6, 0xD4, 0x01, 0xB9, 0x00,
	0x60, 0xDC, 0xD6, 0x24, 0xFE, 0x3F, 0x74, 0x5E, 0xFC, 0x35, 0xB5, 0x8A,
	0x86, 0x0C, 0x4E, 0x8F, 0xA9, 0x46, 0xF0, 0x0D, 0xAE, 0x50, 0xEB, 0xD2,
	0x78, 0x20, 0xD8, 0xCE, 0x7E, 0x8E, 0xE6, 0x85, 0x21, 0xF5, 0x69, 0x2A,
	0x56, 0xE1, 0xAD, 0x49, 0x93, 0x6E, 0xA5, 0x64, 0xFD, 0x32, 0xA1, 0x28,
	0x1B, 0x44, 0xD4, 0xFF, 0x44, 0xAD, 0x38, 0x2D, 0xE8, 0xF3, 0x32, 0x68,
	0x71, 0x30, 0xC3, 0x49, 0x7E, 0x79, 0xBC, 0xD3, 0x2B, 0x1A, 0xF3, 0x3B,
	0x16, 0x9A, 0xC8, 0x3D, 0xD0, 0x65, 0x62, 0xCD, 0x55, 0x66, 0x71, 0x98,
	0x24, 0xCA, 0x3D, 0x4B, 0x17, 0x9E, 0x5C, 0x23, 0x53, 0x15, 0xC8, 0x2B,
	0xE6, 0x03, 0x35, 0x54, 0x0A, 0x99, 0x38, 0x08, 0x7A, 0x5F, 0xF9, 0xCA,
	0x3F, 0x13, 0x92, 0xE5, 0x90, 0x50, 0xB8, 0x35, 0xA6, 0x35, 0x03, 0x13,
	0x05, 0xF0, 0x90, 0xAA, 0x95, 0x8D, 0x8A, 0x87, 0x86, 0xA0, 0x4B, 0x27,
	0x2F, 0x3A, 0x8C, 0xC9, 0x1A, 0xC4, 0x7A, 0x21, 0xCB, 0x1C, 0xD6, 0x37,
	0xA4, 0xE2, 0xC0, 0x17, 0x18, 0x70, 0x5E, 0x8E, 0xA3, 0xFD, 0x8A, 0xEA,
	0x0A, 0x28, 0x9E, 0xC9, 0x14, 0xB1, 0x7B, 0xC4, 0x14, 0x19, 0x2C, 0x27,
	0x9B, 0x50, 0x5C, 0xD8, 0x00, 0xCE, 0x31, 0x82, 0x91, 0x68, 0xCF, 0x7C,
	0xDF, 0xAA, 0x03, 0xF0, 0x84, 0x44, 0x22, 0xAC, 0x19, 0x8D, 0xCE, 0xC4,
	0x27, 0x93, 0x9A, 0x07, 0x34, 0xD9, 0x09, 0xB6, 0x4E, 0x66, 0x22, 0xC2,
	0x9B, 0x79, 0xA6, 0x8F, 0xB7, 0x10, 0xDD, 0x77, 0xDB, 0x4E, 0x68, 0x50,
	0xA1, 0x3B, 0xE1, 0xC3, 0x22, 0x59, 0x7B, 0x06, 0x20, 0x29, 0x80, 0x0D,
	0xAE, 0x94, 0x31, 0xC3, 0x52, 0x74, 0x44, 0x2D, 0x1E, 0x34, 0xFE, 0x8F,
	0xB7, 0x24, 0xE6, 0xBA, 0x57, 0xCC, 0x5E, 0xCB, 0x2E, 0x3E, 0x44, 0xA5,
	0xF1, 0xE6, 0xBE, 0xC9, 0x31, 0xB0, 0x2A, 0xC0, 0x1F, 0xB1, 0x5C, 0x1E,
	0xF8, 0x5E, 0x02, 0x53, 0xE7, 0xD0, 0xC6, 0x95, 0x00, 0xA0, 0xBB, 0xC8,
	0x05, 0xB1, 0x95, 0xA4, 0x47, 0xEB, 0xFF, 0x7D, 0x35, 0xC2, 0x57, 0x99,
	0x23, 0x61, 0x6D, 0x56, 0x5B, 0x9F, 0x49, 0xBF, 0xBB, 0x9B, 0x27, 0x1D,
	0xB6, 0x4C, 0x38, 0x56, 0x81, 0x68, 0xB8, 0x6B, 0x4A, 0x7C, 0xBA, 0xAC,
	0x4C, 0xFE, 0x83, 0x6E, 0xF9, 0x54, 0x45, 0xC4, 0x21, 0x19, 0xF5, 0xF6,
	0x04, 0x55, 0x90, 0xFA, 0x97, 0xCF, 0x3A, 0xF5, 0xD8, 0xAC, 0xBF, 0xFC,
	0x74, 0x4D, 0xC9, 0xB3, 0xCA, 0xA2, 0x1A, 0xBE, 0xCF, 0x18, 0xA6, 0xF2,
	0xBB, 0x58, 0x20, 0x1C, 0x7A, 0x9B, 0xE2, 0x43, 0xF6, 0x46, 0x91, 0x53,
	0x2D, 0x97, 0x2F, 0x7A, 0x0E, 0x50, 0x32, 0xFC, 0xC6, 0x94, 0x21, 0xD4,
	0x40, 0xA2, 0x06, 0x21, 0x98, 0x19, 0xB5, 0xD3, 0xDF, 0x50, 0x3C, 0x7A,
	0xFA, 0x91, 0xB6, 0xF9, 0xC4, 0xC5, 0x4D, 0x82, 0x1E, 0xC7, 0xB6, 0x89,
	0xA1, 0x6E, 0x16, 0x86, 0x39, 0x55, 0x5B, 0x48, 0x94, 0xBB, 0x70, 0x96,
	0x09, 0xE6, 0x74, 0x41, 0x40, 0xB3, 0x73, 0x23, 0x76, 0x3E, 0x5B, 0xAE,
	0x10, 0xD5, 0x7B, 0x8B, 0x97, 0xBE, 0x6D, 0x4A, 0x04, 0x58, 0x2A, 0xDC,
	0x81, 0xD2, 0xD3, 0xB8, 0x3E, 0x21, 0x49, 0x4A, 0x9F, 0x07, 0x73, 0x02,
	0xED, 0x58, 0x8B, 0x65, 0x3A, 0x35, 0x82, 0x2E, 0x76, 0x68, 0x11, 0x1E,
	0xC6, 0x99, 0x66, 0x5B, 0x15, 0x47, 0x98, 0x91, 0xBF, 0xC3, 0x85, 0x07,
	0x73, 0x84, 0x2D, 0x89, 0xD8, 0x68, 0xA9, 0x52, 0xE7, 0x32, 0x39, 0x0E,
	0x54, 0x72, 0xB9, 0x11, 0x85, 0x0B, 0x98, 0xD2, 0xA8, 0x35, 0x2B, 0xCE,
	0xE1, 0x00, 0xA0, 0xFA, 0x41, 0x7D, 0x68, 0xF1, 0xD9, 0x49, 0x8A, 0x3F,
	0xC9, 0x14, 0x2C, 0x01, 0x64, 0x70, 0x84, 0xEC, 0x8B, 0x93, 0xEF, 0x24,
	0x75, 0x35, 0xBA, 0xED, 0x0D, 0x46, 0x19, 0x4E, 0x3D, 0xB1, 0x2A, 0xB8,
	0x8C, 0x96, 0xDC, 0x9E, 0xCB, 0x26, 0x7B, 0x06, 0xD2, 0xEB, 0x6F, 0xB9,
	0xB5, 0xE5, 0xD6, 0xF0, 0xC8, 0x0E, 0x1B, 0xBF, 0xE2, 0x0D, 0x21, 0x65,
	0xD1, 0x89, 0xD8, 0xC7, 0x55, 0x08, 0x04, 0xD7, 0x67, 0x94, 0xB9, 0x97,
	0x6A, 0x50, 0x3D, 0x4C, 0x42, 0x2E, 0x76, 0x60, 0xF1, 0x80, 0xA9, 0x6C,
	0x51, 0x15, 0xC7, 0xE3, 0x82, 0x96, 0x88, 0xED, 0x57, 0x4D, 0x47, 0x62,
	0xB4, 0x26, 0x4A, 0xAF, 0x49, 0x86, 0xC4, 0x34, 0x2B, 0x66, 0xE7, 0x6D,
	0x41, 0x9E, 0x4B, 0x0B, 0x94, 0x36, 0x0D, 0xDD, 0x00, 0xA9, 0x48, 0x09,
	0x76, 0x7B, 0xA1, 0x1F, 0x80, 0xD2, 0x4D, 0x04, 0x58, 0x86, 0x62, 0x3E,
	0x34, 0xB2, 0xC1, 0xCA, 0x55, 0xF8, 0x97, 0x76, 0x21, 0x9A, 0x63, 0xA8,
	0x2F, 0x7F, 0xBC, 0xAA, 0x7D, 0xDB, 0x0D, 0xFC, 0x9E, 0x89, 0xB1, 0x8F,
	0x82, 0xCD, 0x2A, 0xD0, 0x33, 0xBB, 0x7C, 0xA3, 0x63, 0xF9, 0x42, 0x0F,
	0xE1, 0x31, 0x9C, 0x15, 0xEB, 0xD3, 0xE2, 0x37, 0x7D, 0x3B, 0x5D, 0xDF,
	0x32, 0x79, 0xC8, 0xBE, 0xFE, 0x80, 0x6D, 0x1C, 0x90, 0x5A, 0x8C, 0x39,
	0x8A, 0x69, 0x3F, 0x4B, 0xB2, 0xE7, 0x6B, 0xCD, 0x7F, 0x1E, 0xDA, 0xA3,
	0xE7, 0xD0, 0x57, 0x21, 0xE8, 0xC1, 0xA6, 0xF2, 0xB6, 0xAF, 0x2F, 0x3F,
	0x4C, 0x55, 0x47, 0xE9, 0x11, 0xAB, 0xAD, 0x3C, 0xCA, 0xD5, 0x69, 0x61,
	0x40, 0xCD, 0xCE, 0xF6, 0xE4, 0x86, 0x65, 0x49, 0x3A, 0xF5, 0x97, 0xD7,
	0x38, 0x27, 0x85, 0x09, 0x2A, 0x5B, 0x2F, 0xDD, 0x16, 0xD4, 0x61, 0x37,
	0x7D, 0x57, 0x5C, 0x01, 0xCD, 0x03, 0xC4, 0xA2, 0x76, 0x7A, 0x3D, 0x35,
	0x6D, 0x39, 0x08, 0x54, 0x61, 0xAB, 0x90, 0x59, 0xCD, 0x2E, 0x2C, 0x21,
	0x57, 0x74, 0x86, 0x2B, 0x1F, 0x3B, 0xF6, 0xEE, 0xBD, 0x9C, 0x60, 0x5B,
	0x41, 0xF7, 0x3E, 0x53, 0xE1, 0x95, 0xB9, 0x68, 0x4E, 0x7A, 0xDD, 0xFE,
	0x2D, 0xA6, 0xD4, 0x90, 0x0A, 0xC3, 0xB4, 0x5C, 0xDE, 0xBF, 0xB2, 0x52,
	0xE9, 0xCD, 0x57, 0xAF, 0xE5, 0xB2, 0xC2, 0x88, 0x40, 0x52, 0x8B, 0x64,
	0x1D, 0x87, 0xF9, 0x16, 0xF3, 0x47, 0x8E, 0x9A, 0xD4, 0x65, 0x4F, 0x09,
	0x95, 0x31, 0xEE, 0x1F, 0x8C, 0xCA, 0x2D, 0x00, 0x61, 0x53, 0xC0, 0x26,
	0x42, 0x65, 0x60, 0x6C, 0x5F, 0x50, 0x3F, 0x48, 0x6F, 0x2A, 0x8A, 0xA2,
	0x0C, 0x7A, 0xDF, 0x86, 0x26, 0x94, 0x18, 0x50, 0x31, 0x2D, 0x35, 0x30,
	0x6B, 0xDB, 0xA7, 0x6A, 0x17, 0xDE, 0xDB, 0xA2, 0x41, 0xB9, 0xE5, 0x0A,
	0x81, 0xBC, 0x52, 0xCF, 0x09, 0x44, 0x9E, 0x73, 0xA9, 0xD0, 0x81, 0x7B,
	0x16, 0x7D, 0x0B, 0xFF, 0x96, 0x2A, 0x30, 0x89, 0x5A, 0xDE, 0x85, 0xEE,
	0x85, 0x58, 0x69, 0xAE, 0x56, 0x20, 0xAF, 0xA1, 0x6C, 0x68, 0x3A, 0x57,
	0xAB, 0xAC, 0x5B, 0xDA, 0x53, 0x6D, 0x14, 0x6B, 0x78, 0xE2, 0xCA, 0x23,
	0x40, 0xDF, 0x7A, 0x31, 0xD7, 0xD2, 0x47, 0x41, 0x9C, 0xBE, 0x68, 0xA0,
	0xC2, 0xA6, 0xBD, 0x16, 0x02, 0x75, 0x20, 0x36, 0xB0, 0x3E, 0xEB, 0x1C,
	0x56, 0xAF, 0x12, 0xF1, 0x43, 0x50, 0x10, 0xA6, 0x3C, 0xC9, 0x6F, 0x13,
	0x79, 0x15, 0xAE, 0xB3, 0x88, 0xB1, 0xD7, 0x84, 0x83, 0xCB, 0xA1, 0xBF,
	0xD8, 0x0E, 0x30, 0x7B, 0x26, 0xB5, 0x8F, 0x2E, 0x3B, 0x88, 0x71, 0x15,
	0x1A, 0x8B, 0xD1, 0xA2, 0xCC, 0xDA, 0x18, 0x4B, 0xA6, 0x9A, 0x04, 0x67,
	0xE3, 0x67, 0xE1, 0x73, 0x7E, 0xA5, 0x58, 0xC2, 0x83, 0x95, 0x51, 0x03,
	0x5C, 0x85, 0x59, 0xBC, 0x32, 0xD3, 0xDF, 0xAA, 0x59, 0x00, 0x5E, 0x70,
	0x1A, 0x51, 0x5D, 0xA2, 0xA1, 0xC0, 0x77, 0xA8, 0xBF, 0x7C, 0x2A, 0x79,
	0xF8, 0xFA, 0xDD, 0xF4, 0x7B, 0x93, 0x43, 0xB1, 0xA2, 0x82, 0x68, 0x5D,
	0xD3, 0x56, 0xE0, 0xEC, 0x0E, 0xA3, 0x1D, 0x26, 0xF5, 0xB4, 0xC4, 0xF6,
	0xD1, 0x1A, 0xDC, 0xA2, 0x30, 0x4B, 0x00, 0xC3, 0xFE, 0x9D, 0x6B, 0x4C,
	0xD9, 0x53, 0x39, 0x68, 0x09, 0x1C, 0x50, 0x19, 0x7F, 0x11, 0x16, 0x4A,
	0x3A, 0x49, 0x33, 0x88, 0x38, 0xF1, 0x35, 0xBA, 0x20, 0xF3, 0x1C, 0xE9,
	0xD0, 0xF1, 0x9F, 0x9D, 0x9A, 0x94, 0x3B, 0xF5, 0x8D, 0x1A, 0xA2, 0x19,
	0x4E, 0xC6, 0x65, 0xD7, 0x3E, 0xA0, 0x56, 0xD2, 0xE7, 0xD8, 0x1D, 0xC5,
	0x93, 0x09, 0x64, 0x75, 0xA1, 0xF3, 0x7D, 0x01, 0x77, 0xA7, 0xEF, 0xDF,
	0xC3, 0x53, 0x1C, 0x05, 0x33, 0xE8, 0xAD, 0xB5, 0x96, 0x3E, 0x4D, 0xB8,
	0x90, 0x8E, 0x1A, 0xAC, 0x85, 0xEC, 0xC7, 0xCD, 0x7E, 0x73, 0x41, 0x43,
	0xD7, 0x82, 0xE1, 0xA3, 0xE3, 0x62, 0xEE, 0x1D, 0x9B, 0xF1, 0xE6, 0x59,
	0x0D, 0x04, 0x06, 0x73, 0x58, 0x46, 0x7F, 0xB0, 0x0A, 0x33, 0xCB, 0xF6,
	0x3D, 0xEC, 0x92, 0x65, 0x07, 0xD8, 0xD7, 0x10, 0xDB, 0x73, 0x77, 0x38,
	0x84, 0x2F, 0x6D, 0xA3, 0xAA, 0x86, 0x9E, 0x14, 0x0A, 0x12, 0x01, 0xD0,
	0x42, 0x1C, 0xCC, 0x97, 0x48, 0x30, 0xB5, 0x46, 0xD2, 0x67, 0xEF, 0x7F,
	0x69, 0xC8, 0x43, 0xD0, 0x8C, 0xAC, 0x25, 0x72, 0xEE, 0x90, 0xD0, 0x6B,
	0xE2, 0x7B, 0x1A, 0x97, 0x72, 0x8A, 0x8C, 0x18, 0x0A, 0xDF, 0xB8, 0xB4,
	0xBE, 0x7A, 0xF9, 0xDC, 0xBD, 0xF7, 0x60, 0xD6, 0xF8, 0x53, 0xCA, 0xF1,
	0x0C, 0x32, 0x7E, 0x61, 0x03, 0x9D, 0x1E, 0x9B, 0xDB, 0x0A, 0xAF, 0x11,
	0xB5, 0xA8, 0x91, 0x5D, 0xA0, 0x1B, 0xB3, 0xA6, 0xDA, 0x73, 0x68, 0x5D,
	0xC7, 0x4D, 0x1B, 0x7E, 0x96, 0x2B, 0x41, 0xB7, 0xDB, 0x21, 0x84, 0xC1,
	0xCA, 0xD6, 0x9B, 0x75, 0x76, 0x0A, 0xE5, 0x47, 0x6C, 0x09, 0x40, 0xB4,
	0xB9, 0x9F, 0xB0, 0xED, 0xE2, 0x05, 0x45, 0xA6, 0x51, 0xEF, 0x40, 0x82,
	0x03, 0x13, 0xEE, 0xFA, 0x38, 0xA0, 0x75, 0xC3, 0x79, 0xD8, 0x59, 0x95,
	0x87, 0x30, 0x6B, 0x6C, 0x58, 0xE0, 0x98, 0xC6, 0x56, 0xEB, 0xB8, 0xB1,
	0x4D, 0x09, 0x9A, 0xA9, 0x48, 0x7B, 0x57, 0x43, 0x7C, 0x79, 0x5B, 0xF7,
	0xDC, 0x38, 0x29, 0x4E, 0x8E, 0x70, 0x8A, 0x0A, 0xB2, 0xC6, 0x52, 0xFC,
	0xCD, 0x35, 0xF5, 0x9C, 0x46, 0x6A, 0x0D, 0xEC, 0xEA, 0x64, 0xDD, 0xA6,
	0x80, 0xBD, 0xB2, 0xDA, 0x5F, 0x49, 0xC0, 0x6B, 0x62, 0x30, 0x24, 0xC3,
	0x96, 0x8B, 0xAF, 0x1E, 0x6D, 0x4B, 0x03, 0x97, 0x88, 0xD5, 0x91, 0x4A,
	0xC8, 0x68, 0x9D, 0xB5, 0xEC, 0x8A, 0xE8, 0x80, 0x63, 0xAD, 0x34, 0x16,
	0xEE, 0xE5, 0x37, 0xE3, 0x17, 0xCB, 0xE2, 0xE1, 0x02, 0x3F, 0x70, 0xB8,
	0x81, 0x53, 0x32, 0x41, 0xD9, 0xCE, 0x28, 0x3C, 0xBA, 0xC4, 0x67, 0x52,
	0x73, 0xA9, 0x16, 0x18, 0x85, 0xDE, 0x69, 0x33, 0xD9, 0xA4, 0x1A, 0x52,
	0x76, 0xAA, 0x49, 0x11, 0x57, 0x25, 0x08, 0xC1, 0x4E, 0xF8, 0x35, 0x96,
	0x02, 0x4C, 0x3E, 0x8B, 0x95, 0x59, 0x45, 0xB7, 0x6B, 0x14, 0x18, 0x53,
	0x38, 0xA2, 0x72, 0x49, 0x7D, 0x82, 0xA4, 0x8E, 0x06, 0x15, 0xA0, 0x0E,
	0x76, 0x0C, 0xD0, 0xEC, 0xFA, 0xC5, 0x5D, 0x87, 0x2F, 0xE2, 0x16, 0x7D,
	0xB0, 0x67, 0xC3, 0x35, 0xEB, 0x22, 0xF1, 0xF0, 0xB8, 0x44, 0xA1, 0xFC,
	0x3F, 0xFD, 0x54, 0x70, 0x5E, 0x6E, 0xCE, 0x9E, 0x00, 0xBD, 0x4E, 0xA5,
	0x15, 0x28, 0x98, 0x7B, 0x77, 0x65, 0x7D, 0xC8, 0xF6, 0xB8, 0x58, 0x3C,
	0x13, 0x5A, 0x1B, 0xAE, 0x0A, 0x66, 0xB2, 0x6F, 0xE7, 0x5D, 0xD7, 0xBB,
	0xA7, 0x63, 0xE9, 0x68, 0xAE, 0xEF, 0xDD, 0x54, 0xC3, 0x77, 0xDA, 0xB3,
	0xDE, 0xB8, 0xFE, 0xD4, 0x5A, 0x3D, 0x9A, 0x03, 0x7F, 0xEA, 0x12, 0xAA,
	0x41, 0x46, 0x74, 0xC1, 0xA0, 0x82, 0xCB, 0xC6, 0xD0, 0x2C, 0x57, 0x0D,
	0x2A, 0x23, 0x20, 0x69, 0xCF, 0xA1, 0x96, 0x35, 0x2F, 0xBF, 0xD8, 0xCD,
	0xC9, 0x84, 0xD2, 0xB7, 0x7C, 0xFD, 0x97, 0xC1, 0x06, 0x14, 0x30, 0xCB,
	0x6A, 0xA2, 0xCC, 0xC6, 0x4D, 0xA6, 0xDD, 0xB4, 0xBB, 0x89, 0x5B, 0xAC,
	0xC4, 0xBD, 0xE5, 0x80, 0x03, 0x90, 0x82, 0xDB, 0x4D, 0x32, 0x24, 0xA1,
	0xDA, 0x49, 0xE8, 0xCE, 0xB0, 0x31, 0x96, 0x51, 0xF3, 0xE6, 0xB9, 0x73,
	0x05, 0xF8, 0xDC, 0xF1, 0x73, 0xE4, 0xE7, 0x10, 0x6B, 0xB2, 0x14, 0x54,
	0x79, 0xD9, 0xF1, 0xFF, 0x99, 0x88, 0x11, 0xF6, 0xBC, 0xF3, 0xB0, 0xB7,
	0xD4, 0x83, 0x04, 0x65, 0x0C, 0x06, 0xB3, 0x75, 0x89, 0x4B, 0xBE, 0xAB,
	0xF6, 0x89, 0x73, 0xB5, 0x8F, 0x07, 0x45, 0x00, 0xF7, 0x7C, 0x67, 0xF3,
	0xB3, 0xB7, 0xD8, 0x94, 0xB5, 0x85, 0x27, 0x24, 0x26, 0xFE, 0x69, 0x10,
	0xD0, 0x0C, 0xB3, 0x2D, 0x99, 0x4D, 0x8E, 0xA6, 0x14, 0xE6, 0x47, 0x68,
	0xFA, 0xE3, 0x7B, 0x98, 0x7F, 0xB4, 0xF9, 0x76, 0xF6, 0xDB, 0xB7, 0xE7,
	0xE9, 0xD2, 0x4B, 0xFB, 0x9D, 0x79, 0x4F, 0x84, 0x1A, 0xFC, 0xAC, 0x80,
	0xF3, 0xC1, 0x7B, 0x99, 0x1E, 0xBD, 0x4B, 0x5D, 0x69, 0x05, 0x0F, 0x0E,
	0x10, 0x8B, 0x13, 0x85, 0x78, 0x16, 0x5A, 0xA1, 0x6D, 0xD3, 0x7C, 0x1D,
	0xE4, 0xA6, 0x28, 0x71, 0x7D, 0x63, 0x93, 0x6C, 0xDA, 0x47, 0x03, 0xA9,
	0xDB, 0x3D, 0x80, 0x31, 0x2F, 0x69, 0x71, 0x26, 0x94, 0xE4, 0xEB, 0xF9,
	0x4A, 0xDD, 0x99, 0x83, 0x7C, 0xF5, 0x39, 0xA7, 0xF9, 0x41, 0x05, 0xC1,
	0xD8, 0xB5, 0x42, 0x47, 0xB4, 0xF6, 0xB3, 0xAB, 0x2D, 0x90, 0x8D, 0x26,
	0x37, 0x4E, 0x9A, 0x97, 0x06, 0x23, 0x53, 0xCD, 0x48, 0x7B, 0x66, 0x61,
	0x4B, 0x19, 0xA7, 0xE2, 0x51, 0xD0, 0x58, 0x8E, 0xA0, 0x0A, 0xEF, 0x33,
	0x69, 0xC3, 0xC1, 0x50, 0x29, 0x3D, 0xB4, 0xCB, 0x54, 0xE4, 0x62, 0x86,
	0xC4, 0xA3, 0xC7, 0x07, 0x4F, 0x25, 0xFD, 0x7B, 0x23, 0xC4, 0x4A, 0xF2,
	0x57, 0xEE, 0xB3, 0x0A, 0x6C, 0xB9, 0x76, 0xE7, 0x47, 0xEC, 0x4C, 0x37,
	0x49, 0x51, 0xF8, 0x7E, 0x8F, 0x56, 0x2A, 0x8A, 0x83, 0x40, 0x0C, 0xBE,
	0xFE, 0x31, 0xF1, 0xE9, 0x38, 0x55, 0x10, 0x77, 0x9A, 0xDF, 0xE2, 0x72,
	0x1A, 0xB4, 0x2C, 0x8F, 0xF0, 0xBE, 0xEE, 0x53, 0xB1, 0x72, 0x7B, 0xCF,
	0x83, 0x2F, 0x3A, 0x5A, 0xF0, 0x10, 0x2A, 0x0E, 0xF9, 0x9F, 0x3F, 0xFF,
	0x3B, 0xAB, 0xAA, 0x34, 0xE7, 0xD7, 0x9B, 0x21, 0xA3, 0x3C, 0x29, 0xA4,
	0x1B, 0xB6, 0x42, 0xD1, 0x3E, 0x11, 0x6B, 0xDA, 0xA9, 0x28, 0x7D, 0x67,
	0x23, 0xEB, 0x3B, 0xD6, 0xFD, 0xBD, 0xA0, 0x4F, 0x4D, 0x93, 0x89, 0xDA,
	0x5F, 0x02, 0xCD, 0xE6, 0xA6, 0x92, 0x83, 0xD3, 0x4F, 0x95, 0x31, 0x7D,
	0x10, 0x3C, 0x39, 0x79, 0x7B, 0xB5, 0xEA, 0xAD, 0x83, 0xFF, 0x5E, 0x77,
	0x09, 0x6B, 0xA4, 0x4A, 0x12, 0xA9, 0x19, 0x01, 0xE4, 0xA8, 0x59, 0x84,
	0x3C, 0x6C, 0xC7, 0x3A, 0x53, 0xBE, 0x9C, 0x42, 0x50, 0x48, 0x08, 0xEE,
	0x35, 0xEC, 0xD5, 0x2B, 0x4B, 0x27, 0xA9, 0x42, 0x9C, 0x9F, 0x21, 0xD2,
	0xCC, 0xF6, 0x82, 0x2A, 0x43, 0x1C, 0x5A, 0xBC, 0x11, 0xA8, 0xAC, 0x4B,
	0xEB, 0xDB, 0xC9, 0x7D, 0xB3, 0xE4, 0xA6, 0xD6, 0xB4, 0x85, 0x17, 0x36,
	0xCF, 0x23, 0x68, 0x12, 0x13, 0xC2, 0xCA, 0x34, 0x25, 0x49, 0xAE, 0xB7,
	0x8C, 0x94, 0x41, 0x2B, 0x6D, 0x71, 0x0B, 0x75, 0xE3, 0x62, 0xE4, 0xB1,
	0x1A, 0x5F, 0x9A, 0xA3, 0x52, 0x17, 0x31, 0x45, 0xB3, 0xBB, 0x1C, 0x16,
	0xB4, 0x76, 0x04, 0xF4, 0xEB, 0x2E, 0xAE, 0x05, 0xD7, 0x6A, 0x41, 0xDD,
	0xDA, 0x7B, 0x97, 0x03, 0x0C, 0x4B, 0x72, 0x86, 0x13, 0xF2, 0x34, 0x7A,
	0x05, 0x5E, 0x2B, 0xA4, 0x19, 0x18, 0x9F, 0x5C, 0xA0, 0xCD, 0x76, 0x65,
	0x89, 0x29, 0xE6, 0xBA, 0x1E, 0xE7, 0x45, 0x32, 0xE8, 0xE4, 0x79, 0x67,
	0xF4, 0xC9, 0x3E, 0x35, 0x5C, 0x26, 0x9A, 0xE4, 0x5A, 0x41, 0x37, 0xB9,
	0x19, 0x1F, 0x96, 0x46, 0x75, 0x8C, 0x2E, 0xDA, 0x6A, 0x36, 0xE2, 0xD6,
	0x58, 0xF5, 0x0F, 0xA7, 0x6B, 0xE7, 0x77, 0x16, 0xE5, 0x9F, 0x9A, 0x50,
	0xB0, 0xAF, 0xDE, 0x3C, 0xE8, 0x4A, 0x7F, 0x2A, 0x4D, 0xF7, 0xCD, 0x9D,
	0xAB, 0x76, 0x49, 0xB2, 0xD9, 0xB5, 0x38, 0x48, 0x3E, 0x8A, 0x1B, 0x73,
	0x24, 0x4A, 0xC7, 0xBB, 0x75, 0x91, 0x6B, 0xF2, 0x05, 0xAD, 0x3E, 0x7A,
	0x69, 0x5E, 0x30, 0x1D, 0xB0, 0x3C, 0x0D, 0x1C, 0xD3, 0x32, 0x93, 0x13,
	0x1A, 0x46, 0x83, 0x09, 0x68, 0x49, 0x32, 0x86, 0x08, 0x78, 0xEF, 0x47,
	0xED, 0x94, 0xCE, 0x7C, 0x9C, 0x24, 0x36, 0x5E, 0x73, 0xD9, 0xE9, 0xC5,
	0x7F, 0x43, 0xAC, 0x34, 0x1C, 0xE7, 0xA7, 0xD2, 0x9E, 0xB4, 0x0D, 0xF3,
	0x5E, 0x38, 0x6C, 0xE9, 0x07, 0x30, 0xC9, 0xD1, 0x8E, 0x71, 0x02, 0x5F,
	0xDF, 0x65, 0x8A, 0x36, 0x01, 0x1A, 0xB5, 0x3E, 0x18, 0xF6, 0x2F, 0x00,
	0xF1, 0x0A, 0xAB, 0x21, 0x60, 0xB3, 0xE4, 0x82, 0x83, 0x8F, 0x39, 0x5C,
	0xF0, 0x14, 0x9F, 0x7E, 0x7F, 0x84, 0x12, 0x4E, 0xDC, 0x64, 0x45, 0x9E,
	0xEE, 0x44, 0x8C, 0xD5, 0x78, 0xC9, 0x74, 0x70, 0x42, 0x71, 0x9C, 0xD1,
	0x60, 0xEC, 0x12, 0xEA, 0x4B, 0x21, 0xEE, 0x17, 0x45, 0x4D, 0x22, 0xED,
	0xB4, 0xF8, 0xCA, 0xB5, 0xA1, 0x41, 0x4F, 0x71, 0xF1, 0x47, 0x88, 0x0F,
	0xE7, 0x65, 0x30, 0x81, 0x2A, 0x01, 0x6B, 0xF7, 0xBD, 0x60, 0x9D, 0x8C,
	0x57, 0xE1, 0x54, 0xAF, 0x23, 0xE6, 0x7F, 0x92, 0xCF, 0xDD, 0x51, 0xA7,
	0x88, 0x69, 0x97, 0xA1, 0x0D, 0xBE, 0x4D, 0x3C, 0x71, 0xC4, 0xAB, 0xA9,
	0xA2, 0x09, 0xF0, 0x72, 0xF8, 0xEA, 0xB1, 0x5E, 0x61, 0x0A, 0x72, 0xC3,
	0x62, 0x37, 0x67, 0x18, 0xC1, 0x79, 0xAC, 0x01, 0x20, 0x28, 0x97, 0x3E,
	0xAB, 0x5D, 0xCC, 0xB0, 0xB5, 0x76, 0x43, 0xAC, 0x42, 0xEA, 0x8C, 0x94,
	0xB0, 0xF5, 0x73, 0xC5, 0xD0, 0x83, 0x34, 0x80, 0x0D, 0x55, 0xB9, 0xE4,
	0xB1, 0x2D, 0x1A, 0xAF, 0x60, 0x25, 0x12, 0x85, 0x90, 0xCE, 0x9D, 0x79,
	0x4E, 0xA9, 0xCF, 0xDB, 0xB8, 0x89, 0x2F, 0xCA, 0x9C, 0x26, 0xD3, 0x84,
	0x0E, 0xB8, 0x2D, 0xC9, 0x08, 0x65, 0x42, 0xD0, 0xC2, 0x38, 0xE8, 0xDB,
	0x5B, 0x43, 0x06, 0x6A, 0x34, 0x90, 0xE9, 0xF5, 0x29, 0xA2, 0xE7, 0xDB,
	0xDD, 0x8C, 0x11, 0x95, 0x82, 0xFB, 0x41, 0xE4, 0x3F, 0xCE, 0xC0, 0x11,
	0x07, 0x4C, 0x6F, 0x28, 0x18, 0xB8, 0x2D, 0x1C, 0xC7, 0x4C, 0x12, 0x59,
	0xF4, 0xAC, 0xC8, 0x5A, 0x8D, 0x26, 0xFA, 0xAA, 0x5E, 0xCE, 0x7F, 0x69,
	0xCB, 0x98, 0xCD, 0x32, 0x7D, 0xC4, 0xDD, 0xC9, 0x63, 0xDC, 0x79, 0x49,
	0x9B, 0x46, 0x5C, 0x51, 0x90, 0x5C, 0x26, 0xE9, 0x5A, 0xBE, 0xAF, 0xEA,
	0xA6, 0xFB, 0xDE, 0x23, 0x41, 0x73, 0x82, 0xBB, 0x06, 0xD7, 0xFE, 0x4B,
	0x44, 0xB1, 0xFA, 0x7C, 0x31, 0xA2, 0xBF, 0xF2, 0xDA, 0xEF, 0x55, 0xE1,
	0x84, 0x0D, 0x60, 0x58, 0xF7, 0x3C, 0x8A, 0xA5, 0xC6, 0x45, 0x0A, 0x8E,
	0x4C, 0x7F, 0xA9, 0xEC, 0x26, 0xDD, 0xDF, 0x3C, 0x04, 0x66, 0x49, 0x86,
	0xD4, 0x63, 0x88, 0x57, 0x01, 0x3F, 0x0A, 0x05, 0xCB, 0x23, 0xB6, 0xEF,
	0xE1, 0xD9, 0x68, 0xD5, 0xBE, 0x8A, 0x00, 0xD6, 0x58, 0x1D, 0x3B, 0xB1,
	0xF7, 0x65, 0x45, 0xF3, 0xE6, 0x87, 0xEA, 0x7A, 0x41, 0x9E, 0xF9, 0x24,
	0xAC, 0xC2, 0xBD, 0xE5, 0x4F, 0xAC, 0x56, 0xE0, 0x19, 0xA8, 0x12, 0x60,
	0xF0, 0xB4, 0x6F, 0xB9, 0x03, 0xDE, 0x20, 0xE1, 0xDB, 0xE5, 0x6F, 0x53,
	0x00, 0x5D, 0x4B, 0x1E, 0x2E, 0xDC, 0x25, 0xD1, 0x0C, 0x58, 0x54, 0x3F,
	0x58, 0xDA, 0x1F, 0x72, 0x59, 0x6D, 0x56, 0xCB, 0xF6, 0x9D, 0xA9, 0xAB,
	0x5D, 0xC0, 0x92, 0xB9, 0x81, 0x2A, 0x5A, 0xA4, 0x53, 0x2E, 0x64, 0xB4,
	0x57, 0x6D, 0xDB, 0xBC, 0x85, 0x65, 0xD7, 0x3D, 0x15, 0x96, 0x6B, 0x4D,
	0x47, 0x14, 0xD6, 0x84, 0xEE, 0x0A, 0xF9, 0xC5, 0xBD, 0x4C, 0x3A, 0x31,
	0x37, 0x0F, 0x4B, 0x36, 0x82, 0x90, 0x42, 0x52, 0x44, 0x93, 0x9E, 0x09,
	0x4E, 0xF4, 0xA8, 0xCE, 0x17, 0xC7, 0x28, 0xF1, 0xC0, 0x1D, 0xE5, 0x98,
	0xD6, 0xBF, 0x2E, 0x01, 0x87, 0xAC, 0x72, 0x6A, 0xC9, 0xDB, 0xF4, 0xA6,
	0xF7, 0xB8, 0x75, 0xD4, 0xFB, 0x3F, 0x6F, 0x32, 0xEA, 0x29, 0xE6, 0x40,
	0xE5, 0xF7, 0xD8, 0x0D, 0x9C, 0x40, 0xEC, 0x96, 0x0B, 0x49, 0xEB, 0x5B,
	0x7E, 0x71, 0xD4, 0x3F, 0x55, 0x8B, 0x97, 0x20, 0x79, 0xB1, 0x56, 0xC4,
	0xED, 0xD5, 0x3D, 0x32, 0xBC, 0x66, 0xCA, 0xA5, 0x3E, 0xDD, 0x92, 0x9F,
	0xAA, 0x3B, 0x72, 0xED, 0xDF, 0xEA, 0x9C, 0x43, 0x6F, 0x4B, 0xFE, 0xDE,
	0xB5, 0x38, 0xEC, 0xDF, 0x29, 0x78, 0xB0, 0xA4, 0xB2, 0x35, 0x9F, 0x41,
	0xCA, 0x36, 0xC2, 0x89, 0xF7, 0x1C, 0x52, 0x21, 0x04, 0x2C, 0x13, 0xC6,
	0x99, 0x5C, 0xF9, 0x05, 0xA0, 0x2B, 0xD2, 0x56, 0xAC, 0x4F, 0x92, 0x11,
	0x16, 0x22, 0xA6, 0x9B, 0x99, 0x45, 0x27, 0x3B, 0x73, 0xFE, 0x0C, 0x0D,
	0x16, 0xC6, 0x05, 0xD1, 0xC1, 0x18, 0x0B, 0xD9, 0xE1, 0x98, 0x6B, 0xD2,
	0x5D, 0x90, 0x01, 0xFB, 0x8C, 0xA6, 0x03, 0xCF, 0xC6, 0x48, 0xCC, 0x59,
	0x78, 0x63, 0xDA, 0xE7, 0x4A, 0xEB, 0x84, 0xFA, 0xD6, 0x11, 0x2E, 0x7D,
	0xAA, 0x8D, 0x1E, 0xFE, 0xF2, 0x80, 0x56, 0x52, 0x97, 0x72, 0x83, 0x39,
	0x06, 0x42, 0xC0, 0xAC, 0x6D, 0x99, 0xBA, 0x79, 0x8F, 0x63, 0x4D, 0xA4,
	0xF8, 0x67, 0x48, 0x7C, 0x81, 0xF5, 0x25, 0xFE, 0x5B, 0xF1, 0x52, 0x06,
	0xC0, 0xAB, 0x88, 0x80, 0x8F, 0x5A, 0x16, 0x9D, 0x58, 0xC0, 0x43, 0x9B,
	0xDE, 0x2C, 0x08, 0x56, 0x42, 0x78, 0x9F, 0x67, 0xD4, 0xD2, 0x97, 0x15,
	0xAD, 0x17, 0x46, 0xDA, 0x38, 0xB6, 0x77, 0xCC, 0x5F, 0xA2, 0x28, 0xF0,
	0xF5, 0xEA, 0x3C, 0x47, 0x85, 0xAA, 0xCF, 0x94, 0x9F, 0x3D, 0x4A, 0x28,
	0x2A, 0xF1, 0xD6, 0x3F, 0xE3, 0x31, 0xBA, 0x33, 0x44, 0x95, 0xAA, 0x6F,
	0xB8, 0x1E, 0xB9, 0xB3, 0x94, 0x0B, 0xCB, 0x09, 0xFA, 0xBD, 0x2F, 0x4E,
	0x75, 0x8C, 0x23, 0x67, 0xA6, 0x19, 0xFC, 0x10, 0x04, 0x62, 0xA7, 0x93,
	0xD3, 0xF5, 0xBE, 0x8B, 0x9D, 0xD3, 0x9C, 0x9A, 0xC6, 0x82, 0x5A, 0x50,
	0xC7, 0xA5, 0x7C, 0xB3, 0x29, 0x69, 0x0D, 0x0E, 0xB3, 0x99, 0x6E, 0x81,
	0x47, 0xF7, 0xD6, 0xAF, 0x0A, 0x86, 0x0D, 0xF4, 0xC0, 0xC7, 0x6C, 0x44,
	0xDB, 0xED, 0x85, 0x2A, 0xAA, 0x56, 0x44, 0x5D, 0x8D, 0xF6, 0x4F, 0x61,
	0x93, 0x17, 0xA3, 0x99, 0xB1, 0x3E, 0x8C, 0x86, 0x66, 0x38, 0x6A, 0x52,
	0x0A, 0x57, 0xC2, 0xA0, 0x2F, 0x40, 0xEF, 0x36, 0xB7, 0xF4, 0xC6, 0xBD,
	0x2F, 0xEA, 0xF8, 0x01, 0xC3, 0x27, 0xC4, 0x85, 0x77, 0x2E, 0xD6, 0x49,
	0x57, 0x55, 0x2E, 0xC0, 0x31, 0xC4, 0xAD, 0x73, 0x37, 0xAA, 0x56, 0x9E,
	0xEF, 0x81, 0xF4, 0xD7, 0xEA, 0x42, 0x2A, 0x69, 0x4C, 0x5D, 0xE5, 0xDC,
	0xF1, 0x49, 0x72, 0x0E, 0xB8, 0x55, 0xDD, 0x64, 0xE9, 0x91, 0x47, 0x6E,
	0x3E, 0x4C, 0x36, 0x56, 0xD2, 0x27, 0x25, 0xAA, 0x99, 0xD9, 0x2A, 0x9E,
	0x4C, 0x83, 0x70, 0x7E, 0x82, 0x4A, 0x62, 0x79, 0xB7, 0x16, 0x95, 0x1F,
	0xE2, 0x35, 0xD2, 0xE0, 0xA0, 0x1C, 0x31, 0x01, 0xF3, 0x0F, 0x13, 0x59,
	0x61, 0x23, 0xEC, 0x91, 0x14, 0xAC, 0x71, 0x3B, 0x01, 0x47, 0xF0, 0x24,
	0x1D, 0x0E, 0x09, 0x5F, 0x34, 0xDC, 0x68, 0xAF, 0x86, 0x3B, 0xB4, 0xA4,
	0x45, 0xBB, 0x80, 0x88, 0x81, 0xB7, 0x2E, 0xFF, 0x1F, 0x02, 0x26, 0x41,
	0x50, 0x82, 0xDE, 0xB3, 0xA1, 0xAB, 0xA5, 0x68, 0x82, 0x41, 0xA4, 0x56,
	0x15, 0x60, 0xD6, 0x88, 0xF2, 0xB4, 0xE2, 0xE4, 0x41, 0xDC, 0xE4, 0x99,
	0x8F, 0x17, 0x89, 0x7B, 0x6E, 0xAC, 0xC4, 0xD9, 0x69, 0xF1, 0xAE, 0xEA,
	0x2C, 0x11, 0x07, 0x04, 0x08, 0x85, 0x34, 0x4D, 0x2D, 0xF2, 0x53, 0x35,
	0xA7, 0x13, 0x33, 0x5D, 0xF6, 0xA4, 0x17, 0xF0, 0xB6, 0xB8, 0x23, 0x47,
	0xE8, 0x2D, 0x5A, 0x53, 0x0C, 0xAD, 0x74, 0x96, 0xA4, 0x8E, 0x89, 0x37,
	0xE7, 0x59, 0xC3, 0x85, 0xE5, 0xA6, 0xCC, 0xB2, 0x93, 0x9A, 0xF5, 0x17,
	0xEC, 0x81, 0x5F, 0xBE, 0xDB, 0xAB, 0x43, 0x42, 0x4A, 0xE7, 0xCA, 0x9D,
	0x6E, 0xD7, 0x99, 0xCF, 0x64, 0x05, 0xD5, 0x99, 0xAE, 0x09, 0x24, 0x16,
	0xCA, 0x87, 0xA5, 0x2D, 0xBA, 0x98, 0x5F, 0x8D, 0x40, 0xF2, 0x3D, 0x7A,
	0x74, 0xF6, 0xF1, 0xEE, 0xB8, 0x17, 0x61, 0x34, 0xBB, 0x78, 0x5F, 0xCA,
	0x7C, 0xDF, 0x84, 0x97, 0x96, 0x30, 0xC1, 0x8E, 0x7D, 0xFB, 0x10, 0x1F,
	0x4E, 0x6B, 0x3F, 0x9A, 0x5E, 0xE5, 0xCB, 0x10, 0x0B, 0x45, 0x23, 0x51,
	0x09, 0x94, 0xC0, 0x90, 0x37, 0x12, 0x2D, 0x1C, 0xD7, 0x42, 0x14, 0x4C,
	0x6C, 0xAC, 0x60, 0x5B, 0x25, 0xB7, 0xA6, 0x71, 0xA0, 0xE9, 0x48, 0x5E,
	0xEC, 0xFF, 0x81, 0x87, 0xDB, 0xF5, 0x26, 0x76, 0x60, 0x88, 0x48, 0xA5,
	0xEB, 0x0C, 0x8D, 0x1E, 0x1F, 0x42, 0x28, 0x9E, 0xD6, 0xDF, 0xC0, 0xE6,
	0x56, 0x57, 0x9D, 0xB2, 0xD9, 0xB6, 0xAF, 0xCC, 0xE4, 0x62, 0x88, 0xB3,
	0x18, 0x47, 0x66, 0x35, 0xC2, 0x23, 0x21, 0xDC, 0x9B, 0x1C, 0x2F, 0x30,
	0xED, 0xE3, 0xDE, 0x87, 0x37, 0x64, 0xF5, 0xC6, 0x25, 0x0E, 0xA0, 0x3F,
	0xF1, 0x3A, 0xB5, 0xBE, 0xBB, 0xE9, 0x58, 0x86, 0x05, 0x53, 0x6F, 0xCD,
	0x76, 0xED, 0x5A, 0xFB, 0xF3, 0x0F, 0x8F, 0x24, 0x3D, 0x78, 0xC4, 0x65,
	0x02, 0x0B, 0xD1, 0xBA, 0x6E, 0xFC, 0x4C, 0x5C, 0x6A, 0x89, 0xB0, 0xCB,
	0x34, 0xB2, 0xDB, 0x25, 0xD6, 0x52, 0x2B, 0xF1, 0xE0, 0x22, 0x67, 0x94,
	0x60, 0xA8, 0x1F, 0xDD, 0xF0, 0x63, 0x26, 0x11, 0x2D, 0xD4, 0x84, 0x9A,
	0x8B, 0xC1, 0x42, 0x3E, 0xB1, 0x0E, 0x81, 0xF8, 0xD5, 0x67, 0xDA, 0x80,
	0x76, 0xA3, 0x9F, 0xB6, 0xF8, 0x7C, 0x58, 0x5B, 0xEB, 0x3D, 0xB7, 0xDC,
	0xF1, 0x3B, 0x57, 0x53, 0xE8, 0xD4, 0x12, 0x26, 0x24, 0xF8, 0xC1, 0x2A,
	0x63, 0x1F, 0x04, 0x49, 0x49, 0xF3, 0xFD, 0xA4, 0xE8, 0xB1, 0x83, 0x76,
	0x0D, 0xCF, 0x0F, 0xA5, 0x92, 0xBC, 0x6D, 0x94, 0x85, 0xDE, 0x5A, 0xAC,
	0xB2, 0x92, 0x32, 0xCB, 0x30, 0xA1, 0xD2, 0x82, 0xE8, 0x28, 0xC0, 0xA4,
	0xE0, 0x4F, 0xDB, 0x1E, 0xA1, 0xF3, 0xC4, 0xC8, 0x73, 0x24, 0x83, 0x30,
	0xC3, 0xA2, 0xA8, 0x13, 0x49, 0xD6, 0x74, 0xC1, 0x7B, 0x6B, 0x2E, 0x3F,
	0xEA, 0xCC, 0xF4, 0x00, 0xF2, 0x90, 0xC8, 0xA8, 0x7F, 0x16, 0xB2, 0x78,
	0x92, 0x66, 0x4C, 0x54, 0xC2, 0x9F, 0x67, 0xDF, 0xE1, 0x47, 0x96, 0xC1,
	0x39, 0x75, 0xDE, 0xA6, 0x98, 0xB7, 0x13, 0x6A, 0xA5, 0x0F, 0x5C, 0x5B,
	0x11, 0x97, 0x17, 0x94, 0xF0, 0xCF, 0x4A, 0xB7, 0x1B, 0x4B, 0x40, 0xB4,
	0x2E, 0xA0, 0x3D, 0xEE, 0x0F, 0x0A, 0xD7, 0xE8, 0xB8, 0x1F, 0x3D, 0x19,
	0xCA, 0x4E, 0xF5, 0xC1, 0x41, 0xDA, 0xC5, 0xA9, 0x61, 0x8A, 0xF2, 0xE9,
	0xDA, 0xB7, 0xAE, 0xDB, 0x62, 0x4A, 0x5E, 0xC2, 0x64, 0x7A, 0xE0, 0x86,
	0x08, 0x1C, 0xB9, 0x4D, 0x6A, 0xF3, 0x8B, 0xF5, 0xC4, 0x93, 0xD5, 0x48,
	0x73, 0xF4, 0xBC, 0x61, 0xBE, 0x20, 0xFC, 0x1E, 0xB4, 0x2C, 0x8E, 0x3E,
	0xF2, 0xDC, 0x33, 0xB5, 0x73, 0x43, 0x93, 0x0A, 0xA9, 0x64, 0xD4, 0xAE,
	0x8B, 0xF1, 0x01, 0x5D, 0xDB, 0x93, 0x1A, 0x08, 0xFB, 0x19, 0x70, 0x30,
	0x1F, 0x3D, 0x73, 0xB9, 0xFB, 0xE7, 0xE2, 0x2B, 0xA6, 0x58, 0xF8, 0x49,
	0x2D, 0xDF, 0x7F, 0x11, 0x34, 0x6F, 0x93, 0xD8, 0xC2, 0xBA, 0x92, 0xB8,
	0x15, 0x83, 0x8A, 0x99, 0xE4, 0x6E, 0xC4, 0xFB, 0xDC, 0xED, 0xDA, 0xF7,
	0x0A, 0x4F, 0xB5, 0x09, 0x42, 0x1B, 0x24, 0xB1, 0x9A, 0xC7, 0x99, 0x55,
	0x28, 0xB9, 0x5E, 0xD4, 0x7D, 0x08, 0xCC, 0x55, 0xD1, 0x10, 0xAD, 0x9A,
	0x20, 0x27, 0xC2, 0xBD, 0xB5, 0x28, 0x86, 0x0A, 0x3D, 0x06, 0xA7, 0x71,
	0x77, 0xD2, 0xB7, 0xE9, 0xDF, 0x65, 0x49, 0xA1, 0x32, 0xC8, 0xF4, 0x21,
	0xC4, 0xB8, 0x7A, 0x4E, 0x6D, 0x4B, 0xA4, 0x3A, 0xCB, 0x05, 0x41, 0xC2,
	0x34, 0xE4, 0xDF, 0x64, 0x97, 0x39, 0x25, 0x99, 0xE2, 0xB4, 0xE6, 0x61,
	0x84, 0xE4, 0x9B, 0x6C, 0x2C, 0x02, 0x87, 0x8D, 0x83, 0xEF, 0x8A, 0x38,
	0xF9, 0x0E, 0xE2, 0x01, 0x4E, 0x81, 0xB0, 0x33, 0x80, 0xEB, 0xE5, 0x7B,
	0xF7, 0x18, 0x75, 0xA6, 0xFC, 0x13, 0x9E, 0x51, 0xFA, 0x61, 0xA0, 0x58,
	0x02, 0x10, 0xEF, 0x00, 0x3E, 0x19, 0xB5, 0x4F, 0xF7, 0x01, 0x8A, 0x4E,
	0xA5, 0x22, 0xDA, 0x48, 0x64, 0x2F, 0x80, 0x6B, 0xC3, 0x64, 0x6C, 0x2D,
	0xF4, 0xDD, 0x39, 0x26, 0x31, 0xA2, 0x5E, 0x93, 0x9E, 0xFB, 0xCF, 0xD3,
	0x91, 0x99, 0xAD, 0xC7, 0xA9, 0x8A, 0x3B, 0x13, 0x09, 0x73, 0x1D, 0xB4,
	0xB6, 0xA1, 0xF5, 0xDD, 0x03, 0x8A, 0xD4, 0xF9, 0x60, 0x91, 0x9D, 0xD7,
	0x7A, 0x56, 0xDA, 0x4C, 0x19, 0x1E, 0xA0, 0x8C, 0x1C, 0x77, 0x13, 0x8E,
	0x4E, 0x63, 0xB9, 0xBE, 0x15, 0xEF, 0xD9, 0x24, 0x5F, 0x6C, 0x9B, 0xEC,
	0x95, 0xBC, 0x53, 0x67, 0x9B, 0x0D, 0xB8, 0x0C, 0x14, 0xEE, 0x5F, 0x6B,
	0x8D, 0xD6, 0x5C, 0xB7, 0x5E, 0x26, 0xD2, 0x05, 0xE2, 0xA2, 0x22, 0xC7,
	0x2E, 0x91, 0x75, 0xE4, 0xB3, 0x96, 0x37, 0x0A, 0x55, 0x2B, 0x78, 0x8F,
	0xDC, 0x94, 0xF2, 0x40, 0x5D, 0x15, 0x23, 0x1E, 0x24, 0x34, 0x53, 0xDF,
	0x3B, 0xA5, 0x5E, 0xCD, 0x31, 0xFA, 0x81, 0xBB, 0xDD, 0x68, 0xAF, 0x05,
	0x42, 0xFB, 0xF9, 0xC2, 0xC1, 0xCD, 0xC4, 0xE6, 0x78, 0x43, 0xBF, 0x80,
	0x14, 0xF0, 0x13, 0x29, 0x83, 0x86, 0x9A, 0x31, 0x2A, 0x5E, 0x1C, 0x90,
	0x56, 0x10, 0x14, 0x05, 0xFF, 0x04, 0xB4, 0xFE, 0x01, 0x82, 0x2E, 0x64,
	0x2C, 0xCA, 0xBF, 0x44, 0x0E, 0x27, 0x0A, 0x20, 0x2E, 0x05, 0xB4, 0x85,
	0x64, 0x1E, 0xC7, 0xE5, 0xBA, 0x8F, 0x9F, 0x6F, 0x55, 0xC3, 0x83, 0x92,
	0x7E, 0xED, 0x1C, 0xF7, 0x24, 0xF8, 0x21, 0x73, 0xCD, 0x86, 0x50, 0xFC,
	0xE9, 0x07, 0xB2, 0xD4, 0x1B, 0xCA, 0x55, 0x9A, 0x4E, 0xA7, 0x3B, 0xA1,
	0x12, 0x59, 0xD9, 0x0D, 0xA9, 0x50, 0x7B, 0x63, 0x10, 0x0B, 0x6E, 0x2E,
	0xC6, 0xE8, 0x7E, 0x1E, 0x52, 0xB7, 0x72, 0xD6, 0xF1, 0x1F, 0x87, 0x51,
	0x64, 0x17, 0xA2, 0xD0, 0x04, 0x21, 0xCD, 0x36, 0x4B, 0xE4, 0x1E, 0x1D,
	0xDA, 0x05, 0xDD, 0x54, 0xB6, 0xA3, 0x30, 0x5F, 0xD8, 0xA8, 0xE8, 0x6F,
	0xD6, 0xDF, 0xF1, 0xB7, 0xDC, 0x89, 0xFC, 0xFF, 0xD5, 0x7C, 0xD0, 0x29,
	0x7D, 0x82, 0xD8, 0x58, 0x09, 0x29, 0xA6, 0xA0, 0xED, 0x88, 0x2E, 0x90,
	0x86, 0xE2, 0x38, 0x2B, 0x75, 0x9E, 0x5A, 0x87, 0x94, 0xEC, 0x09, 0x80,
	0xF2, 0xCB, 0x91, 0x03, 0x5B, 0x9B, 0x68, 0x20, 0x07, 0x14, 0x1B, 0xDA,
	0xDF, 0xE2, 0xE7, 0xC9, 0x9C, 0xC4, 0xC7, 0x47, 0x08, 0xAD, 0xB0, 0xE6,
	0xC5, 0xF0, 0x84, 0xF8, 0xF8, 0x08, 0xEE, 0xC0, 0xB6, 0x66, 0x83, 0x6F,
	0x8E, 0x3A, 0x92, 0xEA, 0x30, 0x48, 0xDE, 0xC3, 0xDC, 0x82, 0xF5, 0x84,
	0xBB, 0x2E, 0x1F, 0x1E, 0xC6, 0x78, 0x98, 0xA4, 0xC9, 0xA0, 0x76, 0x00,
	0x7E, 0x61, 0x89, 0x4C, 0x73, 0xE9, 0xCE, 0xEC, 0xF0, 0x25, 0xED, 0xD3,
	0xB8, 0x5D, 0xAD, 0xD0, 0xB0, 0x43, 0x94, 0xEC, 0xE7, 0xB2, 0x65, 0x2A,
	0x6B, 0x41, 0xEB, 0xC3, 0x29, 0x7C, 0x3F, 0x6D, 0x75, 0x7D, 0xDD, 0xB2,
	0xAC, 0x86, 0x67, 0x13, 0x94, 0x6E, 0x96, 0xA9, 0xF2, 0xE4, 0x87, 0xD5,
	0x16, 0xA5, 0x6E, 0x1E, 0xCE, 0x3B, 0xC7, 0x93, 0xDB, 0xE2, 0xFA, 0xD8,
	0xA8, 0x4B, 0x13, 0x40, 0xCB, 0xEC, 0x76, 0x37, 0xEE, 0x88, 0x91, 0x85,
	0x0D, 0xB8, 0x45, 0x86, 0x8A, 0x23, 0x1A, 0x49, 0xDC, 0xF5, 0x7F, 0xB7,
	0xCF, 0xC6, 0x10, 0xA8, 0x04, 0x0C, 0xBF, 0xBC, 0x2B, 0x85, 0x1F, 0x4D,
	0xE4, 0xF8, 0xDB, 0x5D, 0xCE, 0xB6, 0x38, 0x98, 0x6B, 0x09, 0x01, 0x3C,
	0xD1, 0x3A, 0x0C, 0x07, 0x22, 0xC4, 0x2A, 0xB3, 0xE3, 0x43, 0xAF, 0x80,
	0xBA, 0x18, 0x40, 0x1D, 0x2E, 0x03, 0x6F, 0x54, 0xBB, 0x5D, 0xC8, 0xB2,
	0x33, 0xEA, 0x6A, 0x9E, 0x3D, 0xF4, 0x80, 0x49, 0x74, 0x8C, 0xA5, 0xB4,
	0x38, 0xD7, 0x0A, 0x58, 0xE0, 0xAC, 0x53, 0xFE, 0x46, 0x3B, 0x33, 0x2E,
	0xA1, 0xA5, 0x40, 0x93, 0xFC, 0x12, 0x6C, 0x5A, 0x4A, 0xE6, 0x3A, 0x9A,
	0xC4, 0x44, 0xAF, 0xFD, 0x5F, 0xD8, 0x95, 0x71, 0xD9, 0x46, 0x11, 0x19,
	0xDC, 0xC6, 0x76, 0x58, 0x86, 0xBD, 0x13, 0x33, 0x9E, 0x2E, 0xDF, 0x6D,
	0x73, 0x4A, 0x88, 0x56, 0x29, 0xF1, 0xA7, 0x7F, 0x42, 0xC3, 0x0D, 0x04,
	0x2C, 0x8B, 0x36, 0x61, 0x28, 0xE7, 0x4B, 0x99, 0x6D, 0x7C, 0x06, 0x0D,
	0x19, 0x08, 0x0E, 0x4C, 0x2B, 0x89, 0x55, 0x5D, 0xC3, 0x3D, 0x91, 0x5E,
	0xD1, 0x22, 0xC2, 0x73, 0x7A, 0xDC, 0xCD, 0x14, 0xF7, 0x12, 0xD2, 0x6F,
	0xAA, 0x15, 0xE9, 0xD1, 0xC5, 0x3D, 0xBA, 0x68, 0x22, 0x8E, 0x44, 0xF9,
	0x5F, 0xB1, 0x14, 0x5E, 0x05, 0x78, 0x9B, 0x65, 0x56, 0x61, 0xF6, 0xFB,
	0x1B, 0xB7, 0x57, 0x8D, 0xA7, 0x91, 0xF4, 0x75, 0x97, 0xBD, 0xA7, 0xAF,
	0x2B, 0x62, 0xE5, 0x07, 0x81, 0xAB, 0xEF, 0x6E, 0x05, 0x18, 0x1C, 0x43,
	0xBE, 0x8A, 0xF9, 0x57, 0x60, 0xA9, 0x26, 0xB4, 0x32, 0x08, 0x70, 0x13,
	0xBD, 0xF6, 0x7D, 0x6A, 0x5D, 0x12, 0x3F, 0x93, 0x3D, 0x25, 0xF1, 0x73,
	0xE0, 0x98, 0xBE, 0xFE, 0x9B, 0xD8, 0x60, 0x95, 0x45, 0xF7, 0x36, 0x09,
	0x90, 0x82, 0x56, 0xE1, 0x70, 0xC1, 0x78, 0x7E, 0xBC, 0x10, 0x44, 0xD9,
	0x0F, 0x28, 0xA3, 0xF6, 0xCE, 0x64, 0x7B, 0x40, 0x68, 0x58, 0xFE, 0xB1,
	0x6C, 0xC3, 0xC8, 0x21, 0x6B, 0x33, 0x94, 0x6A, 0x4F, 0x22, 0x56, 0x32,
	0x61, 0x64, 0xE3, 0x93, 0x0A, 0xC1, 0x83, 0x18, 0x19, 0xBF, 0x5B, 0x0C,
	0x58, 0xCC, 0x79, 0x66, 0x0D, 0x57, 0xC8, 0xBD, 0x95, 0xBA, 0x92, 0x85,
	0xE5, 0xB9, 0xF7, 0xFE, 0xC0, 0x31, 0x21, 0x7D, 0xB7, 0x76, 0x83, 0x05,
	0x50, 0x2B, 0x99, 0xDA, 0x66, 0x03, 0x0B, 0x9B, 0x41, 0x83, 0xDE, 0x48,
	0x31, 0x5B, 0xDA, 0x8C, 0x12, 0x4F, 0x09, 0xB6, 0x94, 0x53, 0x83, 0x1F,
	0xBB, 0x1A, 0x88, 0xB3, 0xFA, 0x59, 0xCC, 0xF8, 0x04, 0x85, 0x3B, 0x50,
	0xEA, 0xDB, 0x00, 0x5A, 0xF4, 0x89, 0x91, 0x90, 0x42, 0xFF, 0x56, 0x44,
	0xAD, 0xA4, 0xE9, 0x93, 0x9D, 0x4D, 0x33, 0xF4, 0xBF, 0x53, 0xCC, 0x43,
	0x5D, 0xD9, 0xD8, 0xD0, 0x31, 0x63, 0x12, 0xE8, 0x89, 0x7E, 0xEA, 0xA5,
	0x26, 0x56, 0xD6, 0x13, 0x9E, 0xFC, 0x2D, 0x86, 0x3A, 0x8E, 0x5F, 0x18,
	0x8E, 0x14, 0xC7, 0x4B, 0x2B, 0xFA, 0xFD, 0x60, 0xF6, 0xED, 0x87, 0x38,
	0x09, 0x8D, 0xA5, 0xDB, 0x7D, 0xFE, 0xAC, 0xFC, 0xA4, 0x7C, 0x3C, 0x3A,
	0x08, 0xF2, 0x77, 0x9E, 0x85, 0xCA, 0x6E, 0x34, 0x4B, 0xA0, 0x4A, 0x97,
	0x8B, 0x66, 0x23, 0xB1, 0xEA, 0x18, 0x62, 0x6B, 0x31, 0x43, 0x77, 0xD7,
	0xBE, 0x78, 0xF2, 0x19, 0x7F, 0x9E, 0x3F, 0xD3, 0xD9, 0x2A, 0x85, 0xE4,
	0x95, 0x7D, 0xFF, 0x66, 0x3B, 0xF6, 0x57, 0x6B, 0x61, 0xBA, 0x96, 0x85,
	0xAF, 0x11, 0x7B, 0x04, 0x3C, 0x56, 0xCF, 0x54, 0xBD, 0x31, 0xFA, 0x46,
	0xE1, 0x13, 0x25, 0x02, 0x44, 0x88, 0x95, 0x90, 0x71, 0x8C, 0x91, 0xD5,
	0x1F, 0x3D, 0x2F, 0xA8, 0x94, 0xA6, 0xEC, 0x18, 0xBA, 0xA9, 0x03, 0xAD,
	0x76, 0x8E, 0x9E, 0xD1, 0xFD, 0x56, 0x9A, 0x4A, 0x19, 0x48, 0xA0, 0xE5,
	0x97, 0xC4, 0x7E, 0xC2, 0x30, 0xBF, 0x4D, 0x60, 0x23, 0x3D, 0x3F, 0xD2,
	0x1F, 0x7F, 0x3C, 0x5E, 0x97, 0xEC, 0x2A, 0x5F, 0x46, 0x55, 0xFA, 0x79,
	0xBC, 0xBF, 0x5C, 0x89, 0xF8, 0x46, 0x88, 0x36, 0x9A, 0xA7, 0xEE, 0xEA,
	0x47, 0xB2, 0x1D, 0xCD, 0x12, 0xD7, 0xC6, 0xB1, 0x3E, 0xC0, 0xEE, 0x4F,
	0x37, 0x85, 0x13, 0xB3, 0x52, 0x90, 0xB8, 0xF8, 0xAE, 0x95, 0xF7, 0xEE,
	0x50, 0xDD, 0x32, 0x02, 0xFE, 0xED, 0xA9, 0x1E, 0x73, 0x31, 0xD7, 0x65,
	0xFC, 0xF5, 0x63, 0x1B, 0x15, 0x17, 0x38, 0xAA, 0xA7, 0x75, 0xB4, 0x2A,
	0x79, 0x3C, 0x69, 0xD8, 0x1B, 0xA2, 0xB7, 0xEA, 0xDA, 0xD7, 0xBB, 0x25,
	0x5F, 0xFE, 0x3E, 0x02, 0xD3, 0xC3, 0xFD, 0x22, 0xF9, 0xC0, 0xE7, 0x9B,
	0x4F, 0x55, 0xF7, 0xD3, 0x9D, 0x43, 0x6E, 0x5C, 0x2B, 0xE3, 0x93, 0x08,
	0xC6, 0x5C, 0x64, 0x13, 0x47, 0x49, 0x97, 0xFE, 0xA5, 0xE5, 0x51, 0x73,
	0xF9, 0x4A, 0x12, 0xEA, 0x5C, 0x71, 0x83, 0x20, 0x41, 0x32, 0x09, 0xBC,
	0x7E, 0x6B, 0x31, 0x06, 0x62, 0x2F, 0x2D, 0xEC, 0xA4, 0x11, 0xE0, 0x62,
	0xB3, 0x22, 0x85, 0xA0, 0x90, 0x7D, 0xB7, 0x53, 0xDA, 0xB4, 0x67, 0xAF,
	0x62, 0xFF, 0xFA, 0xEF, 0x43, 0x24, 0x28, 0x84, 0x6C, 0x9B, 0x61, 0xC4,
	0x63, 0xD9, 0x00, 0x4F, 0xE5, 0xE0, 0x0D, 0x09, 0xA9, 0x01, 0x9F, 0xA6,
	0xC5, 0x88, 0xA1, 0x8F, 0x7F, 0xFD, 0x12, 0x3E, 0xE6, 0x47, 0xF1, 0xF7,
	0x1D, 0x8D, 0x6F, 0x5C, 0x9E, 0x23, 0x1E, 0x9C, 0x18, 0x6B, 0x43, 0xAA,
	0x80, 0x55, 0x6A, 0x26, 0x8D, 0x41, 0x84, 0xDC, 0xFB, 0xBD, 0xCF, 0xD2,
	0x16, 0xEF, 0x51, 0xBC, 0x54, 0xF8, 0x70, 0x4D, 0x22, 0x9A, 0xD9, 0xCB,
	0x81, 0x73, 0x45, 0xF9, 0xF5, 0xEC, 0x27, 0x47, 0xD3, 0xFA, 0x8E, 0x21,
	0xAD, 0xC1, 0x52, 0x63, 0xF5, 0x9B, 0xBD, 0x4A, 0x27, 0xCC, 0x65, 0xB4,
	0x38, 0x0D, 0xC4, 0xF3, 0x36, 0x24, 0x52, 0xE4, 0x13, 0x9B, 0x6B, 0xBF,
	0x03, 0x5F, 0xD4, 0x71, 0xA9, 0x04, 0x0D, 0x9B, 0xF8, 0xE3, 0x7D, 0xD4,
	0x0F, 0x60, 0xC1, 0xE9, 0x8E, 0x47, 0x1C, 0x88, 0xDE, 0xFA, 0xC4, 0x69,
	0xB9, 0x95, 0xC7, 0x9A, 0x9C, 0xD1, 0xF1, 0x7C, 0xB7, 0x5D, 0xF4, 0x36,
	0xBB, 0x97, 0xF3, 0x5F, 0x8C, 0x55, 0xBD, 0xE5, 0xAD, 0xD6, 0xC0, 0x3B,
	0xCE, 0xD8, 0x67, 0xAC, 0x09, 0x68, 0x12, 0x26, 0x08, 0x6A, 0x71, 0x5B,
	0x81, 0xED, 0x38, 0x61, 0x74, 0xF7, 0x20, 0xCB, 0xF3, 0xE0, 0x3F, 0x02,
	0x99, 0x88, 0x5B, 0xA4, 0x2E, 0x6E, 0xCC, 0xC4, 0x6B, 0xDB, 0x87, 0xEE,
	0x6C, 0xE5, 0x43, 0xDE, 0x64, 0xE4, 0x09, 0xCC, 0x08, 0x9D, 0x00, 0x58,
	0x3E, 0xEC, 0x9F, 0x47, 0x8A, 0x78, 0xD9, 0x19, 0xD7, 0x84, 0x38, 0x15,
	0x58, 0xAB, 0x9F, 0x32, 0xD4, 0x2F, 0x2A, 0x35, 0x14, 0x6D, 0xCF, 0x53,
	0x5E, 0x15, 0xEB, 0xAB, 0xC4, 0xDD, 0x49, 0x68, 0x7D, 0xB6, 0xE5, 0xFB,
	0x13, 0x05, 0xF0, 0xCD, 0x80, 0x16, 0xE1, 0x3D, 0x12, 0x07, 0x0F, 0x77,
	0x72, 0x17, 0x4D, 0x09, 0x3E, 0xB0, 0x2D, 0x4E, 0x0A, 0x85, 0x0B, 0xFF,
	0x00, 0xE7, 0x65, 0x28, 0x96, 0x2B, 0xD8, 0x24, 0x5F, 0xCF, 0x80, 0xB4,
	0x0F, 0xDF, 0x52, 0xC8, 0xA7, 0x3F, 0xEC, 0xF5, 0xC0, 0x5A, 0x7A, 0xDB,
	0x35, 0xE4, 0x59, 0x90, 0x62, 0xFB, 0xED, 0xE9, 0xB7, 0xDB, 0x39, 0x8E,
	0xEB, 0xD2, 0xD8, 0xB2, 0x49, 0xD1, 0xA2, 0x5C, 0xE6, 0x87, 0x23, 0xBC,
	0x0C, 0xFF, 0x5B, 0xAC, 0x32, 0xBB, 0x65, 0xE4, 0x7D, 0x5D, 0xFD, 0xF1,
	0x61, 0x9B, 0x96, 0x89, 0x11, 0xD1, 0x1D, 0x97, 0xF4, 0x73, 0xB4, 0x38,
	0x04, 0x3D, 0xFB, 0xF8, 0x22, 0xC1, 0x1C, 0x88, 0x1A, 0xBF, 0xBE, 0x87,
	0x65, 0x98, 0xFE, 0x39, 0x41, 0x96, 0x94, 0xE9, 0x2E, 0x9A, 0x5B, 0x0D,
	0x6D, 0xF6, 0x9C, 0xD8, 0x7B, 0xB1, 0xF2, 0x05, 0x00, 0x98, 0x13, 0xC0,
	0x02, 0x0A, 0x2B, 0x92, 0xBE, 0x54, 0xE5, 0xA9, 0xD9, 0xE0, 0xC5, 0x84,
	0xCE, 0x6E, 0x82, 0xE8, 0xD3, 0xAD, 0x52, 0xE6, 0x0D, 0x93, 0xC2, 0x36,
	0x4E, 0x1D, 0x87, 0x5D, 0x0F, 0x0D, 0x05, 0x6E, 0xBB, 0x9E, 0x1A, 0xA7,
	0x43, 0xD7, 0x8E, 0xA6, 0x8C, 0xDE, 0x89, 0x65, 0xF7, 0x0B, 0x48, 0x0C,
	0x4C, 0x7B, 0x18, 0x8A, 0x5C, 0xD7, 0xB8, 0x60, 0x8D, 0xA9, 0xD6, 0x11,
	0x6A, 0x1D, 0xB5, 0x0F, 0xAF, 0x44, 0xE5, 0xE4, 0xA6, 0xB9, 0x93, 0x8B,
	0xEF, 0xE7, 0x09, 0xC2, 0x38, 0x50, 0x83, 0x72, 0xF2, 0x2B, 0x6E, 0xD0,
	0x21, 0xE3, 0xD3, 0xBF, 0x0B, 0xC3, 0x32, 0xFE, 0x47, 0x65, 0x0B, 0xBB,
	0xD2, 0xF8, 0x82, 0xB6, 0x03, 0xE4, 0x32, 0x13, 0x28, 0x1C, 0x94, 0x91,
	0x98, 0x9B, 0x8D, 0x16, 0xA9, 0x94, 0xA5, 0xFF, 0x69, 0xC9, 0x4B, 0x07,
	0xDB, 0xC6, 0xB5, 0x18, 0xDE, 0xE4, 0xDA, 0x48, 0x4B, 0x94, 0x07, 0xFC,
	0xA5, 0x61, 0x12, 0xED, 0xF7, 0x27, 0xB3, 0x2A, 0xEF, 0xDD, 0x96, 0x17,
	0x03, 0xB4, 0xCF, 0x70, 0x5A, 0x72, 0xB2, 0x30, 0x67, 0x04, 0x5D, 0xC5,
	0x80, 0x19, 0x89, 0x7F, 0x8C, 0xB5, 0x2A, 0x8D, 0xC7, 0xFE, 0x1C, 0xD0,
	0x86, 0xBE, 0xB3, 0x73, 0x43, 0x9C, 0xF7, 0xCF, 0x3F, 0xE8, 0x98, 0xD0,
	0x47, 0xF0, 0x5C, 0x20, 0x2B, 0x55, 0xB0, 0x04, 0xDF, 0x40, 0xD3, 0xF8,
	0x74, 0x11, 0x72, 0xA5, 0x2E, 0x51, 0x53, 0x26, 0x0D, 0xCE, 0x97, 0xC6,
	0x01, 0x08, 0x26, 0x6D, 0xD5, 0x74, 0x0D, 0x1C, 0xEA, 0x04, 0xD1, 0xAB,
	0xA2, 0x36, 0x10, 0x7F, 0x67, 0xAC, 0x8C, 0x37, 0x83, 0xD9, 0x4C, 0x75,
	0x64, 0x13, 0xDB, 0x4A, 0x2D, 0xB7, 0x69, 0xFA, 0xE0, 0xB0, 0x59, 0x2E,
	0x29, 0xE3, 0x3F, 0x42, 0x7E, 0xAE, 0x51, 0xD2, 0x5C, 0x17, 0xCD, 0x45,
	0x61, 0xC6, 0x62, 0xB1, 0xCA, 0xBC, 0x88, 0x10, 0xD0, 0x23, 0x45, 0x54,
	0xF0, 0x29, 0xDB, 0x49, 0xA1, 0xCD, 0x02, 0xF7, 0x4E, 0xA7, 0x39, 0x71,
	0x8F, 0x07, 0x4B, 0xDA, 0x24, 0x32, 0x67, 0x20, 0x9A, 0x4E, 0x83, 0x5E,
	0x59, 0xF9, 0x06, 0x27, 0xA9, 0x9D, 0x57, 0xE0, 0xB0, 0x49, 0x11, 0x0A,
	0xF2, 0xBE, 0x78, 0x09, 0xE7, 0xCB, 0x24, 0x4B, 0xC1, 0x50, 0xE2, 0x0E,
	0x92, 0xA1, 0x01, 0xEA, 0x45, 0x82, 0xF7, 0x27, 0x59, 0x67, 0x0B, 0x93,
	0xF9, 0x6F, 0x1B, 0xE0, 0x5E, 0x50, 0xFC, 0x0E, 0xCA, 0xBF, 0x8B, 0x9E,
	0x94, 0x4B, 0x59, 0xDE, 0x60, 0x28, 0x15, 0xD2, 0xCD, 0x6D, 0x14, 0x5B,
	0x86, 0x7C, 0xB6, 0x68, 0xDD, 0x37, 0x21, 0x47, 0x3E, 0x01, 0x74, 0x20,
	0x77, 0x60, 0x55, 0x96, 0x4A, 0xA0, 0xF5, 0x32, 0x6D, 0x1F, 0xCA, 0x24,
	0x5E, 0xC5, 0xE8, 0x83, 0x0E, 0x89, 0xAD, 0xEB, 0x56, 0xF4, 0xBA, 0xC9,
	0xEB, 0x87, 0xBE, 0xD8, 0x61, 0x83, 0x20, 0xA2, 0x1A, 0x5A, 0xB9, 0x2A,
	0x69, 0xBD, 0xFC, 0xC4, 0x9E, 0xB1, 0xA0, 0xF6, 0xB8, 0x38, 0xD6, 0x66,
	0xD7, 0xA2, 0x9A, 0x75, 0xE3, 0xDC, 0x7E, 0xED, 0x2B, 0x0E, 0xC7, 0x9C,
	0xE7, 0x88, 0x86, 0x30, 0x1D, 0x44, 0xFC, 0xC5, 0x4A, 0x07, 0x79, 0x8F,
	0x1C, 0xE1, 0x5D, 0xAF, 0x41, 0x45, 0x00, 0x80, 0x7D, 0xF9, 0x29, 0x7A,
	0x21, 0xD5, 0x1A, 0x84, 0x2E, 0x46, 0xF4, 0x44, 0x91, 0x1D, 0x88, 0xEA,
	0x10, 0x81, 0xB8, 0x5D, 0xAF, 0xFA, 0xD5, 0xEA, 0x36, 0x3E, 0x35, 0xF7,
	0x6E, 0xA6, 0x63, 0x29, 0x92, 0xE5, 0x6F, 0x93, 0x0C, 0x74, 0xA8, 0x61,
	0x3D, 0x9A, 0x28, 0xC2, 0x7E, 0xC1, 0x58, 0x70, 0x42, 0xD5, 0xD0, 0x4D,
	0xB8, 0x5F, 0x22, 0x7C, 0x7E, 0xA0, 0x3A, 0xEE, 0x19, 0xEA, 0xF3, 0xCF,
	0xA9, 0x14, 0x4F, 0x78, 0xFB, 0x71, 0xD7, 0x7B, 0x07, 0x62, 0x99, 0xC8,
	0x32, 0xB8, 0x08, 0x57, 0x37, 0xBB, 0x72, 0xC3, 0x5F, 0xDF, 0x22, 0xBA,
	0x0F, 0x35, 0xC1, 0xF4, 0xD3, 0x0A, 0x09, 0x42, 0xFE, 0x1A, 0xA1, 0x1E,
	0x05, 0x38, 0xC4, 0xD5, 0x8D, 0xA6, 0x14, 0xD0, 0x63, 0x8B, 0x81, 0x86,
	0x9D, 0x37, 0x65, 0xE8, 0x77, 0xFF, 0x5C, 0x6D, 0xA3, 0x46, 0xB7, 0xAF,
	0x28, 0xD6, 0x64, 0x21, 0x8A, 0x35, 0xEE, 0xBA, 0xBD, 0xB1, 0xF5, 0xF8,
	0xD2, 0xE1, 0x4A, 0x91, 0x9D, 0x03, 0x6D, 0xBC, 0x04, 0x2B, 0x5C, 0xBE,
	0x44, 0x67, 0xB8, 0xC8, 0x8B, 0xA1, 0x9B, 0x61, 0x35, 0x6B, 0x7B, 0x8E,
	0xB3, 0x13, 0xF5, 0xFE, 0x1D, 0xAF, 0x63, 0xC2, 0xDE, 0x5F, 0xD6, 0xD4,
	0xDA, 0xEA, 0xEE, 0x2F, 0x47, 0x8E, 0x9D, 0x97, 0x31, 0xCD, 0x5F, 0xE7,
	0x0D, 0xEB, 0xE8, 0x2D, 0x55, 0x09, 0x4B, 0x93, 0xDE, 0xE0, 0xB5, 0x99,
	0x98, 0x5A, 0xFF, 0xA2, 0x79, 0xD8, 0xB8, 0x8D, 0xFE, 0x05, 0xE5, 0x0C,
	0xEB, 0x28, 0x9F, 0xE6, 0x35, 0x50, 0x32, 0x6A, 0xAB, 0xFC, 0x80, 0xDF,
	0xF7, 0x3D, 0x13, 0x7B, 0x01, 0x11, 0x07, 0x79, 0xD3, 0x93, 0x02, 0x22,
	0x40, 0xDB, 0x2A, 0x96, 0x82, 0x78, 0x79, 0x36, 0xE6, 0x4E, 0x5D, 0x0C,
	0xA6, 0xAA, 0x23, 0x63, 0x15, 0x65, 0x56, 0x90, 0x05, 0xC4, 0xC5, 0xDB,
	0x3B, 0x28, 0x46, 0x8A, 0xFC, 0x41, 0xF1, 0xC0, 0x6B, 0x2E, 0x7C, 0x0D,
	0x82, 0xAC, 0x6E, 0x22, 0x89, 0xB8, 0x65, 0xB6, 0x14, 0xBB, 0xA1, 0xAE,
	0xEC, 0x92, 0xF2, 0x3D, 0x75, 0x02, 0x4C, 0x8E, 0xBA, 0xAF, 0xB9, 0x9E,
	0x40, 0xDC, 0x0D, 0x8C, 0xB5, 0x3F, 0x34, 0xB2, 0xA1, 0x20, 0x65, 0x9D,
	0x46, 0xBF, 0x92, 0x7D, 0x0C, 0x07, 0x48, 0x61, 0xB3, 0x7E, 0x10, 0x8F,
	0x56, 0xB5, 0xFA, 0xC5, 0xA6, 0xD8, 0x86, 0x1D, 0x1E, 0x76, 0x4C, 0x00,
	0xD4, 0x72, 0x3D, 0x8F, 0x2B, 0xEF, 0x79, 0xBC, 0xFB, 0xD5, 0x9A, 0x5A,
	0x6E, 0x18, 0x79, 0xF1, 0x0B, 0xE7, 0x1B, 0xAF, 0x40, 0x8F, 0x84, 0xF2,
	0x04, 0x4D, 0x73, 0xFE, 0x51, 0xAA, 0xB8, 0x64, 0x97, 0x33, 0x70, 0xBB,
	0xC5, 0x18, 0x7E, 0xDD, 0xE0, 0x93, 0x98, 0x9C, 0xB3, 0xFE, 0x18, 0xC4,
	0xC2, 0x2F, 0xCB, 0x39, 0x8C, 0xFF, 0xBB, 0xE7, 0x0C, 0x88, 0x84, 0x60,
	0x4B, 0x05, 0xB0, 0xB9, 0xCF, 0xE1, 0xCB, 0x65, 0x26, 0x0D, 0xA2, 0xD8,
	0xED, 0x79, 0x66, 0xF5, 0xEB, 0x2B, 0x22, 0x19, 0x0A, 0x2E, 0x64, 0xDA,
	0x42, 0x38, 0x4E, 0x83, 0x4D, 0x70, 0x75, 0xCD, 0xCE, 0x83, 0xDD, 0x27,
	0xCA, 0x92, 0x11, 0x2D, 0xBB, 0x4C, 0x81, 0xE3, 0x3D, 0xF2, 0x7A, 0x46,
	0x23, 0x14, 0x7F, 0x37, 0xDF, 0x78, 0x69, 0x24, 0x92, 0xCA, 0xE8, 0xA3,
	0x5A, 0xA4, 0x8A, 0x71, 0x7D, 0xD5, 0xBD, 0xCD, 0x68, 0x8A, 0x5F, 0xD1,
	0x0A, 0xAC, 0x17, 0x47, 0xFA, 0x52, 0x25, 0xAE, 0x0C, 0xB2, 0x83, 0x39,
	0x46, 0xF5, 0xB0, 0x92, 0x75, 0xD5, 0x72, 0x2A, 0x37, 0xA5, 0xFF, 0x24,
	0x9D, 0xAF, 0xD0, 0x46, 0xE6, 0xE0, 0x65, 0xB0, 0xE5, 0x8B, 0x68, 0xF8,
	0x97, 0xDD, 0x7E, 0xCE, 0xCD, 0x3F, 0xCA, 0x14, 0xCC, 0xF0, 0x50, 0xEB,
	0xDB, 0x11, 0xE3, 0xC3, 0x7E, 0x93, 0x55, 0xD4, 0x92, 0x15, 0x75, 0x33,
	0xD8, 0x09, 0x77, 0x8C, 0x3B, 0x74, 0x59, 0xF4, 0x53, 0x2C, 0x87, 0xB1,
	0xAA, 0x21, 0x43, 0x10, 0x8A, 0xB8, 0xEB, 0x75, 0x20, 0x32, 0xB1, 0xCE,
	0x93, 0x8D, 0x3F, 0x52, 0xFE, 0x99, 0x9A, 0xE8, 0x5A, 0xE5, 0xFD, 0x89,
	0x35, 0xF1, 0x5D, 0xB4, 0x4E, 0xB9, 0x2C, 0xB1, 0xB7, 0xE1, 0xFC, 0x6C,
	0x3D, 0xC4, 0x36, 0xBC, 0xDC, 0x17, 0x8E, 0x08, 0x73, 0xF5, 0xEA, 0x46,
	0x2C, 0xDE, 0x2D, 0x6F, 0x6B, 0xA3, 0xFD, 0x58, 0xB3, 0x20, 0xCA, 0xDD,
	0xAE, 0x8F, 0x71, 0x93, 0x74, 0x22, 0xC8, 0x42, 0x4B, 0x82, 0x6D, 0xC4,
	0xD9, 0x4E, 0x56, 0xF6, 0x8C, 0x7B, 0xA8, 0x32, 0x3A, 0x85, 0xF2, 0x81,
	0xC9, 0xF7, 0x01, 0x06, 0xA9, 0x7D, 0x62, 0xAB, 0xB2, 0x28, 0x0D, 0x6A,
	0x36, 0xA6, 0x2A, 0x35, 0x57, 0x86, 0x97, 0x5B, 0x5A, 0x9D, 0x1B, 0x17,
	0x2B, 0x21, 0xF4, 0x19, 0xDB, 0xCC, 0x5A, 0x1E, 0x9E, 0x90, 0x0E, 0xD8,
	0x8C, 0x19, 0x69, 0xDE, 0x2E, 0xA5, 0xE8, 0x62, 0x9D, 0x4C, 0xB1, 0xAB,
	0x72, 0xDD, 0xB5, 0x26, 0x1E, 0x64, 0xB9, 0xC9, 0x4F, 0xDB, 0xCE, 0xDA,
	0x05, 0x65, 0xB5, 0xE7, 0x27, 0x9F, 0x9C, 0xAF, 0xC5, 0x55, 0x83, 0xC1,
	0x20, 0xDB, 0x7F, 0x88, 0x28, 0xF9, 0x97, 0x92, 0xE2, 0xF6, 0x04, 0x75,
	0xC4, 0x51, 0x2D, 0x41, 0x25, 0xB7, 0x44, 0xA1, 0x25, 0xCA, 0xBB, 0x3E,
	0x9F, 0x67, 0x04, 0x29, 0x43, 0xAD, 0x74, 0xAE, 0x0D, 0xEE, 0x3B, 0xA6,
	0xEA, 0xB6, 0x3B, 0x21, 0x8B, 0x77, 0x24, 0xF3, 0x38, 0xDB, 0x18, 0x08,
	0xC4, 0xD9, 0x1D, 0x03, 0xA1, 0x68, 0x3C, 0x80, 0x67, 0x87, 0x0B, 0x0F,
	0x24, 0x0D, 0xE8, 0x93, 0xD1, 0x25, 0xB7, 0x38, 0xE3, 0x17, 0xB7, 0xEF,
	0x1E, 0x47, 0x35, 0x1C, 0x6A, 0xCE, 0xA4, 0x6D, 0xA5, 0xEC, 0x2C, 0x78,
	0xE3, 0x15, 0x3D, 0x09, 0xDE, 0x40, 0x17, 0x43, 0x9A, 0x36, 0x5E, 0x79,
	0x73, 0x42, 0xB2, 0x2A, 0x1F, 0xD5, 0x9A, 0xB0, 0x00, 0xFF, 0x26, 0x03,
	0xE0, 0x6F, 0x14, 0x52, 0x41, 0xC1, 0x1D, 0x59, 0x5C, 0x6E, 0x3F, 0x8C,
	0xB2, 0xA2, 0x64, 0x2D, 0x56, 0xF6, 0xFF, 0xF7, 0x19, 0xF0, 0xD7, 0x8B,
	0x12, 0x16, 0xCA, 0x06, 0xEB, 0x6C, 0xF2, 0xE1, 0x83, 0x55, 0xCD, 0x30,
	0x43, 0xD9, 0x4C, 0x25, 0x80, 0xCC, 0x71, 0x9D, 0xE3, 0x54, 0xF4, 0x3B,
	0xA1, 0xBB, 0xE8, 0x98, 0x9B, 0xA7, 0x5F, 0x59, 0x66, 0x01, 0x3C, 0xC4,
	0x26, 0x00, 0x77, 0x7A, 0xFC, 0xC7, 0x43, 0x8C, 0xD0, 0x84, 0xDF, 0x5E,
	0x43, 0x9E, 0xDC, 0xC1, 0x77, 0xA7, 0x4D, 0xBD, 0x7D, 0x92, 0x45, 0xC2,
	0xB2, 0x3A, 0x73, 0x08, 0x33, 0x71, 0xBE, 0x84, 0x94, 0x73, 0x43, 0x91,
	0xC8, 0xBF, 0x52, 0xB7, 0x6F, 0x8A, 0x59, 0xD7, 0x07, 0x9B, 0x1B, 0x56,
	0x7E, 0xDD, 0xD8, 0x57, 0x2F, 0xE5, 0xB4, 0x9E, 0x73, 0xCA, 0xB1, 0x2E,
	0xF0, 0xFE, 0x94, 0x84, 0xE1, 0xB5, 0x1A, 0xE2, 0x73, 0xE8, 0x76, 0x51,
	0xB1, 0x6A, 0x75, 0xFA, 0x60, 0xBA, 0x34, 0x52, 0x80, 0x46, 0xDA, 0x81,
	0x36, 0xBB, 0xC0, 0x3B, 0x06, 0x8E, 0x68, 0xED, 0x07, 0xB1, 0x44, 0x3B,
	0x18, 0x87, 0xC1, 0xB9, 0x86, 0xA0, 0xFF, 0x75, 0xD0, 0x0A, 0x20, 0x00,
	0xC2, 0xF4, 0xBF, 0xF5, 0xAC, 0x24, 0x5E, 0x8E, 0x69, 0x2C, 0x4E, 0x12,
	0xC7, 0x50, 0xC8, 0xCA, 0xF8, 0x4F, 0x1D, 0x73, 0x53, 0x4C, 0xBA, 0xF9,
	0xF6, 0x61, 0x6F, 0x60, 0x8E, 0xAE, 0x49, 0xEC, 0x07, 0x78, 0x1A, 0x8B,
	0x89, 0xA6, 0x03, 0xAA, 0x4A, 0x14, 0x25, 0xB1, 0x39, 0x74, 0x02, 0xE1,
	0xA6, 0x79, 0x0C, 0xFB, 0x22, 0x15, 0x83, 0x26, 0x09, 0xE1, 0xD4, 0xCF,
	0x16, 0xA5, 0x04, 0x39, 0xD1, 0x38, 0x9A, 0xAA, 0x05, 0x27, 0xF1, 0x80,
	0x2C, 0xD8, 0x88, 0x29, 0x28, 0x4A, 0x25, 0xDE, 0xF9, 0x9A, 0x64, 0xAA,
	0xB8, 0xE6, 0x2A, 0x29, 0x62, 0x44, 0xFA, 0x69, 0x17, 0xB7, 0x50, 0x42,
	0x2E, 0x4B, 0xBB, 0x7C, 0x20, 0x48, 0x41, 0x49, 0xFF, 0xF8, 0xDF, 0x0B,
	0x6B, 0x4F, 0x00, 0x81, 0x61, 0x44, 0xFD, 0xC2, 0x54, 0x52, 0x20, 0x8C,
	0x79, 0x12, 0xDD, 0x37, 0x71, 0x24, 0xEC, 0x73, 0x73, 0xD2, 0xE2, 0x66,
	0x64, 0x13, 0xDE, 0x9F, 0x89, 0x83, 0xFA, 0x77, 0x1B, 0x93, 0x40, 0xCA,
	0xBF, 0x7A, 0x42, 0xF9, 0x2A, 0xDA, 0x1C, 0x5F, 0x32, 0xD7, 0x0C, 0xC3,
	0xB7, 0x8E, 0x4A, 0x52, 0x69, 0x02, 0xAE, 0xA5, 0xCC, 0xD4, 0x68, 0x29,
	0x26, 0x17, 0x49, 0xE4, 0x28, 0xB9, 0x4B, 0x1A, 0xFA, 0x8B, 0x9F, 0x3B,
	0x03, 0xE0, 0xF9, 0x20, 0x5E, 0xDE, 0xDC, 0x37, 0x5D, 0xE3, 0x5B, 0x09,
	0x42, 0x47, 0x13, 0x4B, 0x7D, 0x3A, 0x20, 0x99, 0x4A, 0xDB, 0x97, 0x0C,
	0x72, 0x78, 0xD0, 0xAD, 0xCF, 0xF6, 0xEB, 0x6D, 0x8F, 0x18, 0xA9, 0x31,
	0x98, 0xBF, 0x85, 0xCB, 0xF3, 0x1A, 0x94, 0xF1, 0x74, 0x88, 0xA3, 0x99,
	0x05, 0x56, 0xED, 0x21, 0xF6, 0x18, 0x39, 0x43, 0xD3, 0x7A, 0x15, 0xD4,
	0xA8, 0x5C, 0x93, 0xD8, 0x1B, 0x6E, 0x02, 0x25, 0xE4, 0xF6, 0x73, 0x9B,
	0x7D, 0x14, 0xAA, 0xF9, 0x15, 0x6C, 0x9A, 0xE1, 0xDC, 0xC0, 0x51, 0xF3,
	0x37, 0xD9, 0xA9, 0xA8, 0xEF, 0xE9, 0xB6, 0xC5, 0xB3, 0x53, 0xA5, 0x6B,
	0xF7, 0x8F, 0xDE, 0x60, 0x6D, 0xA8, 0x82, 0x07, 0xBD, 0xE9, 0xB6, 0x79,
	0xC0, 0xC9, 0x53, 0xE5, 0x2F, 0x43, 0x6B, 0x10, 0x85, 0x6A, 0xC1, 0x3E,
	0xCE, 0x8E, 0x05, 0x7B, 0x1A, 0x26, 0x64, 0x50, 0x2B, 0xF2, 0xE7, 0x57,
	0x00, 0x0A, 0x34, 0x85, 0x23, 0xAC, 0x8F, 0x89, 0x82, 0x50, 0x29, 0x06,
	0x84, 0xC3, 0x7C, 0xBF, 0x04, 0xDE, 0x32, 0xD5, 0xEE, 0xA5, 0xCE, 0x02,
	0xC5, 0xF6, 0x7C, 0x58, 0x9D, 0xE7, 0x5A, 0xFA, 0x9C, 0x65, 0x6D, 0x4F,
	0x5B, 0xD3, 0x4A, 0xED, 0xF9, 0x84, 0x8A, 0x49, 0x26, 0x4F, 0x1A, 0xD7,
	0xCD, 0xD1, 0xCB, 0x1E, 0x08, 0x9F, 0xDF, 0x50, 0x68, 0xE6, 0x8B, 0x9E,
	0x0A, 0x61, 0x5E, 0xE7, 0x01, 0xFB, 0xA6, 0xAD, 0x67, 0x9D, 0x71, 0x7F,
	0x3B, 0x37, 0x84, 0x20, 0x0F, 0x54, 0xC0, 0x44, 0x57, 0x63, 0xE2, 0x25,
	0x09, 0xB7, 0xF8, 0x17, 0x4E, 0x19, 0xDD, 0xA4, 0x27, 0x03, 0x09, 0x1C,
	0xFE, 0x9A, 0x86, 0x24, 0x0B, 0xBD, 0x7B, 0xDC, 0xDC, 0x9F, 0x68, 0xD7,
	0xC4, 0x7E, 0x89, 0xC5, 0xBE, 0x19, 0xE4, 0xBA, 0x0D, 0xD1, 0x0A, 0x4D,
	0xF9, 0xC0, 0x5C, 0x59, 0x9D, 0x46, 0xCA, 0xC9, 0xCC, 0x27, 0x34, 0x3A,
	0x0F, 0x44, 0x83, 0x8E, 0xC0, 0x83, 0x02, 0x3D, 0x36, 0xB4, 0xC7, 0x97,
	0x4D, 0xBE, 0x42, 0xA1, 0x72, 0x7A, 0x93, 0x24, 0x6D, 0xE4, 0xFF, 0x78,
	0xE8, 0x20, 0x81, 0x55, 0xDD, 0xFE, 0x87, 0xEA, 0x83, 0x0D, 0xC3, 0x9E,
	0x19, 0xE6, 0xC6, 0x5D, 0xFF, 0x7C, 0xC3, 0x48, 0xDC, 0x17, 0x99, 0x55,
	0x82, 0xE0, 0xBA, 0xEF, 0x2C, 0x9C, 0x05, 0xE8, 0xD0, 0x34, 0x59, 0xDF,
	0xD5, 0xBC, 0xB1, 0xCA, 0x18, 0x4A, 0x0E, 0x52, 0x60, 0x2E, 0x3A, 0x92,
	0x22, 0x7E, 0xB3, 0x49, 0x56, 0xCA, 0x9A, 0x8B, 0xAB, 0x55, 0x58, 0x29,
	0x6F, 0x5C, 0xE8, 0xE2, 0xB5, 0xA1, 0x7B, 0xDD, 0x97, 0x10, 0x77, 0xC7,
	0xE1, 0x30, 0xBF, 0xFF, 0x92, 0xB4, 0xE1, 0x86, 0x0D, 0xB3, 0x38, 0x75,
	0x5B, 0xCA, 0xCF, 0x2F, 0xC8, 0xF1, 0x1C, 0x41, 0xF2, 0xE5, 0xD9, 0xBB,
	0x06, 0x53, 0xE4, 0x35, 0xD6, 0x43, 0xDE, 0xC0, 0x67, 0x11, 0xAF, 0x0E,
	0x06, 0xF2, 0x56, 0xC6, 0xCD, 0x48, 0xBC, 0x1B, 0x5C, 0x46, 0x01, 0xDB,
	0x87, 0xC3, 0x91, 0x47, 0x61, 0x39, 0xB3, 0x6E, 0xEB, 0xAE, 0xED, 0xF4,
	0x79, 0x46, 0x89, 0x3A, 0x7B, 0xFF, 0x00, 0x25, 0xAB, 0xDD, 0x14, 0x3A,
	0xF8, 0x1B, 0x01, 0xA4, 0x24, 0x0B, 0xF2, 0x13, 0x9B, 0xE1, 0x4E, 0x07,
	0xB8, 0xFD, 0x98, 0xD9, 0xC0, 0xAD, 0x06, 0x78, 0xCB, 0x34, 0xAF, 0x0F,
	0xD0, 0x74, 0x76, 0x1D, 0xD4, 0x6C, 0xE6, 0x59, 0x3A, 0xC8, 0x5F, 0x66,
	0x90, 0x3E, 0x75, 0xCF, 0x6D, 0x9F, 0x45, 0xB9, 0x32, 0xB6, 0x53, 0x50,
	0x33, 0x30, 0x0E, 0xD3, 0x04, 0x69, 0x02, 0x5B, 0x87, 0xB2, 0x99, 0x60,
	0x14, 0x48, 0x7A, 0x89, 0x52, 0x0E, 0x3C, 0x99, 0x33, 0xFC, 0x70, 0xC3,
	0x85, 0x53, 0x05, 0x6F, 0x7B, 0x33, 0x38, 0x1A, 0xDF, 0x4E, 0x41, 0x08,
	0x2B, 0xC9, 0x46, 0x2D, 0xD3, 0xC1, 0x83, 0x6C, 0xCA, 0x18, 0xDF, 0x72,
	0x78, 0x75, 0xDE, 0xA8, 0x0D, 0x0F, 0xAE, 0x77, 0x42, 0x22, 0xE4, 0x2D,
	0xF8, 0x33, 0x11, 0x9F, 0xEC, 0x39, 0xD1, 0x47, 0x98, 0xFB, 0x53, 0xD6,
	0x1C, 0x8A, 0xEB, 0xCE, 0x1F, 0x79, 0xF5, 0x3B, 0xC0, 0x4C, 0x16, 0xA1,
	0xA3, 0x2B, 0x33, 0x60, 0xEE, 0x05, 0xAD, 0x7B, 0x85, 0x87, 0x1A, 0x35,
	0x8B, 0x98, 0xB8, 0x31, 0xB3, 0x99, 0x9C, 0x97, 0xAB, 0xA0, 0x10, 0xC1,
	0xEE, 0x92, 0x8D, 0x1C, 0x53, 0x2B, 0x0F, 0x58, 0x7F, 0xF3, 0xC1, 0xF7,
	0xCC, 0x8F, 0x15, 0xB0, 0xFF, 0xD5, 0xB4, 0xCD, 0x32, 0x89, 0xD1, 0x17,
	0xB8, 0x40, 0x21, 0x8E, 0x39, 0x73, 0x04, 0xA1, 0xA2, 0x57, 0x99, 0xB1,
	0x7D, 0xF2, 0x6F, 0x6A, 0x9A, 0x12, 0x3D, 0x11, 0x42, 0x96, 0x38, 0x41,
	0xCA, 0x26, 0x3D, 0x4E, 0xBF, 0x60, 0xFB, 0x75, 0x5B, 0x2F, 0x27, 0xFA,
	0x5A, 0xAE, 0x9D, 0x3A, 0xEC, 0xFF, 0x8C, 0x09, 0xC3, 0xEB, 0xBD, 0x8A,
	0x15, 0xAC, 0x9E, 0x5E, 0x59, 0xA8, 0x57, 0xF7, 0x2F, 0xF6, 0x28, 0x1D,
	0x2D, 0xF3, 0x16, 0xA3, 0x35, 0x56, 0xE9, 0x45, 0x22, 0x70, 0x82, 0xE8,
	0x59, 0x26, 0x3F, 0x62, 0x98, 0xED, 0xA7, 0x51, 0x50, 0x85, 0x24, 0x22,
	0x33, 0x42, 0x45, 0x15, 0x9B, 0x2D, 0xFF, 0x2B, 0x7A, 0x8D, 0x56, 0xC3,
	0xFE, 0x6F, 0x50, 0xB9, 0x39, 0x5C, 0x60, 0x7F, 0xD5, 0x3B, 0xBF, 0x28,
	0x3E, 0x9E, 0x13, 0x6C, 0xC4, 0x36, 0x21, 0xFD, 0x29, 0xCB, 0xF0, 0xC2,
	0x17, 0x8F, 0xC1, 0x74, 0xD3, 0x5D, 0x69, 0xA5, 0x25, 0xB4, 0xCF, 0x1A,
	0xED, 0xCA, 0x04, 0xAA, 0xFD, 0xB6, 0x44, 0xD3, 0x80, 0x8A, 0x61, 0xEE,
	0xA0, 0x48, 0x2B, 0xCB, 0x76, 0xBC, 0x86, 0x05, 0xEE, 0x3B, 0x7D, 0x7A,
	0x3A, 0x64, 0x93, 0xCE, 0xEC, 0x8D, 0x40, 0x9E, 0x27, 0xA2, 0xAA, 0xE2,
	0x23, 0x11, 0x0C, 0x65, 0x8E, 0xFF, 0x44, 0x34, 0x80, 0xB1, 0x0E, 0x16,
	0x68, 0x70, 0x7C, 0x86, 0xD5, 0x1F, 0xA3, 0xD4, 0x91, 0xC3, 0xE1, 0x76,
	0x25, 0x7D, 0x13, 0xD7, 0x31, 0x12, 0xDE, 0x62, 0x9D, 0x66, 0x9A, 0xFD,
	0xA3, 0x70, 0x77, 0xFF, 0x15, 0xF0, 0x8C, 0x30, 0x35, 0x25, 0x01, 0x73,
	0xB0, 0x15, 0xC0, 0x20, 0xFD, 0x88, 0x95, 0x4A, 0x38, 0xD8, 0x0C, 0xBE,
	0xAF, 0xB9, 0x91, 0xFE, 0x93, 0xDF, 0x09, 0xAB, 0xBC, 0x58, 0xB9, 0x65,
	0x79, 0x49, 0x81, 0xD6, 0xA8, 0xD4, 0x92, 0xE2, 0xE9, 0x9A, 0x37, 0xB6,
	0xD0, 0x28, 0xDB, 0x6C, 0xC9, 0xF9, 0xE8, 0x88, 0x0C, 0x02, 0xC8, 0xEA,
	0xD1, 0x1B, 0x4A, 0xFE, 0x55, 0x90, 0x97, 0xA2, 0x4C, 0x6F, 0xD9, 0x6A,
	0x54, 0x48, 0xEB, 0xA0, 0xCB, 0xEC, 0x8A, 0x68, 0xB6, 0x82, 0xF4, 0x64,
	0xF1, 0x76, 0x38, 0x72, 0x02, 0xCC, 0xF0, 0x84, 0x87, 0x10, 0xA3, 0x81,
	0x99, 0x76, 0x5B, 0xB8, 0xC4, 0xAB, 0x17, 0xA5, 0xDE, 0x67, 0xBD, 0xE0,
	0x63, 0x95, 0x79, 0xEE, 0x64, 0x51, 0x8A, 0x8D, 0x5F, 0x58, 0x0A, 0xB3,
	0xC7, 0xCC, 0xCA, 0xF9, 0x3F, 0x3B, 0xE4, 0x30, 0x16, 0x47, 0xDE, 0x55,
	0x13, 0xA1, 0x92, 0x80, 0xE9, 0xCF, 0xB6, 0xB4, 0xA6, 0x43, 0x20, 0xC2,
	0x5B, 0x6D, 0x7F, 0x9A, 0xBD, 0x26, 0x65, 0xFB, 0x6C, 0x80, 0x86, 0x7E,
	0xF7, 0xB3, 0x5A, 0x76, 0x74, 0xBB, 0xCC, 0x7C, 0xB9, 0x31, 0xF6, 0x2C,
	0xE8, 0x3E, 0x0D, 0xFA, 0x5A, 0x8B, 0xB9, 0xC1, 0x39, 0xAF, 0x0F, 0x91,
	0xD1, 0x34, 0x4B, 0x8F, 0xDA, 0x45, 0x50, 0x56, 0xF6, 0x4F, 0x0A, 0x3A,
	0xED, 0x59, 0x5B, 0x0F, 0x38, 0x56, 0x3E, 0x37, 0xD7, 0xC1, 0xA7, 0x4A,
	0x06, 0x5E, 0x40, 0xFB, 0x2A, 0x3A, 0xDE, 0x15, 0xAF, 0x17, 0xB1, 0x24,
	0xD4, 0x89, 0xC1, 0xA4, 0x9C, 0xAD, 0x2F, 0x40, 0xE5, 0x34, 0x47, 0xBA,
	0x2E, 0x6C, 0x6B, 0x5A, 0xE3, 0x78, 0xFD, 0x24, 0x10, 0x80, 0xA9, 0x0F,
	0x72, 0x27, 0x02, 0xA2, 0xD9, 0x85, 0x9F, 0x7A, 0xA8, 0x50, 0x3A, 0x77,
	0x6C, 0xEB, 0x25, 0x43, 0xAC, 0x1D, 0xE3, 0xF0, 0x23, 0xEE, 0xC2, 0x7C,
	0x36, 0xAF, 0xB1, 0x76, 0xEA, 0xB4, 0x59, 0x75, 0x2B, 0xC3, 0x2D, 0x7C,
	0x7F, 0x86, 0x25, 0xB9, 0x79, 0x50, 0x84, 0xC1, 0x42, 0x90, 0xAA, 0xDF,
	0x19, 0x7D, 0xC7, 0x04, 0x78, 0x8C, 0xAD, 0x9F, 0x5D, 0xFE, 0x40, 0x8F,
	0x66, 0xE8, 0x9B, 0x83, 0xE9, 0x77, 0xDD, 0x48, 0xE1, 0xD3, 0x9F, 0xDE,
	0x09, 0xAA, 0x5F, 0xE3, 0x45, 0x13, 0x35, 0x87, 0xEE, 0xF6, 0xB6, 0x9B,
	0x84, 0xF5, 0x46, 0xE4, 0x51, 0xFB, 0x42, 0xB0, 0x2B, 0xCB, 0x28, 0x11,
	0x2A, 0x50, 0x83, 0x6A, 0x05, 0x00, 0xCE, 0xA5, 0x5E, 0x3F, 0xCD, 0x8B,
	0x7E, 0x57, 0xAF, 0x1A, 0x47, 0x7C, 0xCD, 0x10, 0x4D, 0xB1, 0x49, 0x9A,
	0x02, 0xC3, 0x4E, 0xC5, 0x7B, 0x3E, 0x5A, 0xBF, 0xEC, 0x55, 0x97, 0xF5,
	0x29, 0x4F, 0x79, 0x8F, 0x05, 0x82, 0x7D, 0xD9, 0xBD, 0x58, 0x30, 0x62,
	0xBC, 0xA3, 0x43, 0x34, 0x72, 0xEA, 0x5C, 0xC3, 0x95, 0xCF, 0x8E, 0x4F,
	0x4F, 0xA2, 0xD0, 0x0D, 0x73, 0x37, 0xC2, 0x48, 0xE5, 0xFB, 0x96, 0xD9,
	0x33, 0x54, 0x93, 0x85, 0x1B, 0x17, 0x80, 0xE2, 0x51, 0xE9, 0xB4, 0x3F,
	0xF7, 0xB1, 0x3C, 0x64, 0x40, 0x7F, 0x6C, 0xBA, 0xE7, 0x36, 0xA3, 0x76,
	0x20, 0xF3, 0xCA, 0xC6, 0xD4, 0x01, 0xB9, 0x00, 0x60, 0xDC, 0xD6, 0x24,
	0xFE, 0x3F, 0x74, 0x5E, 0xFC, 0x35, 0xB5, 0x8A, 0x86, 0x0C, 0x4E, 0x8F,
	0xA9, 0x46, 0xF0, 0x0D, 0xAE, 0x50, 0xEB, 0xD2, 0x78, 0x20, 0xD8, 0xCE,
	0x7E, 0x8E, 0xE6, 0x85, 0x21, 0xF5, 0x69, 0x2A, 0x56, 0xE1, 0xAD, 0x49,
	0x93, 0x6E, 0xA5, 0x64, 0xFD, 0x32, 0xA1, 0x28, 0x1B, 0x44, 0xD4, 0xFF,
	0x44, 0xAD, 0x38, 0x2D, 0xE8, 0xF3, 0x32, 0x68, 0x71, 0x30, 0xC3, 0x49,
	0x7E, 0x79, 0xBC, 0xD3, 0x2B, 0x1A, 0xF3, 0x3B, 0x16, 0x9A, 0xC8, 0x3D,
	0xD0, 0x65, 0x62, 0xCD, 0x55, 0x66, 0x71, 0x98, 0x24, 0xCA, 0x3D, 0x4B,
	0x17, 0x9E, 0x5C, 0x23, 0x53, 0x15, 0xC8, 0x2B, 0xE6, 0x03, 0x35, 0x54,
	0x0A, 0x99, 0x38, 0x08, 0x7A, 0x5F, 0xF9, 0xCA, 0x3F, 0x13, 0x92, 0xE5,
	0x90, 0x50, 0xB8, 0x35, 0xA6, 0x35, 0x03, 0x13, 0x05, 0xF0, 0x90, 0xAA,
	0x95, 0x8D, 0x8A, 0x87, 0x86, 0xA0, 0x4B, 0x27, 0x2F, 0x3A, 0x8C, 0xC9,
	0x1A, 0xC4, 0x7A, 0x21, 0xCB, 0x1C, 0xD6, 0x37, 0xA4, 0xE2, 0xC0, 0x17,
	0x18, 0x70, 0x5E, 0x8E, 0xA3, 0xFD, 0x8A, 0xEA, 0x0A, 0x28, 0x9E, 0xC9,
	0x14, 0xB1, 0x7B, 0xC4, 0x14, 0x19, 0x2C, 0x27, 0x9B, 0x50, 0x5C, 0xD8,
	0x00, 0xCE, 0x31, 0x82, 0x91, 0x68, 0xCF, 0x7C, 0xDF, 0xAA, 0x03, 0xF0,
	0x84, 0x44, 0x22, 0xAC, 0x19, 0x8D, 0xCE, 0xC4, 0x27, 0x93, 0x9A, 0x07,
	0x34, 0xD9, 0x09, 0xB6, 0x4E, 0x66, 0x22, 0xC2, 0x9B, 0x79, 0xA6, 0x8F,
	0xB7, 0x10, 0xDD, 0x77, 0xDB, 0x4E, 0x68, 0x50, 0xA1, 0x3B, 0xE1, 0xC3,
	0x22, 0x59, 0x7B, 0x06, 0x20, 0x29, 0x80, 0x0D, 0xAE, 0x94, 0x31, 0xC3,
	0x52, 0x74, 0x44, 0x2D, 0x1E, 0x34, 0xFE, 0x8F, 0xB7, 0x24, 0xE6, 0xBA,
	0x57, 0xCC, 0x5E, 0xCB, 0x2E, 0x3E, 0x44, 0xA5, 0xF1, 0xE6, 0xBE, 0xC9,
	0x31, 0xB0, 0x2A, 0xC0, 0x1F, 0xB1, 0x5C, 0x1E, 0xF8, 0x5E, 0x02, 0x53,
	0xE7, 0xD0, 0xC6, 0x95, 0x00, 0xA0, 0xBB, 0xC8, 0x05, 0xB1, 0x95, 0xA4,
	0x47, 0xEB, 0xFF, 0x7D, 0x35, 0xC2, 0x57, 0x99, 0x23, 0x61, 0x6D, 0x56,
	0x5B, 0x9F, 0x49, 0xBF, 0xBB, 0x9B, 0x27, 0x1D, 0xB6, 0x4C, 0x38, 0x56,
	0x81, 0x68, 0xB8, 0x6B, 0x4A, 0x7C, 0xBA, 0xAC, 0x4C, 0xFE, 0x83, 0x6E,
	0xF9, 0x54, 0x45, 0xC4, 0x21, 0x19, 0xF5, 0xF6, 0x04, 0x55, 0x90, 0xFA,
	0x97, 0xCF, 0x3A, 0xF5, 0xD8, 0xAC, 0xBF, 0xFC, 0x74, 0x4D, 0xC9, 0xB3,
	0xCA, 0xA2, 0x1A, 0xBE, 0xCF, 0x18, 0xA6, 0xF2, 0xBB, 0x58, 0x20, 0x1C,
	0x7A, 0x9B, 0xE2, 0x43, 0xF6, 0x46, 0x91, 0x53, 0x2D, 0x97, 0x2F, 0x7A,
	0x0E, 0x50, 0x32, 0xFC, 0xC6, 0x94, 0x21, 0xD4, 0x40, 0xA2, 0x06, 0x21,
	0x98, 0x19, 0xB5, 0xD3, 0xDF, 0x50, 0x3C, 0x7A, 0xFA, 0x91, 0xB6, 0xF9,
	0xC4, 0xC5, 0x4D, 0x82, 0x1E, 0xC7, 0xB6, 0x89, 0xA1, 0x6E, 0x16, 0x86,
	0x39, 0x55, 0x5B, 0x48, 0x94, 0xBB, 0x70, 0x96, 0x09, 0xE6, 0x74, 0x41,
	0x40, 0xB3, 0x73, 0x23, 0x76, 0x3E, 0x5B, 0xAE, 0x10, 0xD5, 0x7B, 0x8B,
	0x97, 0xBE, 0x6D, 0x4A, 0x04, 0x58, 0x2A, 0xDC, 0x81, 0xD2, 0xD3, 0xB8,
	0x3E, 0x21, 0x49, 0x4A, 0x9F, 0x07, 0x73, 0x02, 0xED, 0x58, 0x8B, 0x65,
	0x3A, 0x35, 0x82, 0x2E, 0x76, 0x68, 0x11, 0x1E, 0xC6, 0x99, 0x66, 0x5B,
	0x15, 0x47, 0x98, 0x91, 0xBF, 0xC3, 0x85, 0x07, 0x73, 0x84, 0x2D, 0x89,
	0xD8, 0x68, 0xA9, 0x52, 0xE7, 0x32, 0x39, 0x0E, 0x54, 0x72, 0xB9, 0x11,
	0x85, 0x0B, 0x98, 0xD2, 0xA8, 0x35, 0x2B, 0xCE, 0xE1, 0x00, 0xA0, 0xFA,
	0x41, 0x7D, 0x68, 0xF1, 0xD9, 0x49, 0x8A, 0x3F, 0xC9, 0x14, 0x2C, 0x01,
	0x64, 0x70, 0x84, 0xEC, 0x8B, 0x93, 0xEF, 0x24, 0x75, 0x35, 0xBA, 0xED,
	0x0D, 0x46, 0x19, 0x4E, 0x3D, 0xB1, 0x2A, 0xB8, 0x8C, 0x96, 0xDC, 0x9E,
	0xCB, 0x26, 0x7B, 0x06, 0xD2, 0xEB, 0x6F, 0xB9, 0xB5, 0xE5, 0xD6, 0xF0,
	0xC8, 0x0E, 0x1B, 0xBF, 0xE2, 0x0D, 0x21, 0x65, 0xD1, 0x89, 0xD8, 0xC7,
	0x55, 0x08, 0x04, 0xD7, 0x67, 0x94, 0xB9, 0x97, 0x6A, 0x50, 0x3D, 0x4C,
	0x42, 0x2E, 0x76, 0x60, 0xF1, 0x80, 0xA9, 0x6C, 0x51, 0x15, 0xC7, 0xE3,
	0x82, 0x96, 0x88, 0xED, 0x57, 0x4D, 0x47, 0x62, 0xB4, 0x26, 0x4A, 0xAF,
	0x49, 0x86, 0xC4, 0x34, 0x2B, 0x66, 0xE7, 0x6D, 0x41, 0x9E, 0x4B, 0x0B,
	0x94, 0x36, 0x0D, 0xDD, 0x00, 0xA9, 0x48, 0x09, 0x76, 0x7B, 0xA1, 0x1F,
	0x80, 0xD2, 0x4D, 0x04, 0x58, 0x86, 0x62, 0x3E, 0x34, 0xB2, 0xC1, 0xCA,
	0x55, 0xF8, 0x97, 0x76, 0x21, 0x9A, 0x63, 0xA8, 0x2F, 0x7F, 0xBC, 0xAA,
	0x7D, 0xDB, 0x0D, 0xFC, 0x9E, 0x89, 0xB1, 0x8F, 0x82, 0xCD, 0x2A, 0xD0,
	0x33, 0xBB, 0x7C, 0xA3, 0x63, 0xF9, 0x42, 0x0F, 0xE1, 0x31, 0x9C, 0x15,
	0xEB, 0xD3, 0xE2, 0x37, 0x7D, 0x3B, 0x5D, 0xDF, 0x32, 0x79, 0xC8, 0xBE,
	0xFE, 0x80, 0x6D, 0x1C, 0x90, 0x5A, 0x8C, 0x39, 0x8A, 0x69, 0x3F, 0x4B,
	0xB2, 0xE7, 0x6B, 0xCD, 0x7F, 0x1E, 0xDA, 0xA3, 0xE7, 0xD0, 0x57, 0x21,
	0xE8, 0xC1, 0xA6, 0xF2, 0xB6, 0xAF, 0x2F, 0x3F, 0x4C, 0x55, 0x47, 0xE9,
	0x11, 0xAB, 0xAD, 0x3C, 0xCA, 0xD5, 0x69, 0x61, 0x40, 0xCD, 0xCE, 0xF6,
	0xE4, 0x86, 0x65, 0x49, 0x3A, 0xF5, 0x97, 0xD7, 0x38, 0x27, 0x85, 0x09,
	0x2A, 0x5B, 0x2F, 0xDD, 0x16, 0xD4, 0x61, 0x37, 0x7D, 0x57, 0x5C, 0x01,
	0xCD, 0x03, 0xC4, 0xA2, 0x76, 0x7A, 0x3D, 0x35, 0x6D, 0x39, 0x08, 0x54,
	0x61, 0xAB, 0x90, 0x59, 0xCD, 0x2E, 0x2C, 0x21, 0x57, 0x74, 0x86, 0x2B,
	0x1F, 0x3B, 0xF6, 0xEE, 0xBD, 0x9C, 0x60, 0x5B, 0x41, 0xF7, 0x3E, 0x53,
	0xE1, 0x95, 0xB9, 0x68, 0x4E, 0x7A, 0xDD, 0xFE, 0x2D, 0xA6, 0xD4, 0x90,
	0x0A, 0xC3, 0xB4, 0x5C, 0xDE, 0xBF, 0xB2, 0x52, 0xE9, 0xCD, 0x57, 0xAF,
	0xE5, 0xB2, 0xC2, 0x88, 0x40, 0x52, 0x8B, 0x64, 0x1D, 0x87, 0xF9, 0x16,
	0xF3, 0x47, 0x8E, 0x9A, 0xD4, 0x65, 0x4F, 0x09, 0x95, 0x31, 0xEE, 0x1F,
	0x8C, 0xCA, 0x2D, 0x00, 0x61, 0x53, 0xC0, 0x26, 0x42, 0x65, 0x60, 0x6C,
	0x5F, 0x50, 0x3F, 0x48, 0x6F, 0x2A, 0x8A, 0xA2, 0x0C, 0x7A, 0xDF, 0x86,
	0x26, 0x94, 0x18, 0x50, 0x31, 0x2D, 0x35, 0x30, 0x6B, 0xDB, 0xA7, 0x6A,
	0x17, 0xDE, 0xDB, 0xA2, 0x41, 0xB9, 0xE5, 0x0A, 0x81, 0xBC, 0x52, 0xCF,
	0x09, 0x44, 0x9E, 0x73, 0xA9, 0xD0, 0x81, 0x7B, 0x16, 0x7D, 0x0B, 0xFF,
	0x96, 0x2A, 0x30, 0x89, 0x5A, 0xDE, 0x85, 0xEE, 0x85, 0x58, 0x69, 0xAE,
	0x56, 0x20, 0xAF, 0xA1, 0x6C, 0x68, 0x3A, 0x57, 0xAB, 0xAC, 0x5B, 0xDA,
	0x53, 0x6D, 0x14, 0x6B, 0x78, 0xE2, 0xCA, 0x23, 0x40, 0xDF, 0x7A, 0x31,
	0xD7, 0xD2, 0x47, 0x41, 0x9C, 0xBE, 0x68, 0xA0, 0xC2, 0xA6, 0xBD, 0x16,
	0x02, 0x75, 0x20, 0x36, 0xB0, 0x3E, 0xEB, 0x1C, 0x56, 0xAF, 0x12, 0xF1,
	0x43, 0x50, 0x10, 0xA6, 0x3C, 0xC9, 0x6F, 0x13, 0x79, 0x15, 0xAE, 0xB3,
	0x88, 0xB1, 0xD7, 0x84, 0x83, 0xCB, 0xA1, 0xBF, 0xD8, 0x0E, 0x30, 0x7B,
	0x26, 0xB5, 0x8F, 0x2E, 0x3B, 0x88, 0x71, 0x15, 0x1A, 0x8B, 0xD1, 0xA2,
	0xCC, 0xDA, 0x18, 0x4B, 0xA6, 0x9A, 0x04, 0x67, 0xE3, 0x67, 0xE1, 0x73,
	0x7E, 0xA5, 0x58, 0xC2, 0x83, 0x95, 0x51, 0x03, 0x5C, 0x85, 0x59, 0xBC,
	0x32, 0xD3, 0xDF, 0xAA, 0x59, 0x00, 0x5E, 0x70, 0x1A, 0x51, 0x5D, 0xA2,
	0xA1, 0xC0, 0x77, 0xA8, 0xBF, 0x7C, 0x2A, 0x79, 0xF8, 0xFA, 0xDD, 0xF4,
	0x7B, 0x93, 0x43, 0xB1, 0xA2, 0x82, 0x68, 0x5D, 0xD3, 0x56, 0xE0, 0xEC,
	0x0E, 0xA3, 0x1D, 0x26, 0xF5, 0xB4, 0xC4, 0xF6, 0xD1, 0x1A, 0xDC, 0xA2,
	0x30, 0x4B, 0x00, 0xC3, 0xFE, 0x9D, 0x6B, 0x4C, 0xD9, 0x53, 0x39, 0x68,
	0x09, 0x1C, 0x50, 0x19, 0x7F, 0x11, 0x16, 0x4A, 0x3A, 0x49, 0x33, 0x88,
	0x38, 0xF1, 0x35, 0xBA, 0x20, 0xF3, 0x1C, 0xE9, 0xD0, 0xF1, 0x9F, 0x9D,
	0x9A, 0x94, 0x3B, 0xF5, 0x8D, 0x1A, 0xA2, 0x19, 0x4E, 0xC6, 0x65, 0xD7,
	0x3E, 0xA0, 0x56, 0xD2, 0xE7, 0xD8, 0x1D, 0xC5, 0x93, 0x09, 0x64, 0x75,
	0xA1, 0xF3, 0x7D, 0x01, 0x77, 0xA7, 0xEF, 0xDF, 0xC3, 0x53, 0x1C, 0x05,
	0x33, 0xE8, 0xAD, 0xB5, 0x96, 0x3E, 0x4D, 0xB8, 0x90, 0x8E, 0x1A, 0xAC,
	0x85, 0xEC, 0xC7, 0xCD, 0x7E, 0x73, 0x41, 0x43, 0xD7, 0x82, 0xE1, 0xA3,
	0xE3, 0x62, 0xEE, 0x1D, 0x9B, 0xF1, 0xE6, 0x59, 0x0D, 0x04, 0x06, 0x73,
	0x58, 0x46, 0x7F, 0xB0, 0x0A, 0x33, 0xCB, 0xF6, 0x3D, 0xEC, 0x92, 0x65,
	0x07, 0xD8, 0xD7, 0x10, 0xDB, 0x73, 0x77, 0x38, 0x84, 0x2F, 0x6D, 0xA3,
	0xAA, 0x86, 0x9E, 0x14, 0x0A, 0x12, 0x01, 0xD0, 0x42, 0x1C, 0xCC, 0x97,
	0x48, 0x30, 0xB5, 0x46, 0xD2, 0x67, 0xEF, 0x7F, 0x69, 0xC8, 0x43, 0xD0,
	0x8C, 0xAC, 0x25, 0x72, 0xEE, 0x90, 0xD0, 0x6B, 0xE2, 0x7B, 0x1A, 0x97,
	0x72, 0x8A, 0x8C, 0x18, 0x0A, 0xDF, 0xB8, 0xB4, 0xBE, 0x7A, 0xF9, 0xDC,
	0xBD, 0xF7, 0x60, 0xD6, 0xF8, 0x53, 0xCA, 0xF1, 0x0C, 0x32, 0x7E, 0x61,
	0x03, 0x9D, 0x1E, 0x9B, 0xDB, 0x0A, 0xAF, 0x11, 0xB5, 0xA8, 0x91, 0x5D,
	0xA0, 0x1B, 0xB3, 0xA6, 0xDA, 0x73, 0x68, 0x5D, 0xC7, 0x4D, 0x1B, 0x7E,
	0x96, 0x2B, 0x41, 0xB7, 0xDB, 0x21, 0x84, 0xC1, 0xCA, 0xD6, 0x9B, 0x75,
	0x76, 0x0A, 0xE5, 0x47, 0x6C, 0x09, 0x40, 0xB4, 0xB9, 0x9F, 0xB0, 0xED,
	0xE2, 0x05, 0x45, 0xA6, 0x51, 0xEF, 0x40, 0x82, 0x03, 0x13, 0xEE, 0xFA,
	0x38, 0xA0, 0x75, 0xC3, 0x79, 0xD8, 0x59, 0x95, 0x87, 0x30, 0x6B, 0x6C,
	0x58, 0xE0, 0x98, 0xC6, 0x56, 0xEB, 0xB8, 0xB1, 0x4D, 0x09, 0x9A, 0xA9,
	0x48, 0x7B, 0x57, 0x43, 0x7C, 0x79, 0x5B, 0xF7, 0xDC, 0x38, 0x29, 0x4E,
	0x8E, 0x70, 0x8A, 0x0A, 0xB2, 0xC6, 0x52, 0xFC, 0xCD, 0x35, 0xF5, 0x9C,
	0x46, 0x6A, 0x0D, 0xEC, 0xEA, 0x64, 0xDD, 0xA6, 0x80, 0xBD, 0xB2, 0xDA,
	0x5F, 0x49, 0xC0, 0x6B, 0x62, 0x30, 0x24, 0xC3, 0x96, 0x8B, 0xAF, 0x1E,
	0x6D, 0x4B, 0x03, 0x97, 0x88, 0xD5, 0x91, 0x4A, 0xC8, 0x68, 0x9D, 0xB5,
	0xEC, 0x8A, 0xE8, 0x80, 0x63, 0xAD, 0x34, 0x16, 0xEE, 0xE5, 0x37, 0xE3,
	0x17, 0xCB, 0xE2, 0xE1, 0x02, 0x3F, 0x70, 0xB8, 0x81, 0x53, 0x32, 0x41,
	0xD9, 0xCE, 0x28, 0x3C, 0xBA, 0xC4, 0x67, 0x52, 0x73, 0xA9, 0x16, 0x18,
	0x85, 0xDE, 0x69, 0x33, 0xD9, 0xA4, 0x1A, 0x52, 0x76, 0xAA, 0x49, 0x11,
	0x57, 0x25, 0x08, 0xC1, 0x4E, 0xF8, 0x35, 0x96, 0x02, 0x4C, 0x3E, 0x8B,
	0x95, 0x59, 0x45, 0xB7, 0x6B, 0x14, 0x18, 0x53, 0x38, 0xA2, 0x72, 0x49,
	0x7D, 0x82, 0xA4, 0x8E, 0x06, 0x15, 0xA0, 0x0E, 0x76, 0x0C, 0xD0, 0xEC,
	0xFA, 0xC5, 0x5D, 0x87, 0x2F, 0xE2, 0x16, 0x7D, 0xB0, 0x67, 0xC3, 0x35,
	0xEB, 0x22, 0xF1, 0xF0, 0xB8, 0x44, 0xA1, 0xFC, 0x3F, 0xFD, 0x54, 0x70,
	0x5E, 0x6E, 0xCE, 0x9E, 0x00, 0xBD, 0x4E, 0xA5, 0x15, 0x28, 0x98, 0x7B,
	0x77, 0x65, 0x7D, 0xC8, 0xF6, 0xB8, 0x58, 0x3C, 0x13, 0x5A, 0x1B, 0xAE,
	0x0A, 0x66, 0xB2, 0x6F, 0xE7, 0x5D, 0xD7, 0xBB, 0xA7, 0x63, 0xE9, 0x68,
	0xAE, 0xEF, 0xDD, 0x54, 0xC3, 0x77, 0xDA, 0xB3, 0xDE, 0xB8, 0xFE, 0xD4,
	0x5A, 0x3D, 0x9A, 0x03, 0x7F, 0xEA, 0x12, 0xAA, 0x41, 0x46, 0x74, 0xC1,
	0xA0, 0x82, 0xCB, 0xC6, 0xD0, 0x2C, 0x57, 0x0D, 0x2A, 0x23, 0x20, 0x69,
	0xCF, 0xA1, 0x96, 0x35, 0x2F, 0xBF, 0xD8, 0xCD, 0xC9, 0x84, 0xD2, 0xB7,
	0x7C, 0xFD, 0x97, 0xC1, 0x06, 0x14, 0x30, 0xCB, 0x6A, 0xA2, 0xCC, 0xC6,
	0x4D, 0xA6, 0xDD, 0xB4, 0xBB, 0x89, 0x5B, 0xAC, 0xC4, 0xBD, 0xE5, 0x80,
	0x03, 0x90, 0x82, 0xDB, 0x4D, 0x32, 0x24, 0xA1, 0xDA, 0x49, 0xE8, 0xCE,
	0xB0, 0x31, 0x96, 0x51, 0xF3, 0xE6, 0xB9, 0x73, 0x05, 0xF8, 0xDC, 0xF1,
	0x73, 0xE4, 0xE7, 0x10, 0x6B, 0xB2, 0x14, 0x54, 0x79, 0xD9, 0xF1, 0xFF,
	0x99, 0x88, 0x11, 0xF6, 0xBC, 0xF3, 0xB0, 0xB7, 0xD4, 0x83, 0x04, 0x65,
	0x0C, 0x06, 0xB3, 0x75, 0x89, 0x4B, 0xBE, 0xAB, 0xF6, 0x89, 0x73, 0xB5,
	0x8F, 0x07, 0x45, 0x00, 0xF7, 0x7C, 0x67, 0xF3, 0xB3, 0xB7, 0xD8, 0x94,
	0xB5, 0x85, 0x27, 0x24, 0x26, 0xFE, 0x69, 0x10, 0xD0, 0x0C, 0xB3, 0x2D,
	0x99, 0x4D, 0x8E, 0xA6, 0x14, 0xE6, 0x47, 0x68, 0xFA, 0xE3, 0x7B, 0x98,
	0x7F, 0xB4, 0xF9, 0x76, 0xF6, 0xDB, 0xB7, 0xE7, 0xE9, 0xD2, 0x4B, 0xFB,
	0x9D, 0x79, 0x4F, 0x84, 0x1A, 0xFC, 0xAC, 0x80, 0xF3, 0xC1, 0x7B, 0x99,
	0x1E, 0xBD, 0x4B, 0x5D, 0x69, 0x05, 0x0F, 0x0E, 0x10, 0x8B, 0x13, 0x85,
	0x78, 0x16, 0x5A, 0xA1, 0x6D, 0xD3, 0x7C, 0x1D, 0xE4, 0xA6, 0x28, 0x71,
	0x7D, 0x63, 0x93, 0x6C, 0xDA, 0x47, 0x03, 0xA9, 0xDB, 0x3D, 0x80, 0x31,
	0x2F, 0x69, 0x71, 0x26, 0x94, 0xE4, 0xEB, 0xF9, 0x4A, 0xDD, 0x99, 0x83,
	0x7C, 0xF5, 0x39, 0xA7, 0xF9, 0x41, 0x05, 0xC1, 0xD8, 0xB5, 0x42, 0x47,
	0xB4, 0xF6, 0xB3, 0xAB, 0x2D, 0x90, 0x8D, 0x26, 0x37, 0x4E, 0x9A, 0x97,
	0x06, 0x23, 0x53, 0xCD, 0x48, 0x7B, 0x66, 0x61, 0x4B, 0x19, 0xA7, 0xE2,
	0x51, 0xD0, 0x58, 0x8E, 0xA0, 0x0A, 0xEF, 0x33, 0x69, 0xC3, 0xC1, 0x50,
	0x29, 0x3D, 0xB4, 0xCB, 0x54, 0xE4, 0x62, 0x86, 0xC4, 0xA3, 0xC7, 0x07,
	0x4F, 0x25, 0xFD, 0x7B, 0x23, 0xC4, 0x4A, 0xF2, 0x57, 0xEE, 0xB3, 0x0A,
	0x6C, 0xB9, 0x76, 0xE7, 0x47, 0xEC, 0x4C, 0x37, 0x49, 0x51, 0xF8, 0x7E,
	0x8F, 0x56, 0x2A, 0x8A, 0x83, 0x40, 0x0C, 0xBE, 0xFE, 0x31, 0xF1, 0xE9,
	0x38, 0x55, 0x10, 0x77, 0x9A, 0xDF, 0xE2, 0x72, 0x1A, 0xB4, 0x2C, 0x8F,
	0xF0, 0xBE, 0xEE, 0x53, 0xB1, 0x72, 0x7B, 0xCF, 0x83, 0x2F, 0x3A, 0x5A,
	0xF0, 0x10, 0x2A, 0x0E, 0xF9, 0x9F, 0x3F, 0xFF, 0x3B, 0xAB, 0xAA, 0x34,
	0xE7, 0xD7, 0x9B, 0x21, 0xA3, 0x3C, 0x29, 0xA4, 0x1B, 0xB6, 0x42, 0xD1,
	0x3E, 0x11, 0x6B, 0xDA, 0xA9, 0x28, 0x7D, 0x67, 0x23, 0xEB, 0x3B, 0xD6,
	0xFD, 0xBD, 0xA0, 0x4F, 0x4D, 0x93, 0x89, 0xDA, 0x5F, 0x02, 0xCD, 0xE6,
	0xA6, 0x92, 0x83, 0xD3, 0x4F, 0x95, 0x31, 0x7D, 0x10, 0x3C, 0x39, 0x79,
	0x7B, 0xB5, 0xEA, 0xAD, 0x83, 0xFF, 0x5E, 0x77, 0x09, 0x6B, 0xA4, 0x4A,
	0x12, 0xA9, 0x19, 0x01, 0xE4, 0xA8, 0x59, 0x84, 0x3C, 0x6C, 0xC7, 0x3A,
	0x53, 0xBE, 0x9C, 0x42, 0x50, 0x48, 0x08, 0xEE, 0x35, 0xEC, 0xD5, 0x2B,
	0x4B, 0x27, 0xA9, 0x42, 0x9C, 0x9F, 0x21, 0xD2, 0xCC, 0xF6, 0x82, 0x2A,
	0x43, 0x1C, 0x5A, 0xBC, 0x11, 0xA8, 0xAC, 0x4B, 0xEB, 0xDB, 0xC9, 0x7D,
	0xB3, 0xE4, 0xA6, 0xD6, 0xB4, 0x85, 0x17, 0x36, 0xCF, 0x23, 0x68, 0x12,
	0x13, 0xC2, 0xCA, 0x34, 0x25, 0x49, 0xAE, 0xB7, 0x8C, 0x94, 0x41, 0x2B,
	0x6D, 0x71, 0x0B, 0x75, 0xE3, 0x62, 0xE4, 0xB1, 0x1A, 0x5F, 0x9A, 0xA3,
	0x52, 0x17, 0x31, 0x45, 0xB3, 0xBB, 0x1C, 0x16, 0xB4, 0x76, 0x04, 0xF4,
	0xEB, 0x2E, 0xAE, 0x05, 0xD7, 0x6A, 0x41, 0xDD, 0xDA, 0x7B, 0x97, 0x03,
	0x0C, 0x4B, 0x72, 0x86, 0x13, 0xF2, 0x34, 0x7A, 0x05, 0x5E, 0x2B, 0xA4,
	0x19, 0x18, 0x9F, 0x5C, 0xA0, 0xCD, 0x76, 0x65, 0x89, 0x29, 0xE6, 0xBA,
	0x1E, 0xE7, 0x45, 0x32, 0xE8, 0xE4, 0x79, 0x67, 0xF4, 0xC9, 0x3E, 0x35,
	0x5C, 0x26, 0x9A, 0xE4, 0x5A, 0x41, 0x37, 0xB9, 0x19, 0x1F, 0x96, 0x46,
	0x75, 0x8C, 0x2E, 0xDA, 0x6A, 0x36, 0xE2, 0xD6, 0x58, 0xF5, 0x0F, 0xA7,
	0x6B, 0xE7, 0x77, 0x16, 0xE5, 0x9F, 0x9A, 0x50, 0xB0, 0xAF, 0xDE, 0x3C,
	0xE8, 0x4A, 0x7F, 0x2A, 0x4D, 0xF7, 0xCD, 0x9D, 0xAB, 0x76, 0x49, 0xB2,
	0xD9, 0xB5, 0x38, 0x48, 0x3E, 0x8A, 0x1B, 0x73, 0x24, 0x4A, 0xC7, 0xBB,
	0x75, 0x91, 0x6B, 0xF2, 0x05, 0xAD, 0x3E, 0x7A, 0x69, 0x5E, 0x30, 0x1D,
	0xB0, 0x3C, 0x0D, 0x1C, 0xD3, 0x32, 0x93, 0x13, 0x1A, 0x46, 0x83, 0x09,
	0x68, 0x49, 0x32, 0x86, 0x08, 0x78, 0xEF, 0x47, 0xED, 0x94, 0xCE, 0x7C,
	0x9C, 0x24, 0x36, 0x5E, 0x73, 0xD9, 0xE9, 0xC5, 0x7F, 0x43, 0xAC, 0x34,
	0x1C, 0xE7, 0xA7, 0xD2, 0x9E, 0xB4, 0x0D, 0xF3, 0x5E, 0x38, 0x6C, 0xE9,
	0x07, 0x30, 0xC9, 0xD1, 0x8E, 0x71, 0x02, 0x5F, 0xDF, 0x65, 0x8A, 0x36,
	0x01, 0x1A, 0xB5, 0x3E, 0x18, 0xF6, 0x2F, 0x00, 0xF1, 0x0A, 0xAB, 0x21,
	0x60, 0xB3, 0xE4, 0x82, 0x83, 0x8F, 0x39, 0x5C, 0xF0, 0x14, 0x9F, 0x7E,
	0x7F, 0x84, 0x12, 0x4E, 0xDC, 0x64, 0x45, 0x9E, 0xEE, 0x44, 0x8C, 0xD5,
	0x78, 0xC9, 0x74, 0x70, 0x42, 0x71, 0x9C, 0xD1, 0x60, 0xEC, 0x12, 0xEA,
	0x4B, 0x21, 0xEE, 0x17, 0x45, 0x4D, 0x22, 0xED, 0xB4, 0xF8, 0xCA, 0xB5,
	0xA1, 0x41, 0x4F, 0x71, 0xF1, 0x47, 0x88, 0x0F, 0xE7, 0x65, 0x30, 0x81,
	0x2A, 0x01, 0x6B, 0xF7, 0xBD, 0x60, 0x9D, 0x8C, 0x57, 0xE1, 0x54, 0xAF,
	0x23, 0xE6, 0x7F, 0x92, 0xCF, 0xDD, 0x51, 0xA7, 0x88, 0x69, 0x97, 0xA1,
	0x0D, 0xBE, 0x4D, 0x3C, 0x71, 0xC4, 0xAB, 0xA9, 0xA2, 0x09, 0xF0, 0x72,
	0xF8, 0xEA, 0xB1, 0x5E, 0x61, 0x0A, 0x72, 0xC3, 0x62, 0x37, 0x67, 0x18,
	0xC1, 0x79, 0xAC, 0x01, 0x20, 0x28, 0x97, 0x3E, 0xAB, 0x5D, 0xCC, 0xB0,
	0xB5, 0x76, 0x43, 0xAC, 0x42, 0xEA, 0x8C, 0x94, 0xB0, 0xF5, 0x73, 0xC5,
	0xD0, 0x83, 0x34, 0x80, 0x0D, 0x55, 0xB9, 0xE4, 0xB1, 0x2D, 0x1A, 0xAF,
	0x60, 0x25, 0x12, 0x85, 0x90, 0xCE, 0x9D, 0x79, 0x4E, 0xA9, 0xCF, 0xDB,
	0xB8, 0x89, 0x2F, 0xCA, 0x9C, 0x26, 0xD3, 0x84, 0x0E, 0xB8, 0x2D, 0xC9,
	0x08, 0x65, 0x42, 0xD0, 0xC2, 0x38, 0xE8, 0xDB, 0x5B, 0x43, 0x06, 0x6A,
	0x34, 0x90, 0xE9, 0xF5, 0x29, 0xA2, 0xE7, 0xDB, 0xDD, 0x8C, 0x11, 0x95,
	0x82, 0xFB, 0x41, 0xE4, 0x3F, 0xCE, 0xC0, 0x11, 0x07, 0x4C, 0x6F, 0x28,
	0x18, 0xB8, 0x2D, 0x1C, 0xC7, 0x4C, 0x12, 0x59, 0xF4, 0xAC, 0xC8, 0x5A,
	0x8D, 0x26, 0xFA, 0xAA, 0x5E, 0xCE, 0x7F, 0x69, 0xCB, 0x98, 0xCD, 0x32,
	0x7D, 0xC4, 0xDD, 0xC9, 0x63, 0xDC, 0x79, 0x49, 0x9B, 0x46, 0x5C, 0x51,
	0x90, 0x5C, 0x26, 0xE9, 0x5A, 0xBE, 0xAF, 0xEA, 0xA6, 0xFB, 0xDE, 0x23,
	0x41, 0x73, 0x82, 0xBB, 0x06, 0xD7, 0xFE, 0x4B, 0x44, 0xB1, 0xFA, 0x7C,
	0x31, 0xA2, 0xBF, 0xF2, 0xDA, 0xEF, 0x55, 0xE1, 0x84, 0x0D, 0x60, 0x58,
	0xF7, 0x3C, 0x8A, 0xA5, 0xC6, 0x45, 0x0A, 0x8E, 0x4C, 0x7F, 0xA9, 0xEC,
	0x26, 0xDD, 0xDF, 0x3C, 0x04, 0x66, 0x49, 0x86, 0xD4, 0x63, 0x88, 0x57,
	0x01, 0x3F, 0x0A, 0x05, 0xCB, 0x23, 0xB6, 0xEF, 0xE1, 0xD9, 0x68, 0xD5,
	0xBE, 0x8A, 0x00, 0xD6, 0x58, 0x1D, 0x3B, 0xB1, 0xF7, 0x65, 0x45, 0xF3,
	0xE6, 0x87, 0xEA, 0x7A, 0x41, 0x9E, 0xF9, 0x24, 0xAC, 0xC2, 0xBD, 0xE5,
	0x4F, 0xAC, 0x56, 0xE0, 0x19, 0xA8, 0x12, 0x60, 0xF0, 0xB4, 0x6F, 0xB9,
	0x03, 0xDE, 0x20, 0xE1, 0xDB, 0xE5, 0x6F, 0x53, 0x00, 0x5D, 0x4B, 0x1E,
	0x2E, 0xDC, 0x25, 0xD1, 0x0C, 0x58, 0x54, 0x3F, 0x58, 0xDA, 0x1F, 0x72,
	0x59, 0x6D, 0x56, 0xCB, 0xF6, 0x9D, 0xA9, 0xAB, 0x5D, 0xC0, 0x92, 0xB9,
	0x81, 0x2A, 0x5A, 0xA4, 0x53, 0x2E, 0x64, 0xB4, 0x57, 0x6D, 0xDB, 0xBC,
	0x85, 0x65, 0xD7, 0x3D, 0x15, 0x96, 0x6B, 0x4D, 0x47, 0x14, 0xD6, 0x84,
	0xEE, 0x0A, 0xF9, 0xC5, 0xBD, 0x4C, 0x3A, 0x31, 0x37, 0x0F, 0x4B, 0x36,
	0x82, 0x90, 0x42, 0x52, 0x44, 0x93, 0x9E, 0x09, 0x4E, 0xF4, 0xA8, 0xCE,
	0x17, 0xC7, 0x28, 0xF1, 0xC0, 0x1D, 0xE5, 0x98, 0xD6, 0xBF, 0x2E, 0x01,
	0x87, 0xAC, 0x72, 0x6A, 0xC9, 0xDB, 0xF4, 0xA6, 0xF7, 0xB8, 0x75, 0xD4,
	0xFB, 0x3F, 0x6F, 0x32, 0xEA, 0x29, 0xE6, 0x40, 0xE5, 0xF7, 0xD8, 0x0D,
	0x9C, 0x40, 0xEC, 0x96, 0x0B, 0x49, 0xEB, 0x5B, 0x7E, 0x71, 0xD4, 0x3F,
	0x55, 0x8B, 0x97, 0x20, 0x79, 0xB1, 0x56, 0xC4, 0xED, 0xD5, 0x3D, 0x32,
	0xBC, 0x66, 0xCA, 0xA5, 0x3E, 0xDD, 0x92, 0x9F, 0xAA, 0x3B, 0x72, 0xED,
	0xDF, 0xEA, 0x9C, 0x43, 0x6F, 0x4B, 0xFE, 0xDE, 0xB5, 0x38, 0xEC, 0xDF,
	0x29, 0x78, 0xB0, 0xA4, 0xB2, 0x35, 0x9F, 0x41, 0xCA, 0x36, 0xC2, 0x89,
	0xF7, 0x1C, 0x52, 0x21, 0x04, 0x2C, 0x13, 0xC6, 0x99, 0x5C, 0xF9, 0x05,
	0xA0, 0x2B, 0xD2, 0x56, 0xAC, 0x4F, 0x92, 0x11, 0x16, 0x22, 0xA6, 0x9B,
	0x99, 0x45, 0x27, 0x3B, 0x73, 0xFE, 0x0C, 0x0D, 0x16, 0xC6, 0x05, 0xD1,
	0xC1, 0x18, 0x0B, 0xD9, 0xE1, 0x98, 0x6B, 0xD2, 0x5D, 0x90, 0x01, 0xFB,
	0x8C, 0xA6, 0x03, 0xCF, 0xC6, 0x48, 0xCC, 0x59, 0x78, 0x63, 0xDA, 0xE7,
	0x4A, 0xEB, 0x84, 0xFA, 0xD6, 0x11, 0x2E, 0x7D, 0xAA, 0x8D, 0x1E, 0xFE,
	0xF2, 0x80, 0x56, 0x52, 0x97, 0x72, 0x83, 0x39, 0x06, 0x42, 0xC0, 0xAC,
	0x6D, 0x99, 0xBA, 0x79, 0x8F, 0x63, 0x4D, 0xA4, 0xF8, 0x67, 0x48, 0x7C,
	0x81, 0xF5, 0x25, 0xFE, 0x5B, 0xF1, 0x52, 0x06, 0xC0, 0xAB, 0x88, 0x80,
	0x8F, 0x5A, 0x16, 0x9D, 0x58, 0xC0, 0x43, 0x9B, 0xDE, 0x2C, 0x08, 0x56,
	0x42, 0x78, 0x9F, 0x67, 0xD4, 0xD2, 0x97, 0x15, 0xAD, 0x17, 0x46, 0xDA,
	0x38, 0xB6, 0x77, 0xCC, 0x5F, 0xA2, 0x28, 0xF0, 0xF5, 0xEA, 0x3C, 0x47,
	0x85, 0xAA, 0xCF, 0x94, 0x9F, 0x3D, 0x4A, 0x28, 0x2A, 0xF1, 0xD6, 0x3F,
	0xE3, 0x31, 0xBA, 0x33, 0x44, 0x95, 0xAA, 0x6F, 0xB8, 0x1E, 0xB9, 0xB3,
	0x94, 0x0B, 0xCB, 0x09, 0xFA, 0xBD, 0x2F, 0x4E, 0x75, 0x8C, 0x23, 0x67,
	0xA6, 0x19, 0xFC, 0x10, 0x04, 0x62, 0xA7, 0x93, 0xD3, 0xF5, 0xBE, 0x8B,
	0x9D, 0xD3, 0x9C, 0x9A, 0xC6, 0x82, 0x5A, 0x50, 0xC7, 0xA5, 0x7C, 0xB3,
	0x29, 0x69, 0x0D, 0x0E, 0xB3, 0x99, 0x6E, 0x81, 0x47, 0xF7, 0xD6, 0xAF,
	0x0A, 0x86, 0x0D, 0xF4, 0xC0, 0xC7, 0x6C, 0x44, 0xDB, 0xED, 0x85, 0x2A,
	0xAA, 0x56, 0x44, 0x5D, 0x8D, 0xF6, 0x4F, 0x61, 0x93, 0x17, 0xA3, 0x99,
	0xB1, 0x3E, 0x8C, 0x86, 0x66, 0x38, 0x6A, 0x52, 0x0A, 0x57, 0xC2, 0xA0,
	0x2F, 0x40, 0xEF, 0x36, 0xB7, 0xF4, 0xC6, 0xBD, 0x2F, 0xEA, 0xF8, 0x01,
	0xC3, 0x27, 0xC4, 0x85, 0x77, 0x2E, 0xD6, 0x49, 0x57, 0x55, 0x2E, 0xC0,
	0x31, 0xC4, 0xAD, 0x73, 0x37, 0xAA, 0x56, 0x9E, 0xEF, 0x81, 0xF4, 0xD7,
	0xEA, 0x42, 0x2A, 0x69, 0x4C, 0x5D, 0xE5, 0xDC, 0xF1, 0x49, 0x72, 0x0E,
	0xB8, 0x55, 0xDD, 0x64, 0xE9, 0x91, 0x47, 0x6E, 0x3E, 0x4C, 0x36, 0x56,
	0xD2, 0x27, 0x25, 0xAA, 0x99, 0xD9, 0x2A, 0x9E, 0x4C, 0x83, 0x70, 0x7E,
	0x82, 0x4A, 0x62, 0x79, 0xB7, 0x16, 0x95, 0x1F, 0xE2, 0x35, 0xD2, 0xE0,
	0xA0, 0x1C, 0x31, 0x01, 0xF3, 0x0F, 0x13, 0x59, 0x61, 0x23, 0xEC, 0x91,
	0x14, 0xAC, 0x71, 0x3B, 0x01, 0x47, 0xF0, 0x24, 0x1D, 0x0E, 0x09, 0x5F,
	0x34, 0xDC, 0x68, 0xAF, 0x86, 0x3B, 0xB4, 0xA4, 0x45, 0xBB, 0x80, 0x88,
	0x81, 0xB7, 0x2E, 0xFF, 0x1F, 0x02, 0x26, 0x41, 0x50, 0x82, 0xDE, 0xB3,
	0xA1, 0xAB, 0xA5, 0x68, 0x82, 0x41, 0xA4, 0x56, 0x15, 0x60, 0xD6, 0x88,
	0xF2, 0xB4, 0xE2, 0xE4, 0x41, 0xDC, 0xE4, 0x99, 0x8F, 0x17, 0x89, 0x7B,
	0x6E, 0xAC, 0xC4, 0xD9, 0x69, 0xF1, 0xAE, 0xEA, 0x2C, 0x11, 0x07, 0x04,
	0x08, 0x85, 0x34, 0x4D, 0x2D, 0xF2, 0x53, 0x35, 0xA7, 0x13, 0x33, 0x5D,
	0xF6, 0xA4, 0x17, 0xF0, 0xB6, 0xB8, 0x23, 0x47, 0xE8, 0x2D, 0x5A, 0x53,
	0x0C, 0xAD, 0x74, 0x96, 0xA4, 0x8E, 0x89, 0x37, 0xE7, 0x59, 0xC3, 0x85,
	0xE5, 0xA6, 0xCC, 0xB2, 0x93, 0x9A, 0xF5, 0x17, 0xEC, 0x81, 0x5F, 0xBE,
	0xDB, 0xAB, 0x43, 0x42, 0x4A, 0xE7, 0xCA, 0x9D, 0x6E, 0xD7, 0x99, 0xCF,
	0x64, 0x05, 0xD5, 0x99, 0xAE, 0x09, 0x24, 0x16, 0xCA, 0x87, 0xA5, 0x2D,
	0xBA, 0x98, 0x5F, 0x8D, 0x40, 0xF2, 0x3D, 0x7A, 0x74, 0xF6, 0xF1, 0xEE,
	0xB8, 0x17, 0x61, 0x34, 0xBB, 0x78, 0x5F, 0xCA, 0x7C, 0xDF, 0x84, 0x97,
	0x96, 0x30, 0xC1, 0x8E, 0x7D, 0xFB, 0x10, 0x1F, 0x4E, 0x6B, 0x3F, 0x9A,
	0x5E, 0xE5, 0xCB, 0x10, 0x0B, 0x45, 0x23, 0x51, 0x09, 0x94, 0xC0, 0x90,
	0x37, 0x12, 0x2D, 0x1C, 0xD7, 0x42, 0x14, 0x4C, 0x6C, 0xAC, 0x60, 0x5B,
	0x25, 0xB7, 0xA6, 0x71, 0xA0, 0xE9, 0x48, 0x5E, 0xEC, 0xFF, 0x81, 0x87,
	0xDB, 0xF5, 0x26, 0x76, 0x60, 0x88, 0x48, 0xA5, 0xEB, 0x0C, 0x8D, 0x1E,
	0x1F, 0x42, 0x28, 0x9E, 0xD6, 0xDF, 0xC0, 0xE6, 0x56, 0x57, 0x9D, 0xB2,
	0xD9, 0xB6, 0xAF, 0xCC, 0xE4, 0x62, 0x88, 0xB3, 0x18, 0x47, 0x66, 0x35,
	0xC2, 0x23, 0x21, 0xDC, 0x9B, 0x1C, 0x2F, 0x30, 0xED, 0xE3, 0xDE, 0x87,
	0x37, 0x64, 0xF5, 0xC6, 0x25, 0x0E, 0xA0, 0x3F, 0xF1, 0x3A, 0xB5, 0xBE,
	0xBB, 0xE9, 0x58, 0x86, 0x05, 0x53, 0x6F, 0xCD, 0x76, 0xED, 0x5A, 0xFB,
	0xF3, 0x0F, 0x8F, 0x24, 0x3D, 0x78, 0xC4, 0x65, 0x02, 0x0B, 0xD1, 0xBA,
	0x6E, 0xFC, 0x4C, 0x5C, 0x6A, 0x89, 0xB0, 0xCB, 0x34, 0xB2, 0xDB, 0x25,
	0xD6, 0x52, 0x2B, 0xF1, 0xE0, 0x22, 0x67, 0x94, 0x60, 0xA8, 0x1F, 0xDD,
	0xF0, 0x63, 0x26, 0x11, 0x2D, 0xD4, 0x84, 0x9A, 0x8B, 0xC1, 0x42, 0x3E,
	0xB1, 0x0E, 0x81, 0xF8, 0xD5, 0x67, 0xDA, 0x80, 0x76, 0xA3, 0x9F, 0xB6,
	0xF8, 0x7C, 0x58, 0x5B, 0xEB, 0x3D, 0xB7, 0xDC, 0xF1, 0x3B, 0x57, 0x53,
	0xE8, 0xD4, 0x12, 0x26, 0x24, 0xF8, 0xC1, 0x2A, 0x63, 0x1F, 0x04, 0x49,
	0x49, 0xF3, 0xFD, 0xA4, 0xE8, 0xB1, 0x83, 0x76, 0x0D, 0xCF, 0x0F, 0xA5,
	0x92, 0xBC, 0x6D, 0x94, 0x85, 0xDE, 0x5A, 0xAC, 0xB2, 0x92, 0x32, 0xCB,
	0x30, 0xA1, 0xD2, 0x82, 0xE8, 0x28, 0xC0, 0xA4, 0xE0, 0x4F, 0xDB, 0x1E,
	0xA1, 0xF3, 0xC4, 0xC8, 0x73, 0x24, 0x83, 0x30, 0xC3, 0xA2, 0xA8, 0x13,
	0x49, 0xD6, 0x74, 0xC1, 0x7B, 0x6B, 0x2E, 0x3F, 0xEA, 0xCC, 0xF4, 0x00,
	0xF2, 0x90, 0xC8, 0xA8, 0x7F, 0x16, 0xB2, 0x78, 0x92, 0x66, 0x4C, 0x54,
	0xC2, 0x9F, 0x67, 0xDF, 0xE1, 0x47, 0x96, 0xC1, 0x39, 0x75, 0xDE, 0xA6,
	0x98, 0xB7, 0x13, 0x6A, 0xA5, 0x0F, 0x5C, 0x5B, 0x11, 0x97, 0x17, 0x94,
	0xF0, 0xCF, 0x4A, 0xB7, 0x1B, 0x4B, 0x40, 0xB4, 0x2E, 0xA0, 0x3D, 0xEE,
	0x0F, 0x0A, 0xD7, 0xE8, 0xB8, 0x1F, 0x3D, 0x19, 0xCA, 0x4E, 0xF5, 0xC1,
	0x41, 0xDA, 0xC5, 0xA9, 0x61, 0x8A, 0xF2, 0xE9, 0xDA, 0xB7, 0xAE, 0xDB,
	0x62, 0x4A, 0x5E, 0xC2, 0x64, 0x7A, 0xE0, 0x86, 0x08, 0x1C, 0xB9, 0x4D,
	0x6A, 0xF3, 0x8B, 0xF5, 0xC4, 0x93, 0xD5, 0x48, 0x73, 0xF4, 0xBC, 0x61,
	0xBE, 0x20, 0xFC, 0x1E, 0xB4, 0x2C, 0x8E, 0x3E, 0xF2, 0xDC, 0x33, 0xB5,
	0x73, 0x43, 0x93, 0x0A, 0xA9, 0x64, 0xD4, 0xAE, 0x8B, 0xF1, 0x01, 0x5D,
	0xDB, 0x93, 0x1A, 0x08, 0xFB, 0x19, 0x70, 0x30, 0x1F, 0x3D, 0x73, 0xB9,
	0xFB, 0xE7, 0xE2, 0x2B, 0xA6, 0x58, 0xF8, 0x49, 0x2D, 0xDF, 0x7F, 0x11,
	0x34, 0x6F, 0x93, 0xD8, 0xC2, 0xBA, 0x92, 0xB8, 0x15, 0x83, 0x8A, 0x99,
	0xE4, 0x6E, 0xC4, 0xFB, 0xDC, 0xED, 0xDA, 0xF7, 0x0A, 0x4F, 0xB5, 0x09,
	0x42, 0x1B, 0x24, 0xB1, 0x9A, 0xC7, 0x99, 0x55, 0x28, 0xB9, 0x5E, 0xD4,
	0x7D, 0x08, 0xCC, 0x55, 0xD1, 0x10, 0xAD, 0x9A, 0x20, 0x27, 0xC2, 0xBD,
	0xB5, 0x28, 0x86, 0x0A, 0x3D, 0x06, 0xA7, 0x71, 0x77, 0xD2, 0xB7, 0xE9,
	0xDF, 0x65, 0x49, 0xA1, 0x32, 0xC8, 0xF4, 0x21, 0xC4, 0xB8, 0x7A, 0x4E,
	0x6D, 0x4B, 0xA4, 0x3A, 0xCB, 0x05, 0x41, 0xC2, 0x34, 0xE4, 0xDF, 0x64,
	0x97, 0x39, 0x25, 0x99, 0xE2, 0xB4, 0xE6, 0x61, 0x84, 0xE4, 0x9B, 0x6C,
	0x2C, 0x02, 0x87, 0x8D, 0x83, 0xEF, 0x8A, 0x38, 0xF9, 0x0E, 0xE2, 0x01,
	0x4E, 0x81, 0xB0, 0x33, 0x80, 0xEB, 0xE5, 0x7B, 0xF7, 0x18, 0x75, 0xA6,
	0xFC, 0x13, 0x9E, 0x51, 0xFA, 0x61, 0xA0, 0x58, 0x02, 0x10, 0xEF, 0x00,
	0x3E, 0x19, 0xB5, 0x4F, 0xF7, 0x01, 0x8A, 0x4E, 0xA5, 0x22, 0xDA, 0x48,
	0x64, 0x2F, 0x80, 0x6B, 0xC3, 0x64, 0x6C, 0x2D, 0xF4, 0xDD, 0x39, 0x26,
	0x31, 0xA2, 0x5E, 0x93, 0x9E, 0xFB, 0xCF, 0xD3, 0x91, 0x99, 0xAD, 0xC7,
	0xA9, 0x8A, 0x3B, 0x13, 0x09, 0x73, 0x1D, 0xB4, 0xB6, 0xA1, 0xF5, 0xDD,
	0x03, 0x8A, 0xD4, 0xF9, 0x60, 0x91, 0x9D, 0xD7, 0x7A, 0x56, 0xDA, 0x4C,
	0x19, 0x1E, 0xA0, 0x8C, 0x1C, 0x77, 0x13, 0x8E, 0x4E, 0x63, 0xB9, 0xBE,
	0x15, 0xEF, 0xD9, 0x24, 0x5F, 0x6C, 0x9B, 0xEC, 0x95, 0xBC, 0x53, 0x67,
	0x9B, 0x0D, 0xB8, 0x0C, 0x14, 0xEE, 0x5F, 0x6B, 0x8D, 0xD6, 0x5C, 0xB7,
	0x5E, 0x26, 0xD2, 0x05, 0xE2, 0xA2, 0x22, 0xC7, 0x2E, 0x91, 0x75, 0xE4,
	0xB3, 0x96, 0x37, 0x0A, 0x55, 0x2B, 0x78, 0x8F, 0xDC, 0x94, 0xF2, 0x40,
	0x5D, 0x15, 0x23, 0x1E, 0x24, 0x34, 0x53, 0xDF, 0x3B, 0xA5, 0x5E, 0xCD,
	0x31, 0xFA, 0x81, 0xBB, 0xDD, 0x68, 0xAF, 0x05, 0x42, 0xFB, 0xF9, 0xC2,
	0xC1, 0xCD, 0xC4, 0xE6, 0x78, 0x43, 0xBF, 0x80, 0x14, 0xF0, 0x13, 0x29,
	0x83, 0x86, 0x9A, 0x31, 0x2A, 0x5E, 0x1C, 0x90, 0x56, 0x10, 0x14, 0x05,
	0xFF, 0x04, 0xB4, 0xFE, 0x01, 0x82, 0x2E, 0x64, 0x2C, 0xCA, 0xBF, 0x44,
	0x0E, 0x27, 0x0A, 0x20, 0x2E, 0x05, 0xB4, 0x85, 0x64, 0x1E, 0xC7, 0xE5,
	0xBA, 0x8F, 0x9F, 0x6F, 0x55, 0xC3, 0x83, 0x92, 0x7E, 0xED, 0x1C, 0xF7,
	0x24, 0xF8, 0x21, 0x73, 0xCD, 0x86, 0x50, 0xFC, 0xE9, 0x07, 0xB2, 0xD4,
	0x1B, 0xCA, 0x55, 0x9A, 0x4E, 0xA7, 0x3B, 0xA1, 0x12, 0x59, 0xD9, 0x0D,
	0xA9, 0x50, 0x7B, 0x63, 0x10, 0x0B, 0x6E, 0x2E, 0xC6, 0xE8, 0x7E, 0x1E,
	0x52, 0xB7, 0x72, 0xD6, 0xF1, 0x1F, 0x87, 0x51, 0x64, 0x17, 0xA2, 0xD0,
	0x04, 0x21, 0xCD, 0x36, 0x4B, 0xE4, 0x1E, 0x1D, 0xDA, 0x05, 0xDD, 0x54,
	0xB6, 0xA3, 0x30, 0x5F, 0xD8, 0xA8, 0xE8, 0x6F, 0xD6, 0xDF, 0xF1, 0xB7,
	0xDC, 0x89, 0xFC, 0xFF, 0xD5, 0x7C, 0xD0, 0x29, 0x7D, 0x82, 0xD8, 0x58,
	0x09, 0x29, 0xA6, 0xA0, 0xED, 0x88, 0x2E, 0x90, 0x86, 0xE2, 0x38, 0x2B,
	0x75, 0x9E, 0x5A, 0x87, 0x94, 0xEC, 0x09, 0x80, 0xF2, 0xCB, 0x91, 0x03,
	0x5B, 0x9B, 0x68, 0x20, 0x07, 0x14, 0x1B, 0xDA, 0xDF, 0xE2, 0xE7, 0xC9,
	0x9C, 0xC4, 0xC7, 0x47, 0x08, 0xAD, 0xB0, 0xE6, 0xC5, 0xF0, 0x84, 0xF8,
	0xF8, 0x08, 0xEE, 0xC0, 0xB6, 0x66, 0x83, 0x6F, 0x8E, 0x3A, 0x92, 0xEA,
	0x30, 0x48, 0xDE, 0xC3, 0xFF, 0xFF, 0xFF, 0xFF, 0xFF, 0xFF, 0xFF, 0xFF,
	0xFF, 0xFF, 0xFF, 0xFF, 0xFF, 0xFF, 0xFF, 0xFF, 0xFF, 0xFF, 0xFF, 0xFF,
	0xFF, 0xFF, 0xFF, 0xFF, 0xFF, 0xFF, 0xFF, 0xFF, 0xFF, 0xFF, 0xFF, 0xFF,
	0xFF, 0xFF, 0xFF, 0xFF, 0xFF, 0xFF, 0xFF, 0xFF, 0xFF, 0xFF, 0xFF, 0xFF,
	0xFF, 0xFF, 0xFF, 0xFF, 0xFF, 0xFF, 0xFF, 0xFF, 0xFF, 0xFF, 0xFF, 0xFF,
	0xFF, 0xFF, 0xFF, 0xFF, 0xFF, 0xFF, 0xFF, 0xFF, 0xFF, 0xFF, 0xFF, 0xFF,
	0xFF, 0xFF, 0xFF, 0xFF, 0xFF, 0xFF, 0xFF, 0xFF, 0xFF, 0xFF, 0xFF, 0xFF,
	0xFF, 0xFF, 0xFF, 0xFF, 0xFF, 0xFF, 0xFF, 0xFF, 0xFF, 0xFF, 0xFF, 0xFF,
	0xFF, 0xFF, 0xFF, 0xFF, 0xFF, 0xFF, 0xFF, 0xFF, 0xFF, 0xFF, 0xFF, 0xFF,
	0xFF, 0xFF, 0xFF, 0xFF, 0xFF, 0xFF, 0xFF, 0xFF, 0xFF, 0xFF, 0xFF, 0xFF,
	0xFF, 0xFF, 0xFF, 0xFF, 0xFF, 0xFF, 0xFF, 0xFF, 0xFF, 0xFF, 0xFF, 0xFF,
	0xFF, 0xFF, 0xFF, 0xFF, 0xFF, 0xFF, 0xFF, 0xFF, 0xFF, 0xFF, 0xFF, 0xFF,
	0xFF, 0xFF, 0xFF, 0xFF, 0xFF, 0xFF, 0xFF, 0xFF, 0xFF, 0xFF, 0xFF, 0xFF,
	0xFF, 0xFF, 0xFF, 0xFF, 0xFF, 0xFF, 0xFF, 0xFF, 0xFF, 0xFF, 0xFF, 0xFF,
	0xFF, 0xFF, 0xFF, 0xFF, 0xFF, 0xFF, 0xFF, 0xFF, 0xFF, 0xFF, 0xFF, 0xFF,
	0xFF, 0xFF, 0xFF, 0xFF, 0xFF, 0xFF, 0xFF, 0xFF, 0xFF, 0xFF, 0xFF, 0xFF,
	0xFF, 0xFF, 0xFF, 0xFF, 0xFF, 0xFF, 0xFF, 0xFF, 0xFF, 0xFF, 0xFF, 0xFF,
	0xFF, 0xFF, 0xFF, 0xFF, 0xFF, 0xFF, 0xFF, 0xFF, 0xFF, 0xFF, 0xFF, 0xFF,
	0xFF, 0xFF, 0xFF, 0xFF, 0xFF, 0xFF, 0xFF, 0xFF, 0xFF, 0xFF, 0xFF, 0xFF,
	0xFF, 0xFF, 0xFF, 0xFF, 0xFF, 0xFF, 0xFF, 0xFF, 0xFF, 0xFF, 0xFF, 0xFF,
	0xFF, 0xFF, 0xFF, 0xFF, 0xFF, 0xFF, 0xFF, 0xFF, 0xFF, 0xFF, 0xFF, 0xFF,
	0xFF, 0xFF, 0xFF, 0xFF, 0xFF, 0xFF, 0xFF, 0xFF, 0xFF, 0xFF, 0xFF, 0xFF,
	0xFF, 0xFF, 0xFF, 0xFF, 0xFF, 0xFF, 0xFF, 0xFF, 0xFF, 0xFF, 0xFF, 0xFF,
	0xFF, 0xFF, 0xFF, 0xFF, 0xFF, 0xFF, 0xFF, 0xFF, 0xFF, 0xFF, 0xFF, 0xFF,
	0xFF, 0xFF, 0xFF, 0xFF, 0xFF, 0xFF, 0xFF, 0xFF, 0xFF, 0xFF, 0xFF, 0xFF,
	0xFF, 0xFF, 0xFF, 0xFF, 0xFF, 0xFF, 0xFF, 0xFF, 0xFF, 0xFF, 0xFF, 0xFF,
	0xFF, 0xFF, 0xFF, 0xFF, 0xFF, 0xFF, 0xFF, 0xFF, 0xFF, 0xFF, 0xFF, 0xFF,
	0xFF, 0xFF, 0xFF, 0xFF, 0xFF, 0xFF, 0xFF, 0xFF, 0xFF, 0xFF, 0xFF, 0xFF,
	0xFF, 0xFF, 0xFF, 0xFF, 0xFF, 0xFF, 0xFF, 0xFF, 0xFF, 0xFF, 0xFF, 0xFF,
	0xFF, 0xFF, 0xFF, 0xFF, 0xFF, 0xFF, 0xFF, 0xFF, 0xFF, 0xFF, 0xFF, 0xFF,
	0xFF, 0xFF, 0xFF, 0xFF, 0xFF, 0xFF, 0xFF, 0xFF, 0xFF, 0xFF, 0xFF, 0xFF,
	0xFF, 0xFF, 0xFF, 0xFF, 0xFF, 0xFF, 0xFF, 0xFF, 0xFF, 0xFF, 0xFF, 0xFF,
	0xFF, 0xFF, 0xFF, 0xFF, 0xFF, 0xFF, 0xFF, 0xFF, 0xFF, 0xFF, 0xFF, 0xFF,
	0xFF, 0xFF, 0xFF, 0xFF, 0xFF, 0xFF, 0xFF, 0xFF, 0xFF, 0xFF, 0xFF, 0xFF,
	0xFF, 0xFF, 0xFF, 0xFF, 0xFF, 0xFF, 0xFF, 0xFF, 0xFF, 0xFF, 0xFF, 0xFF,
	0xFF, 0xFF, 0xFF, 0xFF, 0xFF, 0xFF, 0xFF, 0xFF, 0xFF, 0xFF, 0xFF, 0xFF,
	0xFF, 0xFF, 0xFF, 0xFF, 0xFF, 0xFF, 0xFF, 0xFF, 0xFF, 0xFF, 0xFF, 0xFF,
	0xFF, 0xFF, 0xFF, 0xFF, 0xFF, 0xFF, 0xFF, 0xFF, 0xFF, 0xFF, 0xFF, 0xFF,
	0xFF, 0xFF, 0xFF, 0xFF, 0xFF, 0xFF, 0xFF, 0xFF, 0xFF, 0xFF, 0xFF, 0xFF,
	0xFF, 0xFF, 0xFF, 0xFF, 0xFF, 0xFF, 0xFF, 0xFF, 0xFF, 0xFF, 0xFF, 0xFF,
	0xFF, 0xFF, 0xFF, 0xFF, 0xFF, 0xFF, 0xFF, 0xFF, 0xFF, 0xFF, 0xFF, 0xFF,
	0xFF, 0xFF, 0xFF, 0xFF, 0xFF, 0xFF, 0xFF, 0xFF, 0xFF, 0xFF, 0xFF, 0xFF,
	0xFF, 0xFF, 0xFF, 0xFF, 0xFF, 0xFF, 0xFF, 0xFF, 0xFF, 0xFF, 0xFF, 0xFF,
	0xFF, 0xFF, 0xFF, 0xFF, 0xFF, 0xFF, 0xFF, 0xFF, 0xFF, 0xFF, 0xFF, 0xFF,
	0xFF, 0xFF, 0xFF, 0xFF, 0xFF, 0xFF, 0xFF, 0xFF, 0xFF, 0xFF, 0xFF, 0xFF,
	0xFF, 0xFF, 0xFF, 0xFF, 0xFF, 0xFF, 0xFF, 0xFF, 0xFF, 0xFF, 0xFF, 0xFF,
	0xFF, 0xFF, 0xFF, 0xFF, 0xFF, 0xFF, 0xFF, 0xFF, 0xFF, 0xFF, 0xFF, 0xFF,
	0xFF, 0xFF, 0xFF, 0xFF, 0xFF, 0xFF, 0xFF, 0xFF, 0xFF, 0xFF, 0xFF, 0xFF,
	0xFF, 0xFF, 0xFF, 0xFF, 0xFF, 0xFF, 0xFF, 0xFF, 0xFF, 0xFF, 0xFF, 0xFF,
	0xFF, 0xFF, 0xFF, 0xFF, 0xFF, 0xFF, 0xFF, 0xFF, 0xFF, 0xFF, 0xFF, 0xFF,
	0xFF, 0xFF, 0xFF, 0xFF, 0xFF, 0xFF, 0xFF, 0xFF, 0xFF, 0xFF, 0xFF, 0xFF,
	0xFF, 0xFF, 0xFF, 0xFF, 0xFF, 0xFF, 0xFF, 0xFF, 0xFF, 0xFF, 0xFF, 0xFF,
	0xFF, 0xFF, 0xFF, 0xFF, 0xFF, 0xFF, 0xFF, 0xFF, 0xFF, 0xFF, 0xFF, 0xFF,
	0xFF, 0xFF, 0xFF, 0xFF, 0xFF, 0xFF, 0xFF, 0xFF, 0xFF, 0xFF, 0xFF, 0xFF,
	0xFF, 0xFF, 0xFF, 0xFF, 0xFF, 0xFF, 0xFF, 0xFF, 0xFF, 0xFF, 0xFF, 0xFF,
	0xFF, 0xFF, 0xFF, 0xFF, 0xFF, 0xFF, 0xFF, 0xFF, 0xFF, 0xFF, 0xFF, 0xFF,
	0xFF, 0xFF, 0xFF, 0xFF, 0xFF, 0xFF, 0xFF, 0xFF, 0xFF, 0xFF, 0xFF, 0xFF,
	0xFF, 0xFF, 0xFF, 0xFF, 0xFF, 0xFF, 0xFF, 0xFF, 0xFF, 0xFF, 0xFF, 0xFF,
	0xFF, 0xFF, 0xFF, 0xFF, 0xFF, 0xFF, 0xFF, 0xFF, 0xFF, 0xFF, 0xFF, 0xFF,
	0xFF, 0xFF, 0xFF, 0xFF, 0xFF, 0xFF, 0xFF, 0xFF, 0xFF, 0xFF, 0xFF, 0xFF,
	0xFF, 0xFF, 0xFF, 0xFF, 0xFF, 0xFF, 0xFF, 0xFF, 0xFF, 0xFF, 0xFF, 0xFF,
	0xFF, 0xFF, 0xFF, 0xFF, 0xFF, 0xFF, 0xFF, 0xFF, 0xFF, 0xFF, 0xFF, 0xFF,
	0xFF, 0xFF, 0xFF, 0xFF, 0xFF, 0xFF, 0xFF, 0xFF, 0xFF, 0xFF, 0xFF, 0xFF,
	0xFF, 0xFF, 0xFF, 0xFF, 0xFF, 0xFF, 0xFF, 0xFF, 0xFF, 0xFF, 0xFF, 0xFF,
	0xFF, 0xFF, 0xFF, 0xFF, 0xFF, 0xFF, 0xFF, 0xFF, 0xFF, 0xFF, 0xFF, 0xFF,
	0xFF, 0xFF, 0xFF, 0xFF, 0xFF, 0xFF, 0xFF, 0xFF, 0xFF, 0xFF, 0xFF, 0xFF,
	0xFF, 0xFF, 0xFF, 0xFF, 0xFF, 0xFF, 0xFF, 0xFF, 0xFF, 0xFF, 0xFF, 0xFF,
	0xFF, 0xFF, 0xFF, 0xFF, 0xFF, 0xFF, 0xFF, 0xFF, 0xFF, 0xFF, 0xFF, 0xFF,
	0xFF, 0xFF, 0xFF, 0xFF, 0xFF, 0xFF, 0xFF, 0xFF, 0xFF, 0xFF, 0xFF, 0xFF,
	0xFF, 0xFF, 0xFF, 0xFF, 0xFF, 0xFF, 0xFF, 0xFF, 0xFF, 0xFF, 0xFF, 0xFF,
	0xFF, 0xFF, 0xFF, 0xFF, 0xFF, 0xFF, 0xFF, 0xFF, 0xFF, 0xFF, 0xFF, 0xFF,
	0xFF, 0xFF, 0xFF, 0xFF, 0xFF, 0xFF, 0xFF, 0xFF, 0xFF, 0xFF, 0xFF, 0xFF,
	0xFF, 0xFF, 0xFF, 0xFF, 0xFF, 0xFF, 0xFF, 0xFF, 0xFF, 0xFF, 0xFF, 0xFF,
	0xFF, 0xFF, 0xFF, 0xFF, 0xFF, 0xFF, 0xFF, 0xFF, 0xFF, 0xFF, 0xFF, 0xFF,
	0xFF, 0xFF, 0xFF, 0xFF, 0xFF, 0xFF, 0xFF, 0xFF, 0xFF, 0xFF, 0xFF, 0xFF,
	0xFF, 0xFF, 0xFF, 0xFF, 0xFF, 0xFF, 0xFF, 0xFF, 0xFF, 0xFF, 0xFF, 0xFF,
	0xFF, 0xFF, 0xFF, 0xFF, 0xFF, 0xFF, 0xFF, 0xFF, 0xFF, 0xFF, 0xFF, 0xFF,
	0xFF, 0xFF, 0xFF, 0xFF, 0xFF, 0xFF, 0xFF, 0xFF, 0xFF, 0xFF, 0xFF, 0xFF,
	0xFF, 0xFF, 0xFF, 0xFF, 0xFF, 0xFF, 0xFF, 0xFF, 0xFF, 0xFF, 0xFF, 0xFF,
	0xFF, 0xFF, 0xFF, 0xFF, 0xFF, 0xFF, 0xFF, 0xFF, 0xFF, 0xFF, 0xFF, 0xFF,
	0xFF, 0xFF, 0xFF, 0xFF, 0xFF, 0xFF, 0xFF, 0xFF, 0xFF, 0xFF, 0xFF, 0xFF,
	0xFF, 0xFF, 0xFF, 0xFF, 0xFF, 0xFF, 0xFF, 0xFF, 0xFF, 0xFF, 0xFF, 0xFF,
	0xFF, 0xFF, 0xFF, 0xFF, 0xFF, 0xFF, 0xFF, 0xFF, 0xFF, 0xFF, 0xFF, 0xFF,
	0xFF, 0xFF, 0xFF, 0xFF, 0xFF, 0xFF, 0xFF, 0xFF, 0xFF, 0xFF, 0xFF, 0xFF,
	0xFF, 0xFF, 0xFF, 0xFF, 0xFF, 0xFF, 0xFF, 0xFF, 0xFF, 0xFF, 0xFF, 0xFF,
	0xFF, 0xFF, 0xFF, 0xFF, 0xFF, 0xFF, 0xFF, 0xFF, 0xFF, 0xFF, 0xFF, 0xFF,
	0xFF, 0xFF, 0xFF, 0xFF, 0xFF, 0xFF, 0xFF, 0xFF, 0xFF, 0xFF, 0xFF, 0xFF,
	0xFF, 0xFF, 0xFF, 0xFF, 0xFF, 0xFF, 0xFF, 0xFF, 0xFF, 0xFF, 0xFF, 0xFF,
	0xFF, 0xFF, 0xFF, 0xFF, 0xFF, 0xFF, 0xFF, 0xFF, 0xFF, 0xFF, 0xFF, 0xFF,
	0xFF, 0xFF, 0xFF, 0xFF, 0xFF, 0xFF, 0xFF, 0xFF, 0xFF, 0xFF, 0xFF, 0xFF,
	0xFF, 0xFF, 0xFF, 0xFF, 0xFF, 0xFF, 0xFF, 0xFF, 0xFF, 0xFF, 0xFF, 0xFF,
	0xFF, 0xFF, 0xFF, 0xFF, 0xFF, 0xFF, 0xFF, 0xFF, 0xFF, 0xFF, 0xFF, 0xFF,
	0xFF, 0xFF, 0xFF, 0xFF, 0xFF, 0xFF, 0xFF, 0xFF, 0xFF, 0xFF, 0xFF, 0xFF,
	0xFF, 0xFF, 0xFF, 0xFF, 0xFF, 0xFF, 0xFF, 0xFF, 0xFF, 0xFF, 0xFF, 0xFF,
	0xFF, 0xFF, 0xFF, 0xFF, 0xFF, 0xFF, 0xFF, 0xFF, 0xFF, 0xFF, 0xFF, 0xFF,
	0xFF, 0xFF, 0xFF, 0xFF, 0xFF, 0xFF, 0xFF, 0xFF, 0xFF, 0xFF, 0xFF, 0xFF,
	0xFF, 0xFF, 0xFF, 0xFF, 0xFF, 0xFF, 0xFF, 0xFF, 0xFF, 0xFF, 0xFF, 0xFF,
	0xFF, 0xFF, 0xFF, 0xFF, 0xFF, 0xFF, 0xFF, 0xFF, 0xFF, 0xFF, 0xFF, 0xFF,
	0xFF, 0xFF, 0xFF, 0xFF, 0xFF, 0xFF, 0xFF, 0xFF, 0xFF, 0xFF, 0xFF, 0xFF,
	0xFF, 0xFF, 0xFF, 0xFF, 0xFF, 0xFF, 0xFF, 0xFF, 0xFF, 0xFF, 0xFF, 0xFF,
	0xFF, 0xFF, 0xFF, 0xFF, 0xFF, 0xFF, 0xFF, 0xFF, 0xFF, 0xFF, 0xFF, 0xFF,
	0xFF, 0xFF, 0xFF, 0xFF, 0xFF, 0xFF, 0xFF, 0xFF, 0xFF, 0xFF, 0xFF, 0xFF,
	0xFF, 0xFF, 0xFF, 0xFF, 0xFF, 0xFF, 0xFF, 0xFF, 0xFF, 0xFF, 0xFF, 0xFF,
	0xFF, 0xFF, 0xFF, 0xFF, 0xFF, 0xFF, 0xFF, 0xFF, 0xFF, 0xFF, 0xFF, 0xFF,
	0xFF, 0xFF, 0xFF, 0xFF, 0xFF, 0xFF, 0xFF, 0xFF, 0xFF, 0xFF, 0xFF, 0xFF,
	0xFF, 0xFF, 0xFF, 0xFF, 0xFF, 0xFF, 0xFF, 0xFF, 0xFF, 0xFF, 0xFF, 0xFF,
	0xFF, 0xFF, 0xFF, 0xFF, 0xFF, 0xFF, 0xFF, 0xFF, 0xFF, 0xFF, 0xFF, 0xFF,
	0xFF, 0xFF, 0xFF, 0xFF, 0xFF, 0xFF, 0xFF, 0xFF, 0xFF, 0xFF, 0xFF, 0xFF,
	0xFF, 0xFF, 0xFF, 0xFF, 0xFF, 0xFF, 0xFF, 0xFF, 0xFF, 0xFF, 0xFF, 0xFF,
	0xFF, 0xFF, 0xFF, 0xFF, 0xFF, 0xFF, 0xFF, 0xFF, 0xFF, 0xFF, 0xFF, 0xFF,
	0xFF, 0xFF, 0xFF, 0xFF, 0xFF, 0xFF, 0xFF, 0xFF, 0xFF, 0xFF, 0xFF, 0xFF,
	0xFF, 0xFF, 0xFF, 0xFF, 0xFF, 0xFF, 0xFF, 0xFF, 0xFF, 0xFF, 0xFF, 0xFF,
	0xFF, 0xFF, 0xFF, 0xFF, 0xFF, 0xFF, 0xFF, 0xFF, 0xFF, 0xFF, 0xFF, 0xFF,
	0xFF, 0xFF, 0xFF, 0xFF, 0xFF, 0xFF, 0xFF, 0xFF, 0xFF, 0xFF, 0xFF, 0xFF,
	0xFF, 0xFF, 0xFF, 0xFF, 0xFF, 0xFF, 0xFF, 0xFF, 0xFF, 0xFF, 0xFF, 0xFF,
	0xFF, 0xFF, 0xFF, 0xFF, 0xFF, 0xFF, 0xFF, 0xFF, 0xFF, 0xFF, 0xFF, 0xFF,
	0xFF, 0xFF, 0xFF, 0xFF, 0xFF, 0xFF, 0xFF, 0xFF, 0xFF, 0xFF, 0xFF, 0xFF,
	0xFF, 0xFF, 0xFF, 0xFF, 0xFF, 0xFF, 0xFF, 0xFF, 0xFF, 0xFF, 0xFF, 0xFF,
	0xFF, 0xFF, 0xFF, 0xFF, 0xFF, 0xFF, 0xFF, 0xFF, 0xFF, 0xFF, 0xFF, 0xFF,
	0xFF, 0xFF, 0xFF, 0xFF, 0xFF, 0xFF, 0xFF, 0xFF, 0xFF, 0xFF, 0xFF, 0xFF,
	0xFF, 0xFF, 0xFF, 0xFF, 0xFF, 0xFF, 0xFF, 0xFF, 0xFF, 0xFF, 0xFF, 0xFF,
	0xFF, 0xFF, 0xFF, 0xFF, 0xFF, 0xFF, 0xFF, 0xFF, 0xFF, 0xFF, 0xFF, 0xFF,
	0xFF, 0xFF, 0xFF, 0xFF, 0xFF, 0xFF, 0xFF, 0xFF, 0xFF, 0xFF, 0xFF, 0xFF,
	0xFF, 0xFF, 0xFF, 0xFF, 0xFF, 0xFF, 0xFF, 0xFF, 0xFF, 0xFF, 0xFF, 0xFF,
	0xFF, 0xFF, 0xFF, 0xFF, 0xFF, 0xFF, 0xFF, 0xFF, 0xFF, 0xFF, 0xFF, 0xFF,
	0xFF, 0xFF, 0xFF, 0xFF, 0xFF, 0xFF, 0xFF, 0xFF, 0xFF, 0xFF, 0xFF, 0xFF,
	0xFF, 0xFF, 0xFF, 0xFF, 0xFF, 0xFF, 0xFF, 0xFF, 0xFF, 0xFF, 0xFF, 0xFF,
	0xFF, 0xFF, 0xFF, 0xFF, 0xFF, 0xFF, 0xFF, 0xFF, 0xFF, 0xFF, 0xFF, 0xFF,
	0xFF, 0xFF, 0xFF, 0xFF, 0xFF, 0xFF, 0xFF, 0xFF, 0xFF, 0xFF, 0xFF, 0xFF,
	0xFF, 0xFF, 0xFF, 0xFF, 0xFF, 0xFF, 0xFF, 0xFF, 0xFF, 0xFF, 0xFF, 0xFF,
	0xFF, 0xFF, 0xFF, 0xFF, 0xFF, 0xFF, 0xFF, 0xFF, 0xFF, 0xFF, 0xFF, 0xFF,
	0xFF, 0xFF, 0xFF, 0xFF, 0xFF, 0xFF, 0xFF, 0xFF, 0xFF, 0xFF, 0xFF, 0xFF,
	0xFF, 0xFF, 0xFF, 0xFF, 0xFF, 0xFF, 0xFF, 0xFF, 0xFF, 0xFF, 0xFF, 0xFF,
	0xFF, 0xFF, 0xFF, 0xFF, 0xFF, 0xFF, 0xFF, 0xFF, 0xFF, 0xFF, 0xFF, 0xFF,
	0xFF, 0xFF, 0xFF, 0xFF, 0xFF, 0xFF, 0xFF, 0xFF, 0xFF, 0xFF, 0xFF, 0xFF,
	0xFF, 0xFF, 0xFF, 0xFF, 0xFF, 0xFF, 0xFF, 0xFF, 0xFF, 0xFF, 0xFF, 0xFF,
	0xFF, 0xFF, 0xFF, 0xFF, 0xFF, 0xFF, 0xFF, 0xFF, 0xFF, 0xFF, 0xFF, 0xFF,
	0xFF, 0xFF, 0xFF, 0xFF, 0xFF, 0xFF, 0xFF, 0xFF, 0xFF, 0xFF, 0xFF, 0xFF,
	0xFF, 0xFF, 0xFF, 0xFF, 0xFF, 0xFF, 0xFF, 0xFF, 0xFF, 0xFF, 0xFF, 0xFF,
	0xFF, 0xFF, 0xFF, 0xFF, 0xFF, 0xFF, 0xFF, 0xFF, 0xFF, 0xFF, 0xFF, 0xFF,
	0xFF, 0xFF, 0xFF, 0xFF, 0xFF, 0xFF, 0xFF, 0xFF, 0xFF, 0xFF, 0xFF, 0xFF,
	0xFF, 0xFF, 0xFF, 0xFF, 0xFF, 0xFF, 0xFF, 0xFF, 0xFF, 0xFF, 0xFF, 0xFF,
	0xFF, 0xFF, 0xFF, 0xFF, 0xFF, 0xFF, 0xFF, 0xFF, 0xFF, 0xFF, 0xFF, 0xFF,
	0xFF, 0xFF, 0xFF, 0xFF, 0xFF, 0xFF, 0xFF, 0xFF, 0xFF, 0xFF, 0xFF, 0xFF,
	0xFF, 0xFF, 0xFF, 0xFF, 0xFF, 0xFF, 0xFF, 0xFF, 0xFF, 0xFF, 0xFF, 0xFF,
	0xFF, 0xFF, 0xFF, 0xFF, 0xFF, 0xFF, 0xFF, 0xFF, 0xFF, 0xFF, 0xFF, 0xFF,
	0xFF, 0xFF, 0xFF, 0xFF, 0xFF, 0xFF, 0xFF, 0xFF, 0xFF, 0xFF, 0xFF, 0xFF,
	0xFF, 0xFF, 0xFF, 0xFF, 0xFF, 0xFF, 0xFF, 0xFF, 0xFF, 0xFF, 0xFF, 0xFF,
	0xFF, 0xFF, 0xFF, 0xFF, 0xFF, 0xFF, 0xFF, 0xFF, 0xFF, 0xFF, 0xFF, 0xFF,
	0xFF, 0xFF, 0xFF, 0xFF, 0xFF, 0xFF, 0xFF, 0xFF, 0xFF, 0xFF, 0xFF, 0xFF,
	0xFF, 0xFF, 0xFF, 0xFF, 0xFF, 0xFF, 0xFF, 0xFF, 0xFF, 0xFF, 0xFF, 0xFF,
	0xFF, 0xFF, 0xFF, 0xFF, 0xFF, 0xFF, 0xFF, 0xFF, 0xFF, 0xFF, 0xFF, 0xFF,
	0xFF, 0xFF, 0xFF, 0xFF, 0xFF, 0xFF, 0xFF, 0xFF, 0xFF, 0xFF, 0xFF, 0xFF,
	0xFF, 0xFF, 0xFF, 0xFF, 0xFF, 0xFF, 0xFF, 0xFF, 0xFF, 0xFF, 0xFF, 0xFF,
	0xFF, 0xFF, 0xFF, 0xFF, 0xFF, 0xFF, 0xFF, 0xFF, 0xFF, 0xFF, 0xFF, 0xFF,
	0xFF, 0xFF, 0xFF, 0xFF, 0xFF, 0xFF, 0xFF, 0xFF, 0xFF, 0xFF, 0xFF, 0xFF,
	0xFF, 0xFF, 0xFF, 0xFF, 0xFF, 0xFF, 0xFF, 0xFF, 0xFF, 0xFF, 0xFF, 0xFF,
	0xFF, 0xFF, 0xFF, 0xFF, 0xFF, 0xFF, 0xFF, 0xFF, 0xFF, 0xFF, 0xFF, 0xFF,
	0xFF, 0xFF, 0xFF, 0xFF, 0xFF, 0xFF, 0xFF, 0xFF, 0xFF, 0xFF, 0xFF, 0xFF,
	0xFF, 0xFF, 0xFF, 0xFF, 0xFF, 0xFF, 0xFF, 0xFF, 0xFF, 0xFF, 0xFF, 0xFF,
	0xFF, 0xFF, 0xFF, 0xFF, 0xFF, 0xFF, 0xFF, 0xFF, 0xFF, 0xFF, 0xFF, 0xFF,
	0xFF, 0xFF, 0xFF, 0xFF, 0xFF, 0xFF, 0xFF, 0xFF, 0xFF, 0xFF, 0xFF, 0xFF,
	0xFF, 0xFF, 0xFF, 0xFF, 0xFF, 0xFF, 0xFF, 0xFF, 0xFF, 0xFF, 0xFF, 0xFF,
	0xFF, 0xFF, 0xFF, 0xFF, 0xFF, 0xFF, 0xFF, 0xFF, 0xFF, 0xFF, 0xFF, 0xFF,
	0xFF, 0xFF, 0xFF, 0xFF, 0xFF, 0xFF, 0xFF, 0xFF, 0xFF, 0xFF, 0xFF, 0xFF,
	0xFF, 0xFF, 0xFF, 0xFF, 0xFF, 0xFF, 0xFF, 0xFF, 0xFF, 0xFF, 0xFF, 0xFF,
	0xFF, 0xFF, 0xFF, 0xFF, 0xFF, 0xFF, 0xFF, 0xFF, 0xFF, 0xFF, 0xFF, 0xFF,
	0xFF, 0xFF, 0xFF, 0xFF, 0xFF, 0xFF, 0xFF, 0xFF, 0xFF, 0xFF, 0xFF, 0xFF,
	0xFF, 0xFF, 0xFF, 0xFF, 0xFF, 0xFF, 0xFF, 0xFF, 0xFF, 0xFF, 0xFF, 0xFF,
	0xFF, 0xFF, 0xFF, 0xFF, 0xFF, 0xFF, 0xFF, 0xFF, 0xFF, 0xFF, 0xFF, 0xFF,
	0xFF, 0xFF, 0xFF, 0xFF, 0xFF, 0xFF, 0xFF, 0xFF, 0xFF, 0xFF, 0xFF, 0xFF,
	0xFF, 0xFF, 0xFF, 0xFF, 0xFF, 0xFF, 0xFF, 0xFF, 0xFF, 0xFF, 0xFF, 0xFF,
	0xFF, 0xFF, 0xFF, 0xFF, 0xFF, 0xFF, 0xFF, 0xFF, 0xFF, 0xFF, 0xFF, 0xFF,
	0xFF, 0xFF, 0xFF, 0xFF, 0xFF, 0xFF, 0xFF, 0xFF, 0xFF, 0xFF, 0xFF, 0xFF,
	0xFF, 0xFF, 0xFF, 0xFF, 0xFF, 0xFF, 0xFF, 0xFF, 0xFF, 0xFF, 0xFF, 0xFF,
	0xFF, 0xFF, 0xFF, 0xFF, 0xFF, 0xFF, 0xFF, 0xFF, 0xFF, 0xFF, 0xFF, 0xFF,
	0xFF, 0xFF, 0xFF, 0xFF, 0xFF, 0xFF, 0xFF, 0xFF, 0xFF, 0xFF, 0xFF, 0xFF,
	0xFF, 0xFF, 0xFF, 0xFF, 0xFF, 0xFF, 0xFF, 0xFF, 0xFF, 0xFF, 0xFF, 0xFF,
	0xFF, 0xFF, 0xFF, 0xFF, 0xFF, 0xFF, 0xFF, 0xFF, 0xFF, 0xFF, 0xFF, 0xFF,
	0xFF, 0xFF, 0xFF, 0xFF, 0xFF, 0xFF, 0xFF, 0xFF, 0xFF, 0xFF, 0xFF, 0xFF,
	0xFF, 0xFF, 0xFF, 0xFF, 0xFF, 0xFF, 0xFF, 0xFF, 0xFF, 0xFF, 0xFF, 0xFF,
	0xFF, 0xFF, 0xFF, 0xFF, 0xFF, 0xFF, 0xFF, 0xFF, 0xFF, 0xFF, 0xFF, 0xFF,
	0xFF, 0xFF, 0xFF, 0xFF, 0xFF, 0xFF, 0xFF, 0xFF, 0xFF, 0xFF, 0xFF, 0xFF,
	0xFF, 0xFF, 0xFF, 0xFF, 0xFF, 0xFF, 0xFF, 0xFF, 0xFF, 0xFF, 0xFF, 0xFF,
	0xFF, 0xFF, 0xFF, 0xFF, 0xFF, 0xFF, 0xFF, 0xFF, 0xFF, 0xFF, 0xFF, 0xFF,
	0xFF, 0xFF, 0xFF, 0xFF, 0xFF, 0xFF, 0xFF, 0xFF, 0xFF, 0xFF, 0xFF, 0xFF,
	0xFF, 0xFF, 0xFF, 0xFF, 0xFF, 0xFF, 0xFF, 0xFF, 0xFF, 0xFF, 0xFF, 0xFF,
	0xFF, 0xFF, 0xFF, 0xFF, 0xFF, 0xFF, 0xFF, 0xFF, 0xFF, 0xFF, 0xFF, 0xFF,
	0xFF, 0xFF, 0xFF, 0xFF, 0xFF, 0xFF, 0xFF, 0xFF, 0xFF, 0xFF, 0xFF, 0xFF,
	0xFF, 0xFF, 0xFF, 0xFF, 0xFF, 0xFF, 0xFF, 0xFF, 0xFF, 0xFF, 0xFF, 0xFF,
	0xFF, 0xFF, 0xFF, 0xFF, 0xFF, 0xFF, 0xFF, 0xFF, 0xFF, 0xFF, 0xFF, 0xFF,
	0xFF, 0xFF, 0xFF, 0xFF, 0xFF, 0xFF, 0xFF, 0xFF, 0xFF, 0xFF, 0xFF, 0xFF,
	0xFF, 0xFF, 0xFF, 0xFF, 0xFF, 0xFF, 0xFF, 0xFF, 0xFF, 0xFF, 0xFF, 0xFF,
	0xFF, 0xFF, 0xFF, 0xFF, 0xFF, 0xFF, 0xFF, 0xFF, 0xFF, 0xFF, 0xFF, 0xFF,
	0xFF, 0xFF, 0xFF, 0xFF, 0xFF, 0xFF, 0xFF, 0xFF, 0xFF, 0xFF, 0xFF, 0xFF,
	0xFF, 0xFF, 0xFF, 0xFF, 0xFF, 0xFF, 0xFF, 0xFF, 0xFF, 0xFF, 0xFF, 0xFF,
	0xFF, 0xFF, 0xFF, 0xFF, 0xFF, 0xFF, 0xFF, 0xFF, 0xFF, 0xFF, 0xFF, 0xFF,
	0xFF, 0xFF, 0xFF, 0xFF, 0xFF, 0xFF, 0xFF, 0xFF, 0xFF, 0xFF, 0xFF, 0xFF,
	0xFF, 0xFF, 0xFF, 0xFF, 0xFF, 0xFF, 0xFF, 0xFF, 0xFF, 0xFF, 0xFF, 0xFF,
	0xFF, 0xFF, 0xFF, 0xFF, 0xFF, 0xFF, 0xFF, 0xFF, 0xFF, 0xFF, 0xFF, 0xFF,
	0xFF, 0xFF, 0xFF, 0xFF, 0xFF, 0xFF, 0xFF, 0xFF, 0xFF, 0xFF, 0xFF, 0xFF,
	0xFF, 0xFF, 0xFF, 0xFF, 0xFF, 0xFF, 0xFF, 0xFF, 0xFF, 0xFF, 0xFF, 0xFF,
	0xFF, 0xFF, 0xFF, 0xFF, 0xFF, 0xFF, 0xFF, 0xFF, 0xFF, 0xFF, 0xFF, 0xFF,
	0xFF, 0xFF, 0xFF, 0xFF, 0xFF, 0xFF, 0xFF, 0xFF, 0xFF, 0xFF, 0xFF, 0xFF,
	0xFF, 0xFF, 0xFF, 0xFF, 0xFF, 0xFF, 0xFF, 0xFF, 0xFF, 0xFF, 0xFF, 0xFF,
	0xFF, 0xFF, 0xFF, 0xFF, 0xFF, 0xFF, 0xFF, 0xFF, 0xFF, 0xFF, 0xFF, 0xFF,
	0xFF, 0xFF, 0xFF, 0xFF, 0xFF, 0xFF, 0xFF, 0xFF, 0xFF, 0xFF, 0xFF, 0xFF,
	0xFF, 0xFF, 0xFF, 0xFF, 0xFF, 0xFF, 0xFF, 0xFF, 0xFF, 0xFF, 0xFF, 0xFF,
	0xFF, 0xFF, 0xFF, 0xFF, 0xFF, 0xFF, 0xFF, 0xFF, 0xFF, 0xFF, 0xFF, 0xFF,
	0xFF, 0xFF, 0xFF, 0xFF, 0xFF, 0xFF, 0xFF, 0xFF, 0xFF, 0xFF, 0xFF, 0xFF,
	0xFF, 0xFF, 0xFF, 0xFF, 0xFF, 0xFF, 0xFF, 0xFF, 0xFF, 0xFF, 0xFF, 0xFF,
	0xFF, 0xFF, 0xFF, 0xFF, 0xFF, 0xFF, 0xFF, 0xFF, 0xFF, 0xFF, 0xFF, 0xFF,
	0xFF, 0xFF, 0xFF, 0xFF, 0xFF, 0xFF, 0xFF, 0xFF, 0xFF, 0xFF, 0xFF, 0xFF,
	0xFF, 0xFF, 0xFF, 0xFF, 0xFF, 0xFF, 0xFF, 0xFF, 0xFF, 0xFF, 0xFF, 0xFF,
	0xFF, 0xFF, 0xFF, 0xFF, 0xFF, 0xFF, 0xFF, 0xFF, 0xFF, 0xFF, 0xFF, 0xFF,
	0xFF, 0xFF, 0xFF, 0xFF, 0xFF, 0xFF, 0xFF, 0xFF, 0xFF, 0xFF, 0xFF, 0xFF,
	0xFF, 0xFF, 0xFF, 0xFF, 0xFF, 0xFF, 0xFF, 0xFF, 0xFF, 0xFF, 0xFF, 0xFF,
	0xFF, 0xFF, 0xFF, 0xFF, 0xFF, 0xFF, 0xFF, 0xFF, 0xFF, 0xFF, 0xFF, 0xFF,
	0xFF, 0xFF, 0xFF, 0xFF, 0xFF, 0xFF, 0xFF, 0xFF, 0xFF, 0xFF, 0xFF, 0xFF,
	0xFF, 0xFF, 0xFF, 0xFF, 0xFF, 0xFF, 0xFF, 0xFF, 0xFF, 0xFF, 0xFF, 0xFF,
	0xFF, 0xFF, 0xFF, 0xFF, 0xFF, 0xFF, 0xFF, 0xFF, 0xFF, 0xFF, 0xFF, 0xFF,
	0xFF, 0xFF, 0xFF, 0xFF, 0xFF, 0xFF, 0xFF, 0xFF, 0xFF, 0xFF, 0xFF, 0xFF,
	0xFF, 0xFF, 0xFF, 0xFF, 0xFF, 0xFF, 0xFF, 0xFF, 0xFF, 0xFF, 0xFF, 0xFF,
	0xFF, 0xFF, 0xFF, 0xFF, 0xFF, 0xFF, 0xFF, 0xFF, 0xFF, 0xFF, 0xFF, 0xFF,
	0xFF, 0xFF, 0xFF, 0xFF, 0xFF, 0xFF, 0xFF, 0xFF, 0xFF, 0xFF, 0xFF, 0xFF,
	0xFF, 0xFF, 0xFF, 0xFF, 0xFF, 0xFF, 0xFF, 0xFF, 0xFF, 0xFF, 0xFF, 0xFF,
	0xFF, 0xFF, 0xFF, 0xFF, 0xFF, 0xFF, 0xFF, 0xFF, 0xFF, 0xFF, 0xFF, 0xFF,
	0xFF, 0xFF, 0xFF, 0xFF, 0xFF, 0xFF, 0xFF, 0xFF, 0xFF, 0xFF, 0xFF, 0xFF,
	0xFF, 0xFF, 0xFF, 0xFF, 0xFF, 0xFF, 0xFF, 0xFF, 0xFF, 0xFF, 0xFF, 0xFF,
	0xFF, 0xFF, 0xFF, 0xFF, 0xFF, 0xFF, 0xFF, 0xFF, 0xFF, 0xFF, 0xFF, 0xFF,
	0xFF, 0xFF, 0xFF, 0xFF, 0xFF, 0xFF, 0xFF, 0xFF, 0xFF, 0xFF, 0xFF, 0xFF,
	0xFF, 0xFF, 0xFF, 0xFF, 0xFF, 0xFF, 0xFF, 0xFF, 0xFF, 0xFF, 0xFF, 0xFF,
	0xFF, 0xFF, 0xFF, 0xFF, 0xFF, 0xFF, 0xFF, 0xFF, 0xFF, 0xFF, 0xFF, 0xFF,
	0xFF, 0xFF, 0xFF, 0xFF, 0xFF, 0xFF, 0xFF, 0xFF, 0xFF, 0xFF, 0xFF, 0xFF,
	0xFF, 0xFF, 0xFF, 0xFF, 0xFF, 0xFF, 0xFF, 0xFF, 0xFF, 0xFF, 0xFF, 0xFF,
	0xFF, 0xFF, 0xFF, 0xFF, 0xFF, 0xFF, 0xFF, 0xFF, 0xFF, 0xFF, 0xFF, 0xFF,
	0xFF, 0xFF, 0xFF, 0xFF, 0xFF, 0xFF, 0xFF, 0xFF, 0xFF, 0xFF, 0xFF, 0xFF,
	0xFF, 0xFF, 0xFF, 0xFF, 0xFF, 0xFF, 0xFF, 0xFF, 0xFF, 0xFF, 0xFF, 0xFF,
	0xFF, 0xFF, 0xFF, 0xFF, 0xFF, 0xFF, 0xFF, 0xFF, 0xFF, 0xFF, 0xFF, 0xFF,
	0xFF, 0xFF, 0xFF, 0xFF, 0xFF, 0xFF, 0xFF, 0xFF, 0xFF, 0xFF, 0xFF, 0xFF,
	0xFF, 0xFF, 0xFF, 0xFF, 0xFF, 0xFF, 0xFF, 0xFF, 0xFF, 0xFF, 0xFF, 0xFF,
	0xFF, 0xFF, 0xFF, 0xFF, 0xFF, 0xFF, 0xFF, 0xFF, 0xFF, 0xFF, 0xFF, 0xFF,
	0xFF, 0xFF, 0xFF, 0xFF, 0xFF, 0xFF, 0xFF, 0xFF, 0xFF, 0xFF, 0xFF, 0xFF,
	0xFF, 0xFF, 0xFF, 0xFF, 0xFF, 0xFF, 0xFF, 0xFF, 0xFF, 0xFF, 0xFF, 0xFF,
	0xFF, 0xFF, 0xFF, 0xFF, 0xFF, 0xFF, 0xFF, 0xFF, 0xFF, 0xFF, 0xFF, 0xFF,
	0xFF, 0xFF, 0xFF, 0xFF, 0xFF, 0xFF, 0xFF, 0xFF, 0xFF, 0xFF, 0xFF, 0xFF,
	0xFF, 0xFF, 0xFF, 0xFF, 0xFF, 0xFF, 0xFF, 0xFF, 0xFF, 0xFF, 0xFF, 0xFF,
	0xFF, 0xFF, 0xFF, 0xFF, 0xFF, 0xFF, 0xFF, 0xFF, 0xFF, 0xFF, 0xFF, 0xFF,
	0xFF, 0xFF, 0xFF, 0xFF, 0xFF, 0xFF, 0xFF, 0xFF, 0xFF, 0xFF, 0xFF, 0xFF,
	0xFF, 0xFF, 0xFF, 0xFF, 0xFF, 0xFF, 0xFF, 0xFF, 0xFF, 0xFF, 0xFF, 0xFF,
	0xFF, 0xFF, 0xFF, 0xFF, 0xFF, 0xFF, 0xFF, 0xFF, 0xFF, 0xFF, 0xFF, 0xFF,
	0xFF, 0xFF, 0xFF, 0xFF, 0xFF, 0xFF, 0xFF, 0xFF, 0xFF, 0xFF, 0xFF, 0xFF,
	0xFF, 0xFF, 0xFF, 0xFF, 0xFF, 0xFF, 0xFF, 0xFF, 0xFF, 0xFF, 0xFF, 0xFF,
	0xFF, 0xFF, 0xFF, 0xFF, 0xFF, 0xFF, 0xFF, 0xFF, 0xFF, 0xFF, 0xFF, 0xFF,
	0xFF, 0xFF, 0xFF, 0xFF, 0xFF, 0xFF, 0xFF, 0xFF, 0xFF, 0xFF, 0xFF, 0xFF,
	0xFF, 0xFF, 0xFF, 0xFF, 0xFF, 0xFF, 0xFF, 0xFF, 0xFF, 0xFF, 0xFF, 0xFF,
	0xFF, 0xFF, 0xFF, 0xFF, 0xFF, 0xFF, 0xFF, 0xFF, 0xFF, 0xFF, 0xFF, 0xFF,
	0xFF, 0xFF, 0xFF, 0xFF, 0xFF, 0xFF, 0xFF, 0xFF, 0xFF, 0xFF, 0xFF, 0xFF,
	0xFF, 0xFF, 0xFF, 0xFF, 0xFF, 0xFF, 0xFF, 0xFF, 0xFF, 0xFF, 0xFF, 0xFF,
	0xFF, 0xFF, 0xFF, 0xFF, 0xFF, 0xFF, 0xFF, 0xFF, 0xFF, 0xFF, 0xFF, 0xFF,
	0xFF, 0xFF, 0xFF, 0xFF, 0xFF, 0xFF, 0xFF, 0xFF, 0xFF, 0xFF, 0xFF, 0xFF,
	0xFF, 0xFF, 0xFF, 0xFF, 0xFF, 0xFF, 0xFF, 0xFF, 0xFF, 0xFF, 0xFF, 0xFF,
	0xFF, 0xFF, 0xFF, 0xFF, 0xFF, 0xFF, 0xFF, 0xFF, 0xFF, 0xFF, 0xFF, 0xFF,
	0xFF, 0xFF, 0xFF, 0xFF, 0xFF, 0xFF, 0xFF, 0xFF, 0xFF, 0xFF, 0xFF, 0xFF,
	0xFF, 0xFF, 0xFF, 0xFF, 0xFF, 0xFF, 0xFF, 0xFF, 0xFF, 0xFF, 0xFF, 0xFF,
	0xFF, 0xFF, 0xFF, 0xFF, 0xFF, 0xFF, 0xFF, 0xFF, 0xFF, 0xFF, 0xFF, 0xFF,
	0xFF, 0xFF, 0xFF, 0xFF, 0xFF, 0xFF, 0xFF, 0xFF, 0xFF, 0xFF, 0xFF, 0xFF,
	0xFF, 0xFF, 0xFF, 0xFF, 0xFF, 0xFF, 0xFF, 0xFF, 0xFF, 0xFF, 0xFF, 0xFF,
	0xFF, 0xFF, 0xFF, 0xFF, 0xFF, 0xFF, 0xFF, 0xFF, 0xFF, 0xFF, 0xFF, 0xFF,
	0xFF, 0xFF, 0xFF, 0xFF, 0xFF, 0xFF, 0xFF, 0xFF, 0xFF, 0xFF, 0xFF, 0xFF,
	0xFF, 0xFF, 0xFF, 0xFF, 0xFF, 0xFF, 0xFF, 0xFF, 0xFF, 0xFF, 0xFF, 0xFF,
	0xFF, 0xFF, 0xFF, 0xFF, 0xFF, 0xFF, 0xFF, 0xFF, 0xFF, 0xFF, 0xFF, 0xFF,
	0xFF, 0xFF, 0xFF, 0xFF, 0xFF, 0xFF, 0xFF, 0xFF, 0xFF, 0xFF, 0xFF, 0xFF,
	0xFF, 0xFF, 0xFF, 0xFF, 0xFF, 0xFF, 0xFF, 0xFF, 0xFF, 0xFF, 0xFF, 0xFF,
	0xFF, 0xFF, 0xFF, 0xFF, 0xFF, 0xFF, 0xFF, 0xFF, 0xFF, 0xFF, 0xFF, 0xFF,
	0xFF, 0xFF, 0xFF, 0xFF, 0xFF, 0xFF, 0xFF, 0xFF, 0xFF, 0xFF, 0xFF, 0xFF,
	0xFF, 0xFF, 0xFF, 0xFF, 0xFF, 0xFF, 0xFF, 0xFF, 0xFF, 0xFF, 0xFF, 0xFF,
	0xFF, 0xFF, 0xFF, 0xFF, 0xFF, 0xFF, 0xFF, 0xFF, 0xFF, 0xFF, 0xFF, 0xFF,
	0xFF, 0xFF, 0xFF, 0xFF, 0xFF, 0xFF, 0xFF, 0xFF, 0xFF, 0xFF, 0xFF, 0xFF,
	0xFF, 0xFF, 0xFF, 0xFF, 0xFF, 0xFF, 0xFF, 0xFF, 0xFF, 0xFF, 0xFF, 0xFF,
	0xFF, 0xFF, 0xFF, 0xFF, 0xFF, 0xFF, 0xFF, 0xFF, 0xFF, 0xFF, 0xFF, 0xFF,
	0xFF, 0xFF, 0xFF, 0xFF, 0xFF, 0xFF, 0xFF, 0xFF, 0xFF, 0xFF, 0xFF, 0xFF,
	0xFF, 0xFF, 0xFF, 0xFF, 0xFF, 0xFF, 0xFF, 0xFF, 0xFF, 0xFF, 0xFF, 0xFF,
	0xFF, 0xFF, 0xFF, 0xFF, 0xFF, 0xFF, 0xFF, 0xFF, 0xFF, 0xFF, 0xFF, 0xFF,
	0xFF, 0xFF, 0xFF, 0xFF, 0xFF, 0xFF, 0xFF, 0xFF, 0xFF, 0xFF, 0xFF, 0xFF,
	0xFF, 0xFF, 0xFF, 0xFF, 0xFF, 0xFF, 0xFF, 0xFF, 0xFF, 0xFF, 0xFF, 0xFF,
	0xFF, 0xFF, 0xFF, 0xFF, 0xFF, 0xFF, 0xFF, 0xFF, 0xFF, 0xFF, 0xFF, 0xFF,
	0xFF, 0xFF, 0xFF, 0xFF, 0xFF, 0xFF, 0xFF, 0xFF, 0xFF, 0xFF, 0xFF, 0xFF,
	0xFF, 0xFF, 0xFF, 0xFF, 0xFF, 0xFF, 0xFF, 0xFF, 0xFF, 0xFF, 0xFF, 0xFF,
	0xFF, 0xFF, 0xFF, 0xFF, 0xFF, 0xFF, 0xFF, 0xFF, 0xFF, 0xFF, 0xFF, 0xFF,
	0xFF, 0xFF, 0xFF, 0xFF, 0xFF, 0xFF, 0xFF, 0xFF, 0xFF, 0xFF, 0xFF, 0xFF,
	0xFF, 0xFF, 0xFF, 0xFF, 0xFF, 0xFF, 0xFF, 0xFF, 0xFF, 0xFF, 0xFF, 0xFF,
	0xFF, 0xFF, 0xFF, 0xFF, 0xFF, 0xFF, 0xFF, 0xFF, 0xFF, 0xFF, 0xFF, 0xFF,
	0xFF, 0xFF, 0xFF, 0xFF, 0xFF, 0xFF, 0xFF, 0xFF, 0xFF, 0xFF, 0xFF, 0xFF,
	0xFF, 0xFF, 0xFF, 0xFF, 0xFF, 0xFF, 0xFF, 0xFF, 0xFF, 0xFF, 0xFF, 0xFF,
	0xFF, 0xFF, 0xFF, 0xFF, 0xFF, 0xFF, 0xFF, 0xFF, 0xFF, 0xFF, 0xFF, 0xFF,
	0xFF, 0xFF, 0xFF, 0xFF, 0xFF, 0xFF, 0xFF, 0xFF, 0xFF, 0xFF, 0xFF, 0xFF,
	0xFF, 0xFF, 0xFF, 0xFF, 0xFF, 0xFF, 0xFF, 0xFF, 0xFF, 0xFF, 0xFF, 0xFF,
	0xFF, 0xFF, 0xFF, 0xFF, 0xFF, 0xFF, 0xFF, 0xFF, 0xFF, 0xFF, 0xFF, 0xFF,
	0xFF, 0xFF, 0xFF, 0xFF, 0xFF, 0xFF, 0xFF, 0xFF, 0xFF, 0xFF, 0xFF, 0xFF,
	0xFF, 0xFF, 0xFF, 0xFF, 0xFF, 0xFF, 0xFF, 0xFF, 0xFF, 0xFF, 0xFF, 0xFF,
	0xFF, 0xFF, 0xFF, 0xFF, 0xFF, 0xFF, 0xFF, 0xFF, 0xFF, 0xFF, 0xFF, 0xFF,
	0xFF, 0xFF, 0xFF, 0xFF, 0xFF, 0xFF, 0xFF, 0xFF, 0xFF, 0xFF, 0xFF, 0xFF,
	0xFF, 0xFF, 0xFF, 0xFF, 0xFF, 0xFF, 0xFF, 0xFF, 0xFF, 0xFF, 0xFF, 0xFF,
	0xFF, 0xFF, 0xFF, 0xFF, 0xFF, 0xFF, 0xFF, 0xFF, 0xFF, 0xFF, 0xFF, 0xFF,
	0xFF, 0xFF, 0xFF, 0xFF, 0xFF, 0xFF, 0xFF, 0xFF, 0xFF, 0xFF, 0xFF, 0xFF,
	0xFF, 0xFF, 0xFF, 0xFF, 0xFF, 0xFF, 0xFF, 0xFF, 0xFF, 0xFF, 0xFF, 0xFF,
	0xFF, 0xFF, 0xFF, 0xFF, 0xFF, 0xFF, 0xFF, 0xFF, 0xFF, 0xFF, 0xFF, 0xFF,
	0xFF, 0xFF, 0xFF, 0xFF, 0xFF, 0xFF, 0xFF, 0xFF, 0xFF, 0xFF, 0xFF, 0xFF,
	0xFF, 0xFF, 0xFF, 0xFF, 0xFF, 0xFF, 0xFF, 0xFF, 0xFF, 0xFF, 0xFF, 0xFF,
	0xFF, 0xFF, 0xFF, 0xFF, 0xFF, 0xFF, 0xFF, 0xFF, 0xFF, 0xFF, 0xFF, 0xFF,
	0xFF, 0xFF, 0xFF, 0xFF, 0xFF, 0xFF, 0xFF, 0xFF, 0xFF, 0xFF, 0xFF, 0xFF,
	0xFF, 0xFF, 0xFF, 0xFF, 0xFF, 0xFF, 0xFF, 0xFF, 0xFF, 0xFF, 0xFF, 0xFF,
	0xFF, 0xFF, 0xFF, 0xFF, 0xFF, 0xFF, 0xFF, 0xFF, 0xFF, 0xFF, 0xFF, 0xFF,
	0xFF, 0xFF, 0xFF, 0xFF, 0xFF, 0xFF, 0xFF, 0xFF, 0xFF, 0xFF, 0xFF, 0xFF,
	0xFF, 0xFF, 0xFF, 0xFF, 0xFF, 0xFF, 0xFF, 0xFF, 0xFF, 0xFF, 0xFF, 0xFF,
	0xFF, 0xFF, 0xFF, 0xFF, 0xFF, 0xFF, 0xFF, 0xFF, 0xFF, 0xFF, 0xFF, 0xFF,
	0xFF, 0xFF, 0xFF, 0xFF, 0xFF, 0xFF, 0xFF, 0xFF, 0xFF, 0xFF, 0xFF, 0xFF,
	0xFF, 0xFF, 0xFF, 0xFF, 0xFF, 0xFF, 0xFF, 0xFF, 0xFF, 0xFF, 0xFF, 0xFF,
	0xFF, 0xFF, 0xFF, 0xFF, 0xFF, 0xFF, 0xFF, 0xFF, 0xFF, 0xFF, 0xFF, 0xFF,
	0xFF, 0xFF, 0xFF, 0xFF, 0xFF, 0xFF, 0xFF, 0xFF, 0xFF, 0xFF, 0xFF, 0xFF,
	0xFF, 0xFF, 0xFF, 0xFF, 0xFF, 0xFF, 0xFF, 0xFF, 0xFF, 0xFF, 0xFF, 0xFF,
	0xFF, 0xFF, 0xFF, 0xFF, 0xFF, 0xFF, 0xFF, 0xFF, 0xFF, 0xFF, 0xFF, 0xFF,
	0xFF, 0xFF, 0xFF, 0xFF, 0xFF, 0xFF, 0xFF, 0xFF, 0xFF, 0xFF, 0xFF, 0xFF,
	0xFF, 0xFF, 0xFF, 0xFF, 0xFF, 0xFF, 0xFF, 0xFF, 0xFF, 0xFF, 0xFF, 0xFF,
	0xFF, 0xFF, 0xFF, 0xFF, 0xFF, 0xFF, 0xFF, 0xFF, 0xFF, 0xFF, 0xFF, 0xFF,
	0xFF, 0xFF, 0xFF, 0xFF, 0xFF, 0xFF, 0xFF, 0xFF, 0xFF, 0xFF, 0xFF, 0xFF,
	0xFF, 0xFF, 0xFF, 0xFF, 0xFF, 0xFF, 0xFF, 0xFF, 0xFF, 0xFF, 0xFF, 0xFF,
	0xFF, 0xFF, 0xFF, 0xFF, 0xFF, 0xFF, 0xFF, 0xFF, 0xFF, 0xFF, 0xFF, 0xFF,
	0xFF, 0xFF, 0xFF, 0xFF, 0xFF, 0xFF, 0xFF, 0xFF, 0xFF, 0xFF, 0xFF, 0xFF,
	0xFF, 0xFF, 0xFF, 0xFF, 0xFF, 0xFF, 0xFF, 0xFF, 0xFF, 0xFF, 0xFF, 0xFF,
	0xFF, 0xFF, 0xFF, 0xFF, 0xFF, 0xFF, 0xFF, 0xFF, 0xFF, 0xFF, 0xFF, 0xFF,
	0xFF, 0xFF, 0xFF, 0xFF, 0xFF, 0xFF, 0xFF, 0xFF, 0xFF, 0xFF, 0xFF, 0xFF,
	0xFF, 0xFF, 0xFF, 0xFF, 0xFF, 0xFF, 0xFF, 0xFF, 0xFF, 0xFF, 0xFF, 0xFF,
	0xFF, 0xFF, 0xFF, 0xFF, 0xFF, 0xFF, 0xFF, 0xFF, 0xFF, 0xFF, 0xFF, 0xFF,
	0xFF, 0xFF, 0xFF, 0xFF, 0xFF, 0xFF, 0xFF, 0xFF, 0xFF, 0xFF, 0xFF, 0xFF,
	0xFF, 0xFF, 0xFF, 0xFF, 0xFF, 0xFF, 0xFF, 0xFF, 0xFF, 0xFF, 0xFF, 0xFF,
	0xFF, 0xFF, 0xFF, 0xFF, 0xFF, 0xFF, 0xFF, 0xFF, 0xFF, 0xFF, 0xFF, 0xFF,
	0xFF, 0xFF, 0xFF, 0xFF, 0xFF, 0xFF, 0xB6, 0xF5, 0xFF, 0xFF, 0xFF, 0xFF,
	0xFF, 0xFF, 0xFF, 0xFF, 0xFF, 0xFF, 0xFF, 0xFF, 0xFF, 0xFF, 0xFF, 0xFF,
	0xFF, 0xFF, 0xFF, 0xFF, 0xFF, 0xFF, 0xFF, 0xFF, 0xFF, 0xFF, 0xFF, 0xFF,
	0xFF, 0xFF, 0xFF, 0xFF, 0xFF, 0xFF, 0x80, 0x00
};
#endif
